corp_code,fy,기업명,군,rcept_no,doc_type,kam_seq,kam_title,reason_text,procedure_text,title_source
00130772,2019,(주)SBS,콘텐츠,20200330002425,연결,1,특수관계자 거래의 발생사실과 표시,"2019 회계연도 중 연결회사의 특수관계자와의 영업수익 및 영업비용은 각각 91,398백만원과 65,211백만원입니다. 이는 연결회사 전체 영업수익 및 영업비용의 약 11%와 8%를 차지하고 있습니다. 우리는 특수관계자와의 유의적인 거래가 재무제표에 미치는 영향에 대하여 관심을 기울였습니다. 따라서 특수관계자와의 거래에 대한 발생사실과 재무제표 표시를 핵심감사사항으로 판단하였습니다. 관련 내용은 연결재무제표주석 30에 표시되어 있습니다.","상기에 언급된 특수관계자로부터의 매출거래와 매입거래의 발생사실 및 재무제표 표시와 관련하여 우리가 수행한 주요 감사절차는 다음을 포함합니다. ㆍ 특수관계자로부터의 매출 및 매입거래와 관련하여 경영진이 수행하는 통제활동에 대하여 이해 및 평가를 수행 ㆍ 특수관계자 수익(실재성) 및 비용(완전성)의 확인을 위해 표본추출방법을 이용하 여 계약서, 세금계산서, 정산서, 입출금증 등의 관련 문서와 대사 수행 ㆍ 특수관계자 거래가 회계처리기준에 따라 적합하게 공시되었는지 검토",subhead
00130772,2020,(주)SBS,콘텐츠,20210318000400,연결,1,현금창출단위 손상 평가,"핵심감사사항은 우리의 전문가적 판단에 따라 당기 연결재무제표감사에서 가장 유의적인 사항들입니다. 해당 사항들은 연결재무제표 전체에 대한 감사의 관점에서 우리의 의견형성 시 다루어졌으며, 우리는 이런 사항에 대하여 별도의 의견을 제공하지는않습니다. (핵심감사사항) 현금창출단위 손상 평가 현금창출단위 손상 평가시 회수가능액은 사용가치를 기초로 결정하며, 사용가치는 자산의 계속적인 사용으로부터 기대되는 미래현금흐름을 할인하여 결정합니다. 현금창출단위에 대하여 결정된 사용가치는 현금흐름할인모형에서 사용된 할인율과 영구성장률과 같은 중요 가정에 많은 영향을 받습니다. 또한 손상평가 과정에서는, 해당 회사의 사업계획 등 경영진의 높은 주관성이 수반되는 것으로 판단됩니다. 따라서 우리는 현금창출단위의 손상 평가시 경영진의 중요한 가정과 추정이 개입되어 회수가능액 측정에 오류가능성이 있는 바, 이를 핵심감사사항으로 결정하였습니다. 현금창출단위 손상 평가와 관련하여 ",우리가 수행한 주요 감사절차는 다음과 같습니다. ㆍ 현금창출단위 손상검토 과정과 관련된 내부통제에 대한 이해 및 평가 ㆍ 경영진(경영진측 전문가 포함)이 현금창출단위 손상차손 검토 시 적용한 방법론의 적합성 및 현금창출단위 결정에 적용된 판단 평가 ㆍ 과거 사업계획 대비 실적검토 등 향후 사업계획의 타당성 점검 ㆍ 감사인측 내부전문가를 활용하여 경영진이 사용한 가정 및 평가방법론 등 적정성 평가 ㆍ 현금창출단위 손상 발생 시 회계처리기준에 따른 손상배부 및 회계처리 점검,paren
00130772,2021,(주)SBS,콘텐츠,20220317001064,연결,1,현금창출단위 손상(환입) 평가,"핵심감사사항은 우리의 전문가적 판단에 따라 당기 연결재무제표감사에서 가장 유의적인 사항들입니다. 해당 사항들은 연결재무제표 전체에 대한 감사의 관점에서 우리의 의견형성 시 다루어졌으며, 우리는 이런 사항에 대하여 별도의 의견을 제공하지는않습니다. (핵심감사사항) 현금창출단위 손상(환입) 평가 현금창출단위 손상(환입) 평가시 회수가능액은 사용가치를 기초로 결정하며, 사용가치는 자산의 계속적인 사용으로부터 기대되는 미래현금흐름을 할인하여 결정합니다.현금창출단위에 대하여 결정된 사용가치는 현금흐름할인모형에서 사용된 할인율과 영구성장률과 같은 중요 가정에 많은 영향을 받습니다. 또한 손상(환입) 평가 과정에서는, 해당 회사의 사업계획 등 경영진의 높은 주관성이 수반되는 것으로 판단됩니다. 따라서 우리는 현금창출단위의 손상(환입) 평가시 경영진의 중요한 가정과 추정이 개입되어 회수가능액 측정에 오류가능성이 있는 바, 이를 핵심감사사항으로 결정하였습니다. 현금창출단위 손상(환입) 평가와 관련하여 ",우리가 수행한 주요 감사절차는 다음과 같습니다. ㆍ 현금창출단위 손상(환입) 검토 과정과 관련된 내부통제에 대한 이해 및 평가 ㆍ 경영진(경영진측 전문가 포함)이 현금창출단위 손상차손(환입) 검토 시 적용한 방법론의 적합성 및 현금창출단위 결정에 적용된 판단 평가 ㆍ 과거 사업계획 대비 실적검토 등 향후 사업계획의 타당성 점검 ㆍ 감사인측 내부전문가를 활용하여 경영진이 사용한 가정 및 평가방법론 등 적정성 평가 ㆍ 현금창출단위 손상차손(환입) 발생 시 회계처리기준에 따른 손상차손(환입) 배부 및 회계처리 점검,paren
00130772,2023,(주)SBS,콘텐츠,20240321001674,연결,1,지배기업 현금창출단위 손상(환입) 평가,"핵심감사사항은 우리의 전문가적 판단에 따라 당기 연결재무제표감사에서 가장 유의 적인 사항들입니다. 해당 사항들은 연결재무제표 전체에 대한 감사의 관점에서 우리의 의견형성 시 다루어졌으며, 우리는 이런 사항에 대하여 별도의 의견을 제공하지는않습니다. 지배기업 현금창출단위 손상(환입) 평가 연결재무제표에 대한 주석 2에서 기술하고 있는 바와 같이, 현금창출단위 손상(환입)평가시 회수가능액은 본질적으로 유의적인 판단이 요구되는 미래의 현금흐름 예측과현재가치할인결과에 기반합니다. 현금창출단위 손상(환입) 회수가능액 평가시 사용되는 가치평가기법 및 적용가정에 경영진의 유의적인 판단과 이에 따른 추정의 불확실성이 존재하며 이에 따라 회수가능액 추정치가 달라질 수 있습니다. 따라서 우리는현금창출단위 손상(환입) 평가를 핵심감사사항으로 선정하였습니다. 이와 관련하여 ",우리가 수행한 주요 감사절차는 다음과 같습니다. - 현금창출단위 손상(환입) 검토 과정과 관련된 내부통제에 대하여 이해하고 설계와 운영의 효과성을 평가 - 현금창출단위의 사용가치 평가를 위해 회사가 고용한 외부전문가의 독립성 및 적격성 평가 - 미래현금흐름 추정과 경영진이 승인한 사업계획 대사 - 감사인측 내부전문가를 활용하여 경영진이 사용한 가정(할인율 및 영구성장율 등) 및 평가방법론 평가 - 손상평가와 관련된 사항에 대한 공시사항의 완전성 검토,lookback
00130772,2024,(주)SBS,콘텐츠,20250320001108,연결,1,지배기업 현금창출단위 손상(환입) 평가,"핵심감사사항은 우리의 전문가적 판단에 따라 당기 연결재무제표감사에서 가장 유의 적인 사항들입니다. 해당 사항들은 연결재무제표 전체에 대한 감사의 관점에서 우리의 의견형성 시 다루어졌으며, 우리는 이런 사항에 대하여 별도의 의견을 제공하지는않습니다. 지배기업 현금창출단위 손상(환입) 평가 연결재무제표에 대한 주석 2에서 기술하고 있는 바와 같이, 현금창출단위 손상(환입)평가시 회수가능액은 본질적으로 유의적인 판단이 요구되는 미래의 현금흐름 예측과현재가치할인결과에 기반합니다. 현금창출단위 손상(환입) 회수가능액 평가시 사용되는 가치평가기법 및 적용가정에 경영진의 유의적인 판단과 이에 따른 추정의 불확실성이 존재하며 이에 따라 회수가능액 추정치가 달라질 수 있습니다. 따라서 우리는현금창출단위 손상(환입) 평가를 핵심감사사항으로 선정하였습니다. 이와 관련하여 ",우리가 수행한 주요 감사절차는 다음과 같습니다. - 현금창출단위 손상(환입) 검토 과정과 관련된 내부통제에 대하여 이해하고 설계와 운영의 효과성을 평가 - 현금창출단위의 사용가치 평가를 위해 회사가 고용한 외부전문가의 독립성 및 적격성 평가 - 미래현금흐름 추정과 경영진이 승인한 사업계획 대사 - 감사인측 내부전문가를 활용하여 경영진이 사용한 가정(할인율 및 영구성장률 등) 및 평가방법론 평가,lookback
00140131,2020,(주)키다리스튜디오,콘텐츠,20210318000957,연결,1,당기말 계상된 선급비용 98억원,"핵심감사사항은 우리의 전문가적 판단에 따라 당기 연결재무제표감사에서 가장 유의적인사항들입니다. 해당 사항들은 연결재무제표 전체에 대한 감사의 관점에서 우리의 의견 형성 시 다루어졌으며, 우리는 이런 사항에 대하여 별도의 의견을 제공하지는 않습니다. 1) 핵심감사사항으로 결정한 이유 연결회사는 웹툰 및 웹소설 서비스 제공을 주요 목적사업으로 영위하고 있으며, 웹툰 및 웹소설 제작을 위하여 관련 비용을 선지급하고 있습니다. 연결회사는 회계기준의 조건을 충족하는 경우에 해당 비용에 대하여 선급비용을 인식하고 있으며, 웹툰서비스 개시 시점부터 유의적인 매출이 회수되는 기간에 걸쳐 비용화 되고 있습니다. 연결회사는 웹툰 서비스의 판매 현황에 대하여 주기적으로 평가를 수행하여 해당 선급비용의 손상여부를 검토하고 있습니다. 당기말 계상된 선급비용 98억원을 핵심감사사항으로 선정하였으며, 이는 회사 총자산의 약 20%를 차지하고 있습니다. 해당 선급비용의 손상여부는 회사의 선급비용 및 매출원가에 영향을 미칩니다. 선급비용의 계상 및 손상평가는 본질적으로 판단사항이고 추정에 따라 선급비용이 과대계상될 위험이 있습니다. 또한, 웹툰서비스 개시 시점부터 유의적인 매출이 회수되는 기간동안 선급비용을 상각하고 있습니다. 회사는 지급된 선급비용에 대해 발생가능한 매출액과 유의적인 매출이 회수될 것으로 기대되는 기간을 추정하고 있으며, 회사의 판단에따라 선급비용 상각비의 금액이 기간별로 왜곡 계상될 위험이 있습니다. 당기중 계상된 선급비용 상각비는 101억원으로 매출원가의 36.1%를 차지하고 있으며, 선급비용 상각비의 정확성은 선급비용 및 매출원가에 영향을 미칩니다. 2) 핵심감사사항이 감사에서 다루어진 방법 당기말 선급비용의 실재성 및 상각비의 정확성을 확인하기 위하여 수행한 ",감사절차는 다음과 같습니다. - 선급비용 계상에 대한 회사의 정책 및 관련 내부통제 검토 - 주요 프로젝트별 담당자 면담 및 외부 자료 확인을 통한 진행 현황 파악 - 추정 매출액의 산출 과정에 대한 이해 및 적용된 가정 검토 - 과거 추정 매출액과 실제 발생 매출액과의 비교 - 상각비의 재계산 검토,decl
00140131,2021,(주)키다리스튜디오,콘텐츠,20220317000876,연결,1,종속기업 현금창출단위 손상평가,"2021년 12월 31일 현재 회사가 계상중인 영업권 금액은 158,146 백만원입니다. 이러한 영업권에 대해서는 자산손상을 시사하는 징후가 있을 때 손상평가를 수행하고 있으며, 회수가능가액(사용가치 또는 처분부대원가를 차감한 공정가치 중 높은 금액)이 장부금액을 미달하는 경우 손상차손을 인식하고 있습니다. 현금창출단위의 사용가치 추정에 중요한 영향을 미치는 매출성장률, 할인율 및 영구성장률 등의 주요 가정의 결정시 경영진의 판단이 개입되며, 경영진의 편향가능성이 존재하는 바, 우리는 종속기업투자주식 손상평가를 핵심감사사항으로 식별하였습니다.",이와 관련하여 우리가 수행한 주요 감사절차는 다음과 같습니다. ㆍ투자주식의 사용가치 평가를 위해 회사가 고용한 외부전문가의 적격성 및 독립성 평가 ㆍ 사용가치 산정시 사용된 주요 가정의 적정성 검토 ㆍ 평가에 사용된 할인율 및 영구성장률에 대한 민감도 분석을 통해 주요 가정의 변 동에 따른 경영진의 평가결과에 미치는 영향 확인,subhead
00140131,2022,(주)키다리스튜디오,콘텐츠,20230316001551,연결,1,영업권 및 비한정내용연수 무형자산 손상평가,"회사는 사업결합으로 취득한 영업권 및 비한정내용연수 무형자산에 대해서 자산손상을 시사하는 징후와 관계없이 매년 회수가능액과 장부금액을 비교하여 손상검토를수행하고 있으며, 2022년 12월 31일 현재 회사는 영업권 154,097백만원을 인식하고있습니다. 영업권 및 비한정내용연수 무형자산 손상검토 시 경영진은 사용가치모형을 사용하여회수가능액을 평가하였습니다. 현금창출단위의 사용가치 결정에는 예상 미래현금흐름의추정을 위한 매출성장률, 인건비, 영구성장률, 그리고 할인율 등과 관련한 경영진 및 감사인의 유의적인 판단을 필요로 합니다. 해당 주요 가정들의 변동이 회사의 영업권 및 비한정 내용연수 무형자산 손상검토에 미치는 잠재적인 영향이 중요하다고 판단되어, 우리는 사업결합에 따라 인식한 영업권 및 내용연수가 비한정인 무형자산손상검토를 핵심감사사항으로 식별하였습니다.","이와 관련하여 우리가 수행한 주요 감사절차는 다음과 같습니다.ㆍ영업권 및 비한정내용연수 무형자산 손상 회계처리 관련 회사의 정책, 프로세스 및 내부통제 이해ㆍ손상검토를 위한 사업계획 추정자료 및 기초변수에 대한 검토 및 승인에 대한 내부통제 평가ㆍ미래 예상 현금흐름을 경영진에 의해 승인된 사업계획과 비교하여 그 합리성을 평가하였으며, 전기에 추정한 현금흐름을 당기의 실적과 비교 검토 수행ㆍ회사의 현금창출단위 판단 및 각 현금창출단위에 배부된 순자산 적절성 검토ㆍ회사가 활용한 외부전문가의 적격성 및 독립성 평가ㆍ평가금액 계산의 정확성 검증 및 민감도 분석을 통한 회수가능액의 적절성 검토",subhead
00140131,2023,(주)키다리스튜디오,콘텐츠,20240318000710,연결,1,영업권 손상검사,"핵심감사사항은 우리의 전문가적 판단에 따라 당기 연결재무제표감사에서 가장 유의적 사항입니다. 해당 사항은 연결재무제표 전체에 대한 감사의 관점에서 우리의 의견형성시 다루어졌으며, 우리는 이런 사항에 대하여 별도의 의견을 제공하지는 않습니다. (1) 영업권 손상검사 연결회사의 영업권은 보고기간말 현재 141,097백만원으로 전체 자산의 40.98%를 차지하고 있습니다. 연결재무제표 주석 2에서 설명한 바와 같이, 연결회사는 매 보고기간말마다 자산손상을 시사하는 징후가 있는지를 검토합니다. 현금창출단위에 대한 손상 징후가 있는 경우, 연결회사는 현금창출단위의 회수가능액과 장부금액을 비교하여 각 개별 평가 항목에 배분된 금액의 감액 여부를 결정합니다. 우리는 현금창출단위의 식별, 사용가치 추정의 복잡성 및 불확실성, 손상검사시 주관적 판단의 개입 가능성을 고려하여 영업권에 대한 손상검사를 핵심감사사항으로 판단하였습니다. 이와 관련하여 ",우리가 수행한 주요감사절차는 다음과 같습니다.ㆍ현금창출단위의 사용가치 추정에 적용된 가치평가 모형의 수학적인 정확성 확인ㆍ미래 현금흐름 추정이 경영진에 보고 승인된 사업계획과 일치하는지 확인ㆍ사용가치 추정에 사용된 주요 가정의 합리성 평가ㆍ적용된 할인율의 적정성을 평가하기 위한 내부의 가치평가전문가 활용,lookback
00140131,2024,(주)키다리스튜디오,콘텐츠,20250319000526,연결,1,영업권 손상검사,"핵심감사사항은 우리의 전문가적 판단에 따라 당기 연결재무제표감사에서 가장 유의적 사항입니다. 해당 사항은 연결재무제표 전체에 대한 감사의 관점에서 우리의 의견형성시 다루어졌으며, 우리는 이런 사항에 대하여 별도의 의견을 제공하지는 않습니다. (1) 영업권 손상검사 연결회사의 영업권은 보고기간말 현재 141,097백만원으로 전체 자산의 42.7%를 차지하고 있습니다. 연결재무제표 주석 2에서 설명한 바와 같이, 연결회사는 매 보고기간말마다 자산손상을 시사하는 징후가 있는지를 검토합니다. 현금창출단위에 대한 손상 징후가 있는 경우, 연결회사는 현금창출단위의 회수가능액과 장부금액을 비교하여 각 개별 평가 항목에 배분된 금액의 감액 여부를 결정합니다. 우리는 현금창출단위의 식별, 사용가치 추정의 복잡성 및 불확실성, 손상검사시 주관적 판단의 개입 가능성을 고려하여 영업권에 대한 손상검사를 핵심감사사항으로 판단하였습니다. 이와 관련하여 ",우리가 수행한 주요감사절차는 다음과 같습니다.ㆍ현금창출단위의 사용가치 추정에 적용된 가치평가 모형의 수학적인 정확성 확인ㆍ미래 현금흐름 추정이 경영진에 보고 승인된 사업계획과 일치하는지 확인ㆍ사용가치 추정에 사용된 주요 가정의 합리성 평가ㆍ적용된 할인율의 적정성을 평가하기 위한 내부의 가치평가전문가 활용,lookback
00145437,2020,주식회사 아센디오,콘텐츠,20210319000869,연결,1,수익인식의 적정성,"핵심감사사항은 우리의 전문가적 판단에 따라 당기 연결재무제표감사에서 가장 유의적인사항들입니다. 해당 사항들은 연결재무제표 전체에 대한 감사의 관점에서 우리의 의견형성 시 다루어졌으며, 우리는 이러한 사항에 대하여 별도의 의견을 제공하지는 않습니다. 아래에 기술된 사항을 이 감사보고서에서 커뮤니케이션할 핵심감사사항으로 결정하였습니다. (1) 수익인식의 적정성 회사의 영화사업, 드라마사업, 매니지먼트사업, 솔루션사업, 공연사업, 방송컨텐츠사업 등을 운영하고 있으며, 각각의 매출 형태별로 수익의 인식과 관련하여서는 고유한 위험이 존재합니다. 이러한 관점에서 수익의 인식과 관련한 기간귀속 및 과대 계상 오류의 가능성이 존재한다고 가정을 하였으며, 이에 따라 수익인식의 적정성을 핵심감사사항으로 판단하였습니다. 이와 관련하여 ","우리가 수행한 주요 감사절차는 다음과 같습니다. ·주요 매출 거래유형의 식별 및 계약서를 통한 회계처리 검토 ·매출수익인식에 관한 인식기준 및 회계처리의 타당성 검토 ·회계기간 중 기록된 매출 거래 중 추출된 표본 매출거래의 실증절차 수행 ·보고기간말 전후의 매출에 대한 증빙과 수익인식시점의 적정성 확인 ·보고기간말 이후에 취소 처리된 매출이 있는지 확인하고, 이에 대해 매출원장에 전기되기까지의 과정을 추적하여 매출의 기간귀속의 적정성 확인",lookback
00145437,2021,주식회사 아센디오,콘텐츠,20220321001153,연결,1,수익인식의 적정성,"핵심감사사항은 우리의 전문가적 판단에 따라 당기 연결재무제표감사에서 가장 유의적인 사항들입니다. 해당 사항들은 연결재무제표 전체에 대한 감사의 관점에서 우리의 의견형성 시 다루어졌으며, 우리는 이러한 사항에 대하여 별도의 의견을 제공하지는 않습니다. 아래에 기술된 사항을 이 감사보고서에서 커뮤니케이션할 핵심감사사항으로 결정하였습니다. (1) 수익인식의 적정성 회사의 영화사업, 드라마사업, 매니지먼트사업, 솔루션사업, 공연사업, 방송컨텐츠사업 등을 운영하고 있으며, 각각의 매출 형태별로 수익의 인식과 관련하여서는 고유한 위험이 존재합니다. 이러한 관점에서 수익의 인식과 관련한 기간귀속 및 과대 계상 오류의 가능성이 존재한다고 가정을 하였으며, 이에 따라 수익인식의 적정성을 핵심감사사항으로 판단하였습니다. 이와 관련하여 ","우리가 수행한 주요 감사절차는 다음과 같습니다. ·주요 매출 거래유형의 식별 및 계약서를 통한 회계처리 검토 ·매출수익인식에 관한 인식기준 및 회계처리의 타당성 검토 ·회계기간 중 기록된 매출 거래 중 추출된 표본 매출거래의 실증절차 수행 ·보고기간말 전후의 매출에 대한 증빙과 수익인식시점의 적정성 확인 ·보고기간말 이후에 취소 처리된 매출이 있는지 확인하고, 이에 대해 매출원장에 전기되기까지의 과정을 추적하여 매출의 기간귀속의 적정성 확인",lookback
00145437,2022,주식회사 아센디오,콘텐츠,20230320000827,연결,1,수익인식의 적정성,"핵심감사사항은 우리의 전문가적 판단에 따라 당기 연결재무제표감사에서 가장 유의적인 사항들입니다. 해당 사항들은 연결재무제표 전체에 대한 감사의 관점에서 우리의 의견형성 시 다루어졌으며, 우리는 이러한 사항에 대하여 별도의 의견을 제공하지는 않습니다. 아래에 기술된 사항을 이 감사보고서에서 커뮤니케이션할 핵심감사사항으로 결정하였습니다. - 수익인식의 적정성연결회사는 영화사업, 드라마사업, 매니지먼트사업, 솔루션사업 등을 운영하고 있으며, 각각의 매출 형태별로 수익의 인식과 관련하여서는 고유한 위험이 존재합니다. 이러한 관점에서 수익의 인식과 관련한 기간귀속 및 과대 계상오류의 가능성이 존재한다고 가정을 하였으며, 이에 따라 수익인식의 적정성을 핵심감사사항으로 판단하였습니다.이와 관련하여 ","우리가 수행한 주요 감사절차는 다음과 같습니다. ·주요 매출 거래유형의 식별 및 계약서를 통한 회계처리 검토 ·매출수익인식에 관한 인식기준 및 회계처리의 타당성 검토 ·회계기간 중 기록된 매출 거래 중 추출된 표본 매출거래의 실증절차 수행 ·보고기간말 전후의 매출에 대한 증빙과 수익인식시점의 적정성 확인 ·보고기간말 이후에 취소 처리된 매출이 있는지 확인하고, 이에 대해 매출원장에 전기되기까지의 과정을 추적하여 매출의 기간귀속의 적정성 확인",decl
00145437,2023,주식회사 아센디오,콘텐츠,20240320001843,연결,1,수익인식의 적정성,"핵심감사사항은 우리의 전문가적 판단에 따라 당기 연결재무제표감사에서 가장 유의적인 사항들입니다 . 해당 사항들은 연결재무제표 전체에 대한 감사의 관점에서 우리의 의견형성 시 다루어졌으며, 우리는 이러한 사항에 대하여 별도의 의견을 제공하지는 않습니다. 아래에 기술된 사항을 이 감사보고서에서 커뮤니케이션할 핵심감사사항으로 결정하였습니다. - 수익인식의 적정성 연결회사는 영화사업, 드라마사업, 매니지먼트사업, 솔루션사업 등을 운영하고 있으며, 각각의 매출 형태별로 수익의 인식과 관련하여서는 고유한 위험이 존재합니다. 이러한 관점에서 수익의 인식과 관련한 기간귀속 및 과대 계상오류의 가능성이 존재한다고 가정을 하였으며, 이에 따라 수익인식의 적정성을 핵심감사사항으로 판단하였습니다. 이와 관련하여 ","우리가 수행한 주요 감사절차는 다음과 같습니다. ·주요 매출 거래유형의 식별 및 계약서를 통한 회계처리 검토 ·매출수익인식에 관한 인식기준 및 회계처리의 타당성 검토 ·회계기간 중 기록된 매출 거래 중 추출된 표본 매출거래의 실증절차 수행 ·보고기간말 전후의 매출에 대한 증빙과 수익인식시점의 적정성 확인 ·보고기간말 이후에 취소 처리된 매출이 있는지 확인하고, 이에 대해 매출원장에 전기되기까지의 과정을 추적하여 매출의 기간귀속의 적정성 확인",lookback
00145437,2024,주식회사 아센디오,콘텐츠,20250321000735,연결,1,수익인식의 적정성,"핵심감사사항은 우리의 전문가적 판단에 따라 당기 연결재무제표감사에서 가장 유의적인감사사항들입니다. 해당 사항들은 전체 연결재무제표감사의 관점에서 우리의 의견형성 시 다루어졌으며, 우리는 이런 사항에 대하여 별도의 의견을 제공하지는 않습니다.- 수익인식의 적정성연결회사는 영화사업, 드라마사업, 매니지먼트사업, 솔루션사업 등을 운영하고 있으며, 각각의 매출 형태별로 수익의 인식과 관련하여서는 고유한 위험이 존재합니다. 이러한 관점에서 수익의 인식과 관련한 기간귀속 및 과대 계상오류의 가능성이 존재한다고 가정을 하였으며, 이에 따라 수익인식의 적정성을 핵심감사사항으로 판단하였습니다.이와 관련하여 ","우리가 수행한 주요 감사절차는 다음과 같습니다. ·주요 매출 거래유형의 식별 및 계약서를 통한 회계처리 검토 ·매출수익인식에 관한 인식기준 및 회계처리의 타당성 검토 ·회계기간 중 기록된 매출 거래 중 추출된 표본 매출거래의 실증절차 수행 ·보고기간말 전후의 매출에 대한 증빙과 수익인식시점의 적정성 확인 ·보고기간말 이후에 취소 처리된 매출이 있는지 확인하고, 이에 대해 매출원장에 전기되기까지의 과정을 추적하여 매출의 기간귀속의 적정성 확인",decl
00146427,2020,한주에이알티(주),콘텐츠,20210318001420,연결,1,영업권 손상평가,"핵심감사사항은 우리의 전문가적 판단에 따라 당기 연결재무제표감사에서 가장 유의적인 사항입니다. 해당 사항은 연결재무제표 전체에 대한 감사의 관점에서 우리의 의견 형성시 다루어졌으며, 우리는 이런 사항에 대하여 별도의 의견을 제공하지는 않습니다. 영업권 손상평가 우리는 영업권 금액의 규모(2020년 12월 31일 현재 9,930백만원)가 유의적이며, 회사의 현금창출단위의 사용가치 평가에 포함된 미래현금흐름 추정에는 미래 사업에 대한 예상과 할인율에 대한 경영진의 판단이 포함되므로 영업권의 손상검사에 관심을 기울였습니다. 관련 내용은 연결회사의 재무제표 주석 15에 표시되어 있습니다. 우리는 영업권에 대한 손상을 평가하는 과정이 복잡하고, 매출성장률 및 할인율을 포함한 경영진의 판단 및 추정에 따라 손상평가의 결과가 상이하게 결정될 수 있다는 점을 고려하여, 연결회사의 현금창출단위의 영업권 손상평가를 핵심감사사항으로 결정하였습니다. 핵심감사사항에 대응하기 위하여 우리는 다음을 포함한 감사절차를 수행하였습니다. - 경영진이 사용가치 추정에 사용한 가치평가모델의 적절성을 평가 - 미래 현금흐름 추정이 이사회(경영진)에서 승인한 사업계획과 일치하는지 확인 - 추정치에 낙관적인 가정이 포함되었는지 사후적으로 확인하기 위하여 당기 실제성과와 전기 추정을 비교 - 사용가치 추정에 사용된 주요 가정의 합리성 평가 ㆍ현금창출단위의 매출성장률, 영업이익률 및 투자활동 예측이 과거성과와 비교하여 일관성이 있는지 확인 ㆍ경제 및 산업 예측과 장기성장율을 비교 ㆍ관측가능한 정보를 사용하여 독립적으로 계산된 할인율을 경영진이 적용한 할인율과 비교",,lookback
00146427,2021,한주에이알티(주),콘텐츠,20250320001348,연결,1,연결회사의 현금창출단위의 영업권 손상평가,"핵심감사사항은 우리의 전문가적 판단에 따라 당기 연결재무제표감사에서 가장 유의적인 사항입니다. 해당 사항은 연결재무제표 전체에 대한 감사의 관점에서 우리의 의견 형성시 다루어졌으며, 우리는 이런 사항에 대하여 별도의 의견을 제공하지는 않습니다. 영업권 손상평가우리는 영업권 금액의 규모(2021년 12월 31일 현재 9,109백만원)가 유의적이며, 회사의 현금창출단위의 사용가치 평가에 포함된 미래현금흐름 추정에는 미래 사업에 대한 예상과 할인율에 대한 경영진의 판단이 포함되므로 영업권의 손상검사에 관심을 기울였습니다. 관련 내용은 연결회사의 재무제표 주석 16에 표시되어 있습니다.우리는 영업권에 대한 손상을 평가하는 과정이 복잡하고, 매출성장률 및 할인율을 포함한 경영진의 판단 및 추정에 따라 손상평가의 결과가 상이하게 결정될 수 있다는 점을 고려하여, 연결회사의 현금창출단위의 영업권 손상평가를 핵심감사사항으로 결정하였습니다. 핵심감사사항에 대응하기 위하여 우리는 다음을 포함한 감사절차를 수행하였습니다.- 경영진이 사용가치 추정에 사용한 가치평가모델의 적절성을 평가- 미래 현금흐름 추정이 이사회(경영진)에서 승인한 사업계획과 일치하는지 확인- 추정치에 낙관적인 가정이 포함되었는지 사후적으로 확인하기 위하여 당기 실제성과와 전기 추정을 비교- 사용가치 추정에 사용된 주요 가정의 합리성 평가ㆍ현금창출단위의 매출성장률, 영업이익률 및 투자활동 예측이 과거성과와 비교하여 일관성이 있는지 확인ㆍ경제 및 산업 예측과 장기성장율을 비교ㆍ관측가능한 정보를 사용하여 독립적으로 계산된 할인율을 경영진이 적용한 할인율과 비교",,decl
00146427,2022,한주에이알티(주),콘텐츠,20250321000002,연결,1,영업권 손상평가,,"본 핵심감사사항에 대응하기 위한 우리의 감사절차는 다음과 같습니다. ㆍ영업권손상평가 관련 회사절차 및 내부통제를이해ㆍ현금창출단위의 사용가치 추정에 적용된 가치평가모형의 수학적인 정확성을 확인ㆍ회사측 외부전문가의 적격성, 경험 및 전문성평가와 객관성 및 독립성 검토ㆍ사용가치추정에 사용된 매출성장률, 영업이익률 및 성장률등 주요 가정에 대한 검토ㆍ미래 현금흐름추정이 경영진에 보고승인된 사업계획과 일치하는지 확인ㆍ가치평가시 사용된 측정방법론 및 할인율등 평가모델에 적용된 변수에 대하여 감사인의 내부전문가를 활용한 검토ㆍ평가에 사용된 할인율 및 영구성장율에 대한 민감도분석을 통해 주요 가정의 변동에 따른 경영진의 평가결과에 미치는 영향검토ㆍ기업회계기준서 제 1036호에 따른 공시사항의 적절성 및 완전성 검토",subhead
00146427,2023,한주에이알티(주),콘텐츠,20250321000003,연결,1,영업권 손상평가,,"본 핵심감사사항에 대응하기 위한 우리의 감사절차는 다음과 같습니다. ㆍ영업권손상평가 관련 회사절차 및 내부통제를이해ㆍ현금창출단위의 사용가치 추정에 적용된 가치평가모형의 수학적인 정확성을 확인ㆍ회사측 외부전문가의 적격성, 경험 및 전문성평가와 객관성 및 독립성 검토ㆍ사용가치추정에 사용된 매출성장률, 영업이익률 및 성장률등 주요 가정에 대한 검토ㆍ미래 현금흐름추정이 경영진에 보고승인된 사업계획과 일치하는지 확인ㆍ가치평가시 사용된 측정방법론 및 할인율등 평가모델에 적용된 변수에 대하여 감사인의 내부전문가를 활용한 검토ㆍ평가에 사용된 할인율 및 영구성장율에 대한 민감도분석을 통해 주요 가정의 변동에 따른 경영진의 평가결과에 미치는 영향검토ㆍ기업회계기준서 제 1036호에 따른 공시사항의 적절성 및 완전성 검토",subhead
00146427,2024,한주에이알티(주),콘텐츠,20250321000008,연결,1,영업권 손상평가,,"본 핵심감사사항에 대응하기 위한 우리의 감사절차는 다음과 같습니다. ㆍ영업권손상평가 관련 회사절차 및 내부통제를이해ㆍ현금창출단위의 사용가치 추정에 적용된 가치평가모형의 수학적인 정확성을 확인ㆍ회사측 외부전문가의 적격성, 경험 및 전문성평가와 객관성 및 독립성 검토ㆍ사용가치추정에 사용된 매출성장률, 영업이익률 및 성장률등 주요 가정에 대한 검토ㆍ미래 현금흐름추정이 경영진에 보고승인된 사업계획과 일치하는지 확인ㆍ가치평가시 사용된 측정방법론 및 할인율등 평가모델에 적용된 변수에 대하여 감사인의 내부전문가를 활용한 검토ㆍ기업회계기준서 제 1036호에 따른 공시사항의 적절성 및 완전성 검토",subhead
00154426,2019,(주)아이에이치큐,콘텐츠,20200330001638,연결,1,영업권 손상,"연결회사는 엔터테인먼트사업부문의 영업권에 대하여 할인된 현금흐름법(사용가치)에 근거한 회수가능액을 활용해 손상검사를 수행하였으며, 당기 중 58,176백만원의 손상차손을 인식하였습니다(주석18). 엔터테인먼트사업부문의 영업권에 대해 인식한 손상차손 금액의 규모가 유의적이며,회수가능액은 할인율, 성장률 및 미래현금흐름 예측 등 회사 경영진의 유의적인 판단과 추정치를 수반하므로 우리는 영업권 손상 관련 회계처리를 핵심감사사항으로 판단하였습니다.",핵심감사사항에 대응하기 위하여 우리는 다음을 포함한 감사절차를 수행하였습니다. ㆍ경영진이 회수가능액 추정에 사용한 가치평가 모델의 적절성을 평가 ㆍ미래현금흐름 추정이 경영진이 승인한 사업계획과 일치하는지 확인 ㆍ추정치에 낙관적인 가정이 포함되었는지 사후적으로 확인하기 위하여 당기 실제 성과와 전기 추정을 비교 ㆍ회수가능액 추정에 참여한 경영진측 전문가의 적격성과 독립성을 평가 ㆍ회수가능액 추정에 사용된 주요 가정의 합리성 평가 ㆍ주요 가정의 변경이 손상 평가에 미치는 영향을 평가하기 위해 경영진이 수행한 할인율 및 영구성장률에 대한 민감도 분석결과 평가,subhead
00154426,2020,(주)아이에이치큐,콘텐츠,20210318000845,연결,1,미디어사업부분 현금창출단위의 손상평가,"연결재무제표에 대한 주석2.14에 기술되어 있는 바와 같이, 연결회사는 매 보고일에 비금융자산에 대하여 손상징후의 존재여부를 평가하여 장부금액이 회수가능액을 초과할 수 있는 징후가 있을 때 손상평가를 수행합니다. 이 때 개별자산의 회수가능액을 추정할수 없다면 그 자산이 속하는 현금창출단위의 회수가능액을 산정합니다. 주석6에서 기술되어 있는 바와 같이, 당기말 현재 미디어사업부문의 부문간 거래 제거 전 총 자 산은 88,385백만원 입니다. 연결회사는 당기 중 미디어사업부문 현금창출단위의 실적 부진과 경쟁적 시장상황을고려하여 해당 현금창출단위에 손상 징후가 존재한다고 판단하고, 기업회계기준서 제1036호에 따라 손상검사를 수행하였습니다. 연결회사는 사용가치에 근거하여 산정한 현금창출단위의 회수가능액을 해당 현금창출단위의 장부금액과 비교하였습니다. 연결회사의 경영진은 미디어사업부문 현금창출단위의 회수가능액 측정을 위해 독립적인 외부 전문가를 활용하였습니다. 우리는 미디어사업부의 사용가치 평가에 포함된 미래현금흐름 추정에는 재무예산의 예측, 성장률 및 할인율에 대한 유의적인 경영진의 가정과 판단이 포함되며, 연결재무제표에 끼치는 영향이 유의적이므로, 이 영역에 관심을 기울였습니다.",핵심감사사항에 대응하기 위하여 우리는 다음을 포함한 감사절차를 수행하였습니다. ㆍ경영진이 회수가능액 추정에 사용한 가치평가 모델의 적절성을 평가 ㆍ미래현금흐름 추정이 경영진이 승인한 사업계획과 일치하는지 확인 ㆍ추정치에 낙관적인 가정이 포함되었는지 사후적으로 확인하기 위하여 당기 실제 성과와 전기 추정을 비교 ㆍ회수가능액 추정에 참여한 경영진측 전문가의 적격성과 객관성을 평가 ㆍ회수가능액 추정에 사용된 주요 가정의 합리성 평가 ㆍ주요 가정의 변경이 손상 평가에 미치는 영향을 평가하기 위해 경영진이 수행한 할인율 및 영구성장률에 대한 민감도 분석결과 평가,subhead
00154426,2021,(주)아이에이치큐,콘텐츠,20220315001154,연결,1,미디어사업부분 현금창출단위의 손상평가,"연결재무제표에 대한 주석2.14에 기술되어 있는 바와 같이, 연결회사는 매 보고일에 비금융자산에 대하여 손상징후의 존재여부를 평가하여 장부금액이 회수가능액을 초과할 수 있는 징후가 있을 때 손상평가를 수행합니다. 이 때 개별자산의 회수가능액을 추정할 수 없다면 그 자산이 속하는 현금창출단위의 회수가능액을 산정합니다. 연결회사는 당기 중 미디어사업부문 현금창출단위의 실적 부진과 경쟁적 시장상황을고려하여 해당 현금창출단위에 손상 징후가 존재한다고 판단하고, 기업회계기준서 제1036호에 따라 손상검사를 수행하였습니다. 연결회사는 사용가치에 근거하여 산정한 현금창출단위의 회수가능액을 해당 현금창출단위의 장부금액과 비교하였습니다. 연결회사의 경영진은 미디어사업부문 현금창출단위의 회수가능액 측정을 위해 독립적인 외부 전문가를 활용하였습니다. 우리는 미디어사업부의 사용가치 평가에 포함된 미래현금흐름 추정에는 재무예산의 예측, 성장률 및 할인율에 대한 유의적인 경영진의 가정과 판단이 포함되며, 연결재무제표에 끼치는 영향이 유의적이므로, 이 영역에 관심을 기울였습니다.",핵심감사사항에 대응하기 위하여 우리는 다음을 포함한 감사절차를 수행하였습니다. ㆍ경영진이 회수가능액 추정에 사용한 가치평가 모델의 적절성을 평가 ㆍ미래현금흐름 추정이 경영진이 승인한 사업계획과 일치하는지 확인 ㆍ추정치에 낙관적인 가정이 포함되었는지 사후적으로 확인하기 위하여 당기 실제 성과와 전기 추정을 비교 ㆍ회수가능액 추정에 참여한 경영진측 전문가의 적격성과 객관성을 평가 ㆍ회수가능액 추정에 사용된 주요 가정의 합리성 평가 ㆍ주요 가정의 변경이 손상 평가에 미치는 영향을 평가하기 위해 경영진이 수행한 할인율 및 영구성장률에 대한 민감도 분석결과 평가,subhead
00173449,2020,(주)빌리언스,콘텐츠,20210323000833,연결,1,수익의 인식,"연결재무제표에 대한 주석25에서 기술한 바와 같이 전기 대비 당기 용역매출액이 큰폭으로 증가하였으며, 당기 중 발생한 용역매출액은 당기 연결회사 총매출액의 8.82% 수준으로 재무제표에 유의적인 영향을 미치고 있습니다. 또한, 수익은 회사의 주요 성과지표이고 수익의 인식조건이 미충족된 상황에서 수익이 인식될 고유위험이 존재하므로 우리는 제품과 상품의 판매 및 용역의 제공으로 인한 수익의 인식을 핵심감사사항으로 선정하였습니다.","당기 중 연결회사가 인식한 수익에 대하여 우리가 수행한 주요 감사절차는 다음과 같습니다. ㆍ 당기 중 발생한 매출거래에 대하여 표본추출방식을 이용한 세부실증절차 수행 ㆍ 보고기간말 전후 발생한 매출거래에 대한 수익인식의 기간귀속을 확인하는 절차 수행 ㆍ 수익인식에 대응되는 매출채권에 대해 표본추출방식을 이용한 외부조회 확인 ㆍ 매출유형별로 과거기간과의 실적비교, 월별 실적의 추세 분석 등 분석적절차 수행 ㆍ 수익인식 관련 내부통제의 설계 및 운용의 적정성 검토 ㆍ 수익인식 정책 및 회계처리의 적정성 검토 나. 경남제약헬스케어㈜ 관계기업투자주식에 대한 손상",subhead
00173449,2020,(주)빌리언스,콘텐츠,20210323000833,연결,2,경남제약헬스케어㈜ 관계기업투자주식에 대한 손상,"연결재무제표에 대한 주석 13에서 설명하고 있는 바와 같이 연결회사의 관계기업인 경남제약헬스케어㈜는 당기 중 코스닥 시장에서의 주권거래정지 및 당반기 보고서에대한 외부감사인의 의견거절이 표명되는 등 손상의 징후가 발생하였습니다. 이와 관련하여, 관계기업투자주식의 회수가능성 추정에 대한 경영진의 유의적인 판단과 가정이 필요함에 따라 경영진의 편향가능성이 존재할 수 있다고 판단하여 핵심감사사항으로 식별하였습니다.",당기 중 연결회사가 인식한 경남제약헬스케어㈜의 관계기업투자주식 손상과 관련하여 우리가 수행한 주요 감사절차는 다음과 같습니다. ㆍ 연결회사의 손상평가에 대한 회계정책 검토 ㆍ 손상평가를 수행한 외부전문가의 적격성 및 독립성 평가 ㆍ 경영진 및 외부전문가가 평가에 사용한 가정이 합리적인지 평가 ㆍ 평가에 사용한 재무데이터의 경영진 승인여부 검토,subhead
00173449,2021,(주)빌리언스,콘텐츠,20220323001016,연결,1,수익의 인식,수익은 회사의 주요 성과지표이고 수익의 인식조건이 미충족된 상황에서 수익이 인식될 고유위험이 존재하므로 우리는 제품과 상품의 판매 및 용역의 제공으로 인한 수익의 인식을 핵심감사사항으로 선정하였습니다.,"당기 중 회사가 인식한 수익에 대하여 우리가 수행한 주요 감사절차는 다음과 같습니다. ㆍ 당기 중 발생한 매출거래에 대하여 표본추출방식을 이용한 세부실증절차 수행 ㆍ 보고기간말 전후 발생한 매출거래에 대한 수익인식의 기간귀속을 확인하는 절차 수행 ㆍ 수익인식에 대응되는 매출채권에 대해 표본추출방식을 이용한 외부조회 확인 ㆍ 매출유형별로 과거기간과의 실적비교, 월별 실적의 추세 분석 등 분석적절차 수행 ㆍ 수익인식 관련 내부통제의 설계 및 운용의 적정성 검토 ㆍ 수익인식 정책 및 회계처리의 적정성 검토 나. 종속회사에서 발생한 영업권 및 관계기업투자주식에 대한 손상",subhead
00173449,2021,(주)빌리언스,콘텐츠,20220323001016,연결,2,종속회사에서 발생한 영업권 및 관계기업투자주식에 대한 손상,종속회사에서 발생한 영업권 및 관계기업투자주식의 회수가능성 추정에 대한 경영진의 유의적인 판단과 가정이 필요함에 따라 경영진의 편향가능성이 존재할 수 있다고 판단하여 핵심감사사항으로 식별하였습니다.,당기 중 회사가 인식한 종속회사에서 발생한 영업권 및 관계기업투자주식 손상과 관련하여 우리가 수행한 주요 감사절차는 다음 과 같습니다. ㆍ 회사의 손상평가에 대한 회계정책 검토 ㆍ 손상평가를 수행한 외부전문가의 적격성 및 독립성 평가 ㆍ 경영진 및 외부전문가가 평가에 사용한 가정이 합리적인지 평가,subhead
00173449,2024,(주)빌리언스,콘텐츠,20250312001143,연결,1,444백만원이 감소하였고,"주석 11에서 기술한 바와 같이, 2024년 12월 31일 현재 연결회사의 관계기업투자주식 장부금액은 16,053백만원이며, 이 중 경남제약(주)의 장부금액은 12,857백만원으로 회사 자산총계 및 관계기업투자주식의 각각 32.8%와 80.1%를 차지하고 있습니다. 연결회사는 관계기업투자주식의 지속적인 주가하락, 영업실적의 악화로 인해 유의적인 손상징후가 있다고 판단하여 회수가능액을 평가하였습니다.연결회사는 2024년 12월 31일 현재 손상평가를 수행한 결과, 관계기업투자주식 중 경남제약(주)의 장부가액이 회수가능액을 초과한다고 판단하여 해당 자산의 장부가액 2,887백만원의 손상차손을 인식하였습니다(주석11 참조).연결회사는 해당 관계기업투자주식의 손상징후에 대하여 할인된 현금흐름법 등에 근거한 사용가치 계산을 활용해 손상검사를 수행하였습니다. 사용가치는 할인율, 성장률 및 미래현금흐름 예측 등 회사 경영진의 유의적인 판단과 추정치를 수반하므로 우리는 회수가능액 검토를 핵심감사사항으로 판단하였습니다.해당 핵심감사사항이 감사에서 다루어진 방법은 다음과 같습니다.- 관계기업투자주식 회수가능액 검토프로세스 관련 통제의 이해 및 평가- 경영진이 사용가치 추정에 사용한 가치평가 모델의 적절성을 평가- 미래현금흐름 추정이 경영진에서 승인한 사업계획의 범위 내에 존재하는지 평가- 사용가치 추정에 사용된 매출성장률, 영업이익률 및 성장률 등 주요 가정의 합리성 평가",,subhead
00200275,2019,(주)와이티엔,콘텐츠,20201224000488,연결,1,비유동자산의 손상평가,"핵심감사사항은 우리의 전문가적 판단에 따라 당기 연결재무제표감사에서 가장 유의적인 사항들입니다. 해당 사항들은 연결재무제표 전체에 대한 감사의 관점에서 우리의 의견 형성 시 다루어졌으며, 우리는 이런 사항에 대하여 별도의 의견을 제공하지는 않습니다. 비유동자산의 손상평가 연결회사는 매 보고기간말마다 자산손상을 시사하는 징후가 있는지를 검토합니다. 현금창출단위에 대한 손상 징후가 있는 경우, 연결회사는 현금창출단위의 회수가능액과 장부금액을 비교하여 현금창출단위에 배분된 자산의 손상 여부를 결정합니다. 한편,영업권이 배분된 현금창출단위에는 매 보고기간 종료일마다 현금창출단위의 회수가능액을 추정하여 손상 평가를 수행하고 있습니다. 시가 총액과 순자산 장부 금액의 중요한 차이를 고려하여, 경영진은 당기말 현재 방송부문 현금창출단위에 손상 징후가 존재한다고 판단하였습니다. 경영진은 현금창출단위의 장부금액과 할인된 현금흐름예측에 근거한 사용가치를 비교하여 현금창출단위에 배분된 연결회사의 비유동자산에 대한 손상평가를 수행하였습니다. 사용가치 추정에 중요한 영향을 미치는 매출액, 영업비용, 성장률과 할인율 등의 주요 가정의 결정시 경영진의 유의적인 판단이 개입됩니다. 경영진의 유의적인 판단과 재무제표상 손상의 잠재적인 영향을 고려하여, 우리는 비유동자산의 손상평가를 핵심감사사항으로 식별하였습니다. 핵심감사사항에 대응하기 위한 우리의 감사절차는 다음을 포함합니다. - 연결회사가 고용한 외부전문가의 자격 및 적격성 평가 - 연결회사의 추정의 정확성을 평가하기 위해 할인현금흐름을 포함한 전년도 예측치를 실제 결과와 비교 - 이사회에서 승인된 최근 사업계획, 과거 실적 비교를 통해 추정 매출, 영업비용 및 성장률을 포함한 사용가치 산정 시 사용된 주요 가정의 합리성 평가 - 관측가능한 정보를 사용하여 계산된 할인율과의 비교를 통해 적용된 할인율을 평가하기 위한 내부의 가치평가 전문가 활용 - 주요 가정의 변경으로 인한 경영진의 손상 평가에 미치는 영향을 평가하기 위해 할인율 및 영구성장률에 대한 민감도 분석 수행",,lookback
00200275,2020,(주)와이티엔,콘텐츠,20210318000622,연결,1,비유동자산의 손상평가,"핵심감사사항은 우리의 전문가적 판단에 따라 당기 연결재무제표감사에서 가장 유의적인 사항들입니다. 해당 사항들은 연결재무제표 전체에 대한 감사의 관점에서 우리의 의견 형성 시 다루어졌으며, 우리는 이런 사항에 대하여 별도의 의견을 제공하지는 않습니다. 비유동자산의 손상평가 연결회사는 매 보고기간말마다 자산손상을 시사하는 징후가 있는지를 검토합니다. 현금창출단위에 대한 손상 징후가 있는 경우, 연결회사는 현금창출단위의 회수가능액과 장부금액을 비교하여 현금창출단위에 배분된 자산의 손상 여부를 결정합니다. 한편,영업권이 배분된 현금창출단위에는 매 보고기간 종료일마다 현금창출단위의 회수가능액을 추정하여 손상 평가를 수행하고 있습니다. 시가 총액과 순자산 장부 금액의 중요한 차이를 고려하여, 경영진은 당기말 현재 방송부문 현금창출단위에 손상 징후가 존재한다고 판단하였습니다. 경영진은 현금창출단위의 장부금액과 할인된 현금흐름예측에 근거한 사용가치를 비교하여 현금창출단위에 배분된 연결회사의 비유동자산에 대한 손상평가를 수행하였습니다. 사용가치 추정에 중요한 영향을 미치는 매출액, 영업비용, 성장률과 할인율 등의 주요 가정의 결정시 경영진의 유의적인 판단이 개입됩니다. 경영진의 유의적인 판단과 재무제표상 손상의 잠재적인 영향을 고려하여, 우리는 비유동자산의 손상평가를 핵심감사사항으로 식별하였습니다. 핵심감사사항에 대응하기 위한 우리의 감사절차는 다음을 포함합니다. - 연결회사가 고용한 외부전문가의 자격 및 적격성 평가 - 연결회사의 추정의 정확성을 평가하기 위해 할인현금흐름을 포함한 전년도 예측치를 실제 결과와 비교 - 이사회에서 승인된 최근 사업계획, 과거 실적 비교를 통해 추정 매출, 영업비용 및 성장률을 포함한 사용가치 산정 시 사용된 주요 가정의 합리성 평가 - 관측가능한 정보를 사용하여 계산된 할인율과의 비교를 통해 적용된 할인율을 평가하기 위한 내부의 가치평가 전문가 활용 - 주요 가정의 변경으로 인한 경영진의 손상 평가에 미치는 영향을 평가하기 위해 할인율 및 영구성장률에 대한 민감도 분석 수행",,lookback
00200275,2021,(주)와이티엔,콘텐츠,20220323001131,연결,1,비유동자산의 손상평가,"핵심감사사항은 우리의 전문가적 판단에 따라 당기 연결재무제표감사에서 가장 유의적인 사항들입니다. 해당 사항들은 연결재무제표 전체에 대한 감사의 관점에서 우리의 의견 형성 시 다루어졌으며, 우리는 이런 사항에 대하여 별도의 의견을 제공하지는 않습니다. 비유동자산의 손상평가 연결회사는 매 보고기간말마다 자산손상을 시사하는 징후가 있는지를 검토합니다. 현금창출단위에 대한 손상 징후가 있는 경우, 연결회사는 현금창출단위의 회수가능액과 장부금액을 비교하여 현금창출단위에 배분된 자산의 손상 여부를 결정합니다. 한편,영업권이 배분된 현금창출단위에는 매 보고기간 종료일마다 현금창출단위의 회수가능액을 추정하여 손상 평가를 수행하고 있습니다. 시가 총액과 순자산 장부 금액의 중요한 차이를 고려하여, 경영진은 당기말 현재 방송부문 현금창출단위에 손상 징후가 존재한다고 판단하였습니다. 경영진은 현금창출단위의 장부금액과 할인된 현금흐름예측에 근거한 사용가치를 비교하여 현금창출단위에 배분된 회사의 비유동자산에 대한 손상평가를 수행하였습니다. 사용가치 추정에 중요한 영향을 미치는 매출액, 영업비용, 성장률과 할인율 등의 주요 가정의 결정시 유의적인 판단이 수반되어 편의가 개입될 가능성이 있으며, 그 금액이 유의적인 것으로 판단되는 바, 우리는 비유동자산의 손상평가를 핵심감사사항으로 식별하였습니다. 핵심감사사항에 대응하기 위한 우리의 감사절차는 다음을 포함합니다. - 연결회사가 고용한 외부전문가의 자격 및 적격성 평가 - 연결회사의 추정의 정확성을 평가하기 위해 할인현금흐름을 포함한 전년도 예측치를 실제 결과와 비교 - 이사회에서 승인된 최근 사업계획, 과거 실적 비교를 통해 추정 매출, 영업비용 및 성장률을 포함한 사용가치 산정 시 사용된 주요 가정의 합리성 평가 - 관측가능한 정보를 사용하여 계산된 할인율과의 비교를 통해 적용된 할인율을 평가하기 위한 내부의 가치평가 전문가 활용 - 주요 가정의 변경으로 인한 경영진의 손상 평가에 미치는 영향을 평가하기 위해 할인율 및 영구성장률에 대한 민감도 분석 수행",,lookback
00200275,2022,(주)와이티엔,콘텐츠,20230322000905,별도,1,비유동자산의 손상평가,"핵심감사사항은 우리의 전문가적 판단에 따라 당기 재무제표감사에서 가장 유의적인사항 들입니다. 해당 사항들은 재무제표 전체에 대한 감사의 관점에서 우리의 의견 형성 시 다루어졌으며, 우리는 이런 사항에 대하여 별도의 의견을 제공하지는 않습니다. 비유동자산의 손상평가 회사는 매 보고기간말마다 자산손상을 시사하는 징후가 있는지를 검토합니다. 현금창출단위에 대한 손상 징후가 있는 경우, 회사는 현금창출단위의 회수가능액과 장부금액을 비교하여 현금창출단위에 배분된 자산의 손상 여부를 결정합니다. 한편,영업권이 배분된 현금창출단위에는 매 보고기간 종료일마다 현금창출단위의 회수가능액을 추정하여 손상 평가를 수행하고 있습니다. 시가 총액과 순자산 장부 금액의 중요한 차이를 고려하여, 경영진은 당기말 현재 방송부문 현금창출단위에 손상 징후가 존재한다고 판단하였습니다.경영진은 현금창출단위의 장부금액과 할인된 현금흐름예측에 근거한 사용가치를 비교하여 현금창출단위에 배분된 회사의 비유동자산에 대한 손상평가를 수행하였습니다. 사용가치 추정에 중요한 영향을 미치는 매출액, 영업비용, 성장률과 할인율 등의 주요 가정의 결정시 유의적인 판단이 수반되어 편의가 개입될 가능성이 있으며, 그 금액이 유의적인 것으로 판단되는 바, 우리는 비유동자산의 손상평가를 핵심감사사항으로 식별하였습니다.핵심감사사항에 대응하기 위한 우리의 감사절차는 다음을 포함합니다.- 회사가 고용한 외부전문가의 자격 및 적격성 평가 - 회사의 추정의 정확성을 평가하기 위해 할인현금흐름을 포함한 전년도 예측치를 실제 결과와 비교 - 이사회에서 승인된 최근 사업계획, 과거 실적 비교를 통해 추정 매출, 영업비용 및 성장률을 포함한 사용가치 산정 시 사용된 주요 가정의 합리성 평가 - 관측가능한 정보를 사용하여 계산된 할인율과의 비교를 통해 적용된 할인율을 평가하기 위한 내부의 가치평가 전문가 활용 - 주요 가정의 변경으로 인한 경영진의 손상 평가에 미치는 영향을 평가하기 위해 할인율 및 영구성장률에 대한 민감도 분석 수행",,lookback
00200275,2023,(주)와이티엔,콘텐츠,20240321000526,별도,1,비유동자산의 손상평가,"핵심감사사항은 우리의 전문가적 판단에 따라 당기 재무제표감사에서 가장 유의적인사항 들입니다. 해당 사항들은 재무제표 전체에 대한 감사의 관점에서 우리의 의견 형성 시 다루어졌으며, 우리는 이런 사항에 대하여 별도의 의견을 제공하지는 않습니다. 비유동자산의 손상평가 회사는 매 보고기간말마다 자산손상을 시사하는 징후가 있는지를 검토합니다. 현금창출단위에 대한 손상 징후가 있는 경우, 회사는 현금창출단위의 회수가능액과 장부금액을 비교하여 현금창출단위에 배분된 자산의 손상 여부를 결정합니다. 한편,영업권이 배분된 현금창출단위에는 매 보고기간 종료일마다 현금창출단위의 회수가능액을 추정하여 손상 평가를 수행하고 있습니다. 시가 총액과 순자산 장부 금액의 중요한 차이를 고려하여, 경영진은 당기말 현재 방송부문 현금창출단위에 손상 징후가 존재한다고 판단하였습니다.경영진은 현금창출단위의 장부금액과 할인된 현금흐름예측에 근거한 사용가치를 비교하여 현금창출단위에 배분된 회사의 비유동자산에 대한 손상평가를 수행하였습니다. 사용가치 추정에 중요한 영향을 미치는 매출액, 영업비용, 성장률과 할인율 등의 주요 가정의 결정시 유의적인 판단이 수반되어 편의가 개입될 가능성이 있으며, 그 금액이 유의적인 것으로 판단되는 바, 우리는 비유동자산의 손상평가를 핵심감사사항으로 식별하였습니다.핵심감사사항에 대응하기 위한 우리의 감사절차는 다음을 포함합니다.- 회사가 고용한 외부전문가의 자격 및 적격성 평가 - 회사의 추정의 정확성을 평가하기 위해 할인현금흐름을 포함한 전년도 예측치를 실제 결과와 비교 - 이사회에서 승인된 최근 사업계획, 과거 실적 비교를 통해 추정 매출, 영업비용 및 성장률을 포함한 사용가치 산정 시 사용된 주요 가정의 합리성 평가 - 관측가능한 정보를 사용하여 계산된 할인율과의 비교를 통해 적용된 할인율을 평가하기 위한 내부의 가치평가 전문가 활용 - 주요 가정의 변경으로 인한 경영진의 손상 평가에 미치는 영향을 평가하기 위해 할인율 및 영구성장률에 대한 민감도 분석 수행",,lookback
00200275,2024,(주)와이티엔,콘텐츠,20250320001540,별도,1,비유동자산의 손상평가,"핵심감사사항은 우리의 전문가적 판단에 따라 당기 재무제표감사에서 가장 유의적인사항 들입니다. 해당 사항들은 재무제표 전체에 대한 감사의 관점에서 우리의 의견 형성 시 다루어졌으며, 우리는 이런 사항에 대하여 별도의 의견을 제공하지는 않습니다. 비유동자산의 손상평가 회사는 매 보고기간말마다 자산손상을 시사하는 징후가 있는지를 검토합니다. 현금창출단위에 대한 손상 징후가 있는 경우, 회사는 현금창출단위의 회수가능액과 장부금액을 비교하여 현금창출단위에 배분된 자산의 손상 여부를 결정합니다. 한편,영업권이 배분된 현금창출단위에는 매 보고기간 종료일마다 현금창출단위의 회수가능액을 추정하여 손상 평가를 수행하고 있습니다. 시가 총액과 순자산 장부 금액의 중요한 차이를 고려하여, 경영진은 당기말 현재 방송부문 현금창출단위에 손상 징후가 존재한다고 판단하였습니다.경영진은 현금창출단위의 장부금액과 할인된 현금흐름예측에 근거한 사용가치를 비교하여 현금창출단위에 배분된 회사의 비유동자산에 대한 손상평가를 수행하였습니다. 사용가치 추정에 중요한 영향을 미치는 매출액, 영업비용, 성장률과 할인율 등의 주요 가정의 결정시 유의적인 판단이 수반되어 편의가 개입될 가능성이 있으며, 그 금액이 유의적인 것으로 판단되는 바, 우리는 비유동자산의 손상평가를 핵심감사사항으로 식별하였습니다.핵심감사사항에 대응하기 위한 우리의 감사절차는 다음을 포함합니다.- 회사가 고용한 외부전문가의 자격 및 적격성 평가 - 회사의 추정의 정확성을 평가하기 위해 할인현금흐름을 포함한 전년도 예측치를 실제 결과와 비교 - 이사회에서 승인된 최근 사업계획, 과거 실적 비교를 통해 추정 매출, 영업비용 및 성장률을 포함한 사용가치 산정 시 사용된 주요 가정의 합리성 평가 - 관측가능한 정보를 사용하여 계산된 할인율과의 비교를 통해 적용된 할인율을 평가하기 위한 내부의 가치평가 전문가 활용 - 주요 가정의 변경으로 인한 경영진의 손상 평가에 미치는 영향을 평가하기 위해 할인율 및 영구성장률에 대한 민감도 분석 수행",,lookback
00203315,2019,(주)콘텐트리중앙,콘텐츠,20200330002955,연결,1,영업권 손상평가,"우리는 영업권 금액의 규모가 유의적이며, 회사의 현금창출단위의 사용가치 평가에 포함된 미래현금흐름 추정에는 미래 사업에 대한 예상과 할인율에 대한 경영진의 판단이 포함되므로 영업권의 손상검사에 관심을 기울였습니다. 특히, 우리는 각 현금창출단위에 배분된 영업권 중 금액적 유의성과 최근의 경영실적 등을 고려하여 메가박스중앙(주) 현금창출단위에 배분된 영업권 손상평가를 핵심감사사항으로 판단하였습니다.",핵심감사사항에 대응하기 위하여 우리는 다음을 포함한 감사절차를 수행하였습니다. - 연결회사가 활용한 외부전문가의 적격성 및 독립성 평가 - 경영진이 사용가치 추정에 사용한 가치평가모델의 적절성을 평가 - 미래 현금흐름 추정이 경영진에서 승인한 사업계획에 근거하여 합리적으로 산정되었는지 확인 - 사용가치 추정에 사용된 주요 가정의 합리성 평가 - 주요 가정의 변경이 손상 평가에 미치는 영향을 평가하기 위해 연결회사가 제시한 할인율 및 영구성장율에 대한 민감도 분석 결과 평가 (2) 리스기준서 도입에 따른 효과,subhead
00203315,2019,(주)콘텐트리중앙,콘텐츠,20200330002955,연결,2,리스기준서 도입에 따른 효과,"연결재무제표 주석16 및 37에 기술되어 있는 바와 같이, 연결회사는 기업회계기준서 제 1116호를 당기부터 적용하였으며, 이와 관련하여 연결회사가 2019년 12월 31일 현재 사용권자산으로 인식한 금액은 318,163백만원으로 연결총자산의 27.39% 입니다. 우리는 사용권자산의 측정과 관련하여 리스기간, 적용할인율 등 리스회계처리 전반에 연결회사 경영진의 추정 및 판단이 요구되는 사실을 고려하여, 해당 항목을 핵심감사사항으로 판단하였습니다.",핵심감사사항에 대응하기 위하여 우리는 다음을 포함한 감사절차를 수행하였습니다. - 리스회계처리 관련 연결회사의 정책 및 프로세스에 대한 이해 - 리스거래 포함 계약유형 식별의 완전성 검토 - 표본추출방식을 통하여 계약서에 따른 리스기간 및 금액에 대한 정확성 검토 - 적용할인율에 대한 적정성 검토 - 리스 회계처리에 대한 계산검증 수행,subhead
00203315,2020,(주)콘텐트리중앙,콘텐츠,20210317000814,연결,1,영업권 손상평가,"우리는 영업권 금액의 규모가 유의적이며, 회사의 현금창출단위의 사용가치 평가에 포함된 미래현금흐름 추정에는 미래 사업에 대한 예상과 할인율에 대한 경영진의 판단이 포함되므로 영업권의 손상검사에 관심을 기울였습니다. 특히, 우리는 각 현금창출단위에 배분된 영업권 중 금액적 유의성과 최근의 경영실적등을 고려하여 메가박스중앙(주) 현금창출단위에 배분된 영업권 손상평가를 핵심감사사항으로 판단하였습니다.",핵심감사사항에 대응하기 위하여 우리는 다음을 포함한 감사절차를 수행하였습니다. - 연결회사가 활용한 외부전문가의 적격성 및 독립성 평가 - 경영진이 사용가치 추정에 사용한 가치평가모델의 적절성을 평가 - 미래 현금흐름 추정이 경영진에서 승인한 사업계획에 근거하여 합리적으로 산정되 었는지 확인 - 사용가치 추정에 사용된 주요 가정의 합리성 평가 - 주요 가정의 변경이 손상 평가에 미치는 영향을 평가하기 위해 회사가 제시한 할인 율 및 영구성장율에 대한 민감도 분석 결과 평가,subhead
00203315,2021,(주)콘텐트리중앙,콘텐츠,20220323001342,연결,1,영업권 손상평가,"우리는 영업권 금액의 규모가 유의적이며, 회사의 현금창출단위의 사용가치 평가에 포함된 미래현금흐름 추정에는 미래 사업에 대한 예상과 할인율에 대한 경영진의 판단이 포함되므로 영업권의 손상검사에 관심을 기울였습니다. 특히, 우리는 각 현금창출단위에 배분된 영업권 중 금액적 유의성과 최근의 경영실적등을 고려하여 메가박스중앙(주) 현금창출단위에 배분된 영업권 손상평가를 핵심감사사항으로 판단하였습니다.",핵심감사사항에 대응하기 위하여 우리는 다음을 포함한 감사절차를 수행하였습니다. - 연결회사가 활용한 외부전문가의 적격성 및 독립성 평가 - 경영진이 사용가치 추정에 사용한 가치평가모델의 적절성을 평가 - 미래 현금흐름 추정이 경영진에서 승인한 사업계획에 근거하여 합리적으로 산정되 었는지 확인 - 사용가치 추정에 사용된 주요 가정의 합리성 평가 - 주요 가정의 변경이 손상 평가에 미치는 영향을 평가하기 위해 회사가 제시한 할인 율 및 영구성장율에 대한 민감도 분석 결과 평가,subhead
00203315,2022,(주)콘텐트리중앙,콘텐츠,20230321001329,연결,1,영업권 손상평가,"우리는 영업권 금액의 규모가 유의적이며, 회사의 현금창출단위의 사용가치 평가에 포함된 미래현금흐름 추정에는 미래 사업에 대한 예상과 할인율에 대한 경영진의 판단이 포함되므로 영업권의 손상검사에 관심을 기울였습니다. 특히, 우리는 각 현금창출단위에 배분된 영업권 중 금액적 유의성과 최근의 경영실적등을 고려하여 메가박스중앙(주) 등의 현금창출단위에 배분된 영업권 손상평가를 핵심감사사항으로 판단하였습니다.",핵심감사사항에 대응하기 위하여 우리는 다음을 포함한 감사절차를 수행하였습니다. - 연결회사가 활용한 외부전문가의 적격성 및 독립성 평가 - 경영진이 사용가치 추정에 사용한 가치평가모델의 적절성을 평가 - 미래 현금흐름 추정이 경영진에서 승인한 사업계획에 근거하여 합리적으로 산정되 었는지 확인 - 사용가치 추정에 사용된 주요 가정의 합리성 평가 - 주요 가정의 변경이 손상 평가에 미치는 영향을 평가하기 위해 회사가 제시한 할인 율 및 영구성장율에 대한 민감도 분석 결과 평가,subhead
00203315,2023,(주)콘텐트리중앙,콘텐츠,20240320001970,연결,1,회수가능가액의 산출에는 미래현금흐름의 추정,"핵심감사사항은 우리의 전문가적 판단에 따라 당기 연결재무제표감사에서 가장 유의적인 사항들입니다 . 해당 사항들은 연결재무제표 전체에 대한 감사의 관점에서 우리의 의견형성시 다루어졌으며, 우리는 이런 사항에 대하여 별도의 의견을 제공하지는 않습니다. 연결재무제표에 대한 주석 2와 17에서 설명하는 바와 같이, 연결회사는 영업권이 배분된 현금창출단위에 대해 매년 할인된 현금흐름법에 근거한 사용가치 계산을 통해 손상검사를 수행하고 있습니다. 연결회사의 주요 부문인 메가박스중앙주식회사는 자산손상 징후가 지속되고 있고, 동 현금창출단위에 배분된 영업권의 규모가 유의적입니다. 회수가능가액의 산출에는 미래현금흐름의 추정 , 성장률 및 할인율 등에 경영진의 유의적인 가정과 판단이 수반되고, 연결회사의 재무제표에 미칠 수 있는 잠재적인 영향이 중요하므로, 우리는 메가박스중앙주식회사 현금창출단위에 배분된 영업권의 손상검사를 핵심감사사항으로 결정하였습니다. 핵심감사사항에 대응하기 위하여 우리는 다음을 포함한 감사절차를 수행하였습니다 .우리는 이와 같은 감사절차의 수행 시 가치평가전문가를 감사팀에 포함하였습니다. - 손상검사와 관련한 회사의 회계정책 및 내부통제의 이해와 평가 - 경영진이 회수가능가액 추정에 사용한 가치평가 방법, 사용된 가정(할인율 등)의 적절성 평가 - 미래 추정현금흐름이 시장참여자 관점에서 조정된 일부 현금흐름을 제외하고 경영진이 승인한 사업계획에 기초하는지 확인 - 과거 추정과 실제 성과, 외부 시장정보, 거시경제환경 및 시장상황을 비교하여 추정의 합리성 평가 - 회수가능가액을 평가하는데 참여한 경영진 측 전문가의 적격성 및 객관성 평가 - 회수가능가액 계산의 정확성 검증 및 주요 가정들의 민감도 분석 - 현금창출단위에 배부된 비교대상 장부가액의 적절성 확인",,lookback
00203315,2024,(주)콘텐트리중앙,콘텐츠,20250320001749,연결,1,메가박스중앙 주식회사의 현금창출단위에 대한 손상검사,"핵심감사사항은 우리의 전문가적 판단에 따라 당기 연결재무제표감사에서 가장 유의적인 사항들입니다. 해당 사항들은 연결재무제표 전체에 대한 감사의 관점에서 우리의 의견형성시 다루어졌으며, 우리는 이런 사항에 대하여 별도의 의견을 제공하지는 않습니다.연결재무제표에 대한 주석 2, 14, 16 및 17에서 설명하는 바와 같이, 연결회사의 주요 부문인 메가박스중앙 주식회사는 손상징후가 식별된 현금창출단위에 대하여 할인된 현금흐름법에 근거한 사용가치 계산을 통해 손상검사를 수행하였고, 당기 중 12,258백만원의 유무형자산 및 사용권자산 손상차손을 인식하였습니다.회수가능가액의 산출에는 미래현금흐름의 추정, 성장률 및 할인율 등에 경영진의 유의적인 가정과 판단이 수반되고, 연결회사의 재무제표에 미칠 수 있는 잠재적인 영향이 중요하므로, 우리는 메가박스중앙 주식회사의 현금창출단위에 대한 손상검사를 핵심감사사항으로 결정하였습니다.핵심감사사항에 대응하기 위하여 우리는 메가박스중앙 주식회사의 부문감사인이 수행한 다음 업무에 대해 관여하고 부문감사인의 감사조서를 검토하였습니다. - 현금창출단위 손상검사와 관련한 부문의 회계정책 및 내부통제의 이해 - 부문감사인의 내부 가치평가전문가 활용을 통하여 경영진의 회수가능가액 추정에 사용한 가치평가 방법, 사용된 가정(할인율 등)의 적절성 평가 - 미래 추정현금흐름이 시장참여자 관점에서 조정된 일부 현금흐름을 제외하고 경영진이 승인한 사업계획에 기초하는지 확인 - 과거 추정과 실제 성과, 외부 시장정보, 거시경제환경 및 시장상황을 비교하여 추정의 합리성 평가 - 회수가능가액을 평가하는데 참여한 경영진 측 전문가의 적격성 및 독립성 평가 - 회수가능가액 계산의 정확성 검증 및 주요 가정들의 민감도 분석 - 현금창출단위의 비교대상 장부가액 산정의 적절성 확인",,decl
00204642,2019,(주)티비씨,콘텐츠,20200330000512,연결,1,CPS(Cost Per Subscriber)매출,": 2019년 12월 31일로 종료하는 보고기간 중 연결회사는 IPTV, 케이블SO 및 위성방송 등의 유료방송업자와 지상파방송 공급계약을 체결하고 그 방송프로그램을 공급한 대가로 9,182백만원을 매출로 인식하였으며, 2018년 12월 31일로 종료하는 보고기간 중에 매출로 인식한 4,332백만원보다 4,850백만원이 증가하였습니다. 매출은 고객과의 계약 및 판매조건에 따라 다양한 이행의무가 존재하고 각 재화나 용역의 통제의 이전 시기가 다르기 때문에 수익인식기준 적용에 대한 경영진의 판단이 요구됩니다. 따라서 판단의 오류에 따른 수익의 과대계상 위험에 노출되어 있어 우리는 CPS매출을 핵심감사사항으로 결정하였습니다.",": CPS매출에 대하여 우리가 수행한 주요 감사절차는 다음과 같습니다. - 연결회사의 수익인식 프로세스와 회계정책 및 관련 통제활동에 대한 이해 및 평가 - 계약서 검토를 통한 수익인식 기준 적용의 타당성 검토 - 수익금액의 계산ㆍ결정, 대금청구ㆍ회수 및 회계처리에 대한 입증감사절차",subhead
00204642,2020,(주)티비씨,콘텐츠,20210317000389,연결,1,수익인식의 적정성,"핵심감사사항은 우리의 전문가적 판단에 따라 당기 연결재무제표감사에 서 가장 유의적인 사항들입니다. 해당 사항들은 연결재무제표 전체에 대한 감사의 관점에서 우리의 의견형성시 다루어졌으며, 우리는 이런 사항에 대하여 별도의 의견을 제공하지는 않습니다. (1) 수익인식의 적정성 연결회사의 매출은 방송광고수익과 사업수익 등으로 구성되어 있습니다. 각각의 매출 형태별로 수익의 인식과 관련하여서는 고유한 위험이 존재합니다. 이러한 관점에서 수익의 인식과 관련한 기간귀속 및 과대 계상오류의 가능성이 존재한다고 가정을 하였으며, 이에 따라 수익인식의 적정성을 핵심감사사항으로 판단하였습니다. 이와 관련하여 ",우리가 수행한 주요 감사절차는 다음과 같습니다. - 주요 매출 거래유형의 식별 및 계약서를 통한 회계처리 검토 - 매출수익인식에 관한 인식기준 및 회계처리의 타당성 검토 - 회계기간 중 기록된 매출 거래 중 추출된 표본 매출거래의 실증절차 수행 - 보고기간말 전후의 매출에 대한 증빙과 수익인식시점의 적정성 확인,lookback
00204642,2021,(주)티비씨,콘텐츠,20220316000640,연결,1,수익인식의 적정성,"핵심감사사항은 우리의 전문가적 판단에 따라 당기 연결재무제표감사에서 가장 유의적인 사항들입니다. 해당 사항들은 연결재무제표 전체에 대한 감사의 관점에서 우리의 의견형성시 다루어졌으며, 우리는 이런 사항에 대하여 별도의 의견을 제공하지는 않습니다. (1) 수익인식의 적정성 연결회사의 매출은 방송광고수익과 사업수익 등으로 구성되어 있습니다. 각각의 매출 형태별로 수익의 인식과 관련하여서는 고유한 위험이 존재합니다. 이러한 관점에서 수익의 인식과 관련한 기간귀속 및 과대 계상오류의 가능성이 존재한다고 가정을 하였으며, 이에 따라 수익인식의 적정성을 핵심감사사항으로 판단하였습니다. 이와 관련하여 ",우리가 수행한 주요 감사절차는 다음과 같습니다. - 주요 매출 거래유형의 식별 및 계약서를 통한 회계처리 검토 - 매출수익인식에 관한 인식기준 및 회계처리의 타당성 검토 - 회계기간 중 기록된 매출 거래 중 추출된 표본 매출거래의 실증절차 수행 - 보고기간말 전후의 매출에 대한 증빙과 수익인식시점의 적정성 확인,lookback
00204642,2022,(주)티비씨,콘텐츠,20230315001317,연결,1,수익인식의 적정성,"핵심감사사항은 우리의 전문가적 판단에 따라 당기 연결재무제표감사에서 가장 유의적인 사항들입니다. 해당 사항들은 연결재무제표 전체에 대한 감사의 관점에서 우리의 의견형성시 다루어졌으며, 우리는 이런 사항에 대하여 별도의 의견을 제공하지는 않습니다. (1) 수익인식의 적정성연결회사의 매출은 방송광고수익과 사업수익 등으로 구성되어 있습니다. 각각의 매출 형태별로 수익의 인식과 관련하여서는 고유한 위험이 존재합니다. 이러한 관점에서 수익의 인식과 관련한 기간귀속 및 과대 계상오류의 가능성이 존재한다고 가정을 하였으며, 이에 따라 수익인식의 적정성을 핵심감사사항으로 판단하였습니다.이와 관련하여 ",우리가 수행한 주요 감사절차는 다음과 같습니다.- 주요 매출 거래유형의 식별 및 계약서를 통한 회계처리 검토- 매출수익인식에 관한 인식기준 및 회계처리의 타당성 검토- 회계기간 중 기록된 매출 거래 중 추출된 표본 매출거래의 실증절차 수행- 보고기간말 전후의 매출에 대한 증빙과 수익인식시점의 적정성 확인,decl
00204642,2023,(주)티비씨,콘텐츠,20240321001617,연결,1,수익인식의 적정성,"핵심감사사항은 우리의 전문가적 판단에 따라 당기 연결재무제표감사에서 가장 유의적인 사항들입니다. 해당 사항들은 연결재무제표 전체에 대한 감사의 관점에서 우리의 의견형성시 다루어졌으며, 우리는 이런 사항에 대하여 별도의 의견을 제공하지는 않습니다. (1) 수익인식의 적정성연결회사의 매출은 방송광고수익과 사업수익 등으로 구성되어 있습니다. 각각의 매출 형태별로 수익의 인식과 관련하여서는 고유한 위험이 존재합니다. 이러한 관점에서 수익의 인식과 관련한 기간귀속 및 과대 계상오류의 가능성이 존재한다고 가정을 하였으며, 이에 따라 수익인식의 적정성을 핵심감사사항으로 판단하였습니다.이와 관련하여 ",우리가 수행한 주요 감사절차는 다음과 같습니다.- 주요 매출 거래유형의 식별 및 계약서를 통한 회계처리 검토- 매출수익인식에 관한 인식기준 및 회계처리의 타당성 검토- 회계기간 중 기록된 매출 거래 중 추출된 표본 매출거래의 실증절차 수행- 보고기간말 전후의 매출에 대한 증빙과 수익인식시점의 적정성 확인,decl
00204642,2024,(주)티비씨,콘텐츠,20250320000674,연결,1,수익인식의 적정성,"연결회사의 매출은 방송광고수익과 사업수익 등으로 구성되어 있습니다. 고객과의계약에서 연결회사는 재화나 용역의 통제가 고객에 이전되었을 때, 해당 재화나 용역의 대가로 받을 권리를 갖게 될 것으로 예상하는 대가를 반영하는 금액으로 수익을 인식합니다 수익은 연결회사의 주요 성과지표 중 하나이며, 이해관계자들이 주된 관심을 가지고 있는 지표로 목표 또는 기대치를 달성하기 위한 과대계상 위험이 존재합니다. 고객과의 거래 조건에 따라 수행의무의 범위와 통제이전시기가 다양할 수 있으며, 이에 대한 경영진의 판단이 요구되므로 수익인식의 적정성을 핵심감사사항으로 선정하였습니다.",핵심감사사항에 대응하기 위하여 우리는 다음을 포함한 감사절차를 수행하였습니다. ㆍ매출 인식 관련 회사의 수익 인식 회계정책의 적정성 검토ㆍ수익인식 관련 내부통제에 대한 이해와 평가ㆍ당기 중 발생한 매출거래에 대하여 표본추출방식을 이용한 실증절차ㆍ보고기간말 전ㆍ후에 발생한 매출에 대하여 발생증빙과 회사의 수익인식시점 비교,subhead
00207755,2020,(주)지에스홈쇼핑,콘텐츠,20210317000112,연결,1,사용가치,"핵심감사사항은 우리의 전문가적 판단에 따라 당기 연결재무제표감사에서 가장 유의적인 사항들입니다. 해당 사항들은 연결재무제표 전체에 대한 감사의 관점에서 우리의 의견형성시 다루어졌으며, 우리는 이런 사항에 대하여 별도의 의견을 제공하지는 않습니다. 연결재무제표에 대한 주석 14에서 기술한 바와 같이 2020년 12월 31일 현재 연결기업의 연결재무제표에 인식된 영업권 등 기타무형자산은 14,118백만원이며 전액 주식회사 텐바이텐(이하 ""텐바이텐"")과 관련한 금액입니다. 연결기업은 텐바이텐에 대한 영업권 등 기타무형자산에 대하여 할인된 현금흐름법 등에 근거한 사용가치 계산을 활용하여 손상검사를 수행하였습니다. 사용가치 결정에는 예상 미래현금흐름의 추정을 위한 미래 수익, 영업비용, 영구성장률, 그리고 할인율 등과 관련한 연결기업 경영진의 유의적인 판단과 추정이 수반됩니다. 또한, 연결기업의 연결재무제표에서 텐바이텐에 대한 영업권 등 기타무형자산의 비중이 연결기업의 연결재무제표에 미치는 영향이 유의적인 점을 고려하여 우리는 텐바이텐에 대한 영업권 등 기타무형자산 손상검사를 핵심감사사항으로 선정하였습니다. 이와 관련하여 ",우리가 수행한 주요 감사절차는 다음과 같습니다. ㆍ연결기업의 영업권 등 기타무형자산에 대한 손상검사 프로세스에 대한 이해 ㆍ손상검사보고서를 작성한 외부전문가의 적격성 및 객관성 평가 ㆍ감사인의 내부전문가를 활용하여 손상검사 시 추정한 미래기대현금흐름에 적용된 가정 및 추정의 적정성 검토 ㆍ감사인의 내부전문가를 활용하여 할인율에 대한 적정성 검토,lookback
00208134,2019,(주)케이엔엔,콘텐츠,20200330000904,연결,1,매출의 인식,"핵심감사사항은 우리의 전문가적 판단에 따라 당기 연결재무제표감사에서 가장 유의적인사항들입니다. 해당 사항들은 연결재무제표 전체에 대한 감사의 관점에서 우리의 의견형성 시 다루어졌으며, 우리는 이런 사항에 대하여 별도의 의견을 제공하지는않습니다. - 매출의 인식 회사의 매출은 방송광고수익과 사업수익 등으로 구성되어 있습니다. 고객과의 계약에서 회사는 재화나 용역의 통제가 고객에 이전되었을 때, 해당 재화나 용역의 대가로 받을 권리를 갖게 될 것으로 예상하는 대가를 반영하는 금액으로 수익을 인식합니다. 회사는 다수의 이해관계가 존재하는 상장사로 영업성과에 대한 시장참여자의 기대가 존재하며, 수익은 회사의 주요 성과지표에 포함되므로 목표 또는 기대치를 달성하기 위해 조정될 수 있는 고유위험이 높은 항목입니다. 따라서 우리는 매출 인식을 핵심감사사항으로 식별하였습니다. 핵심감사사항에 대응하기 위한 우리의 감사절차는 다음을 포함합니다. - 수익인식 회계정책 검토 회사의 실제 수익인식시점과 수익인식 금액이 기업회계기준서 제1115호 '고객과의 계약으로 생기는 수익'에 부합하는지 검토하였습니다. - 매출 기간귀속의 적정성 검토 보고기간종료일 전후로 발생된 매출을 모집단으로 통계적 기법을 이용하여 추출한 표본에 대하여 실제 거래의 인식 시점이 회사의 수익인식 회계정책의 관점에서 일치하는지 확인하였습니다.",,lookback
00208134,2020,(주)케이엔엔,콘텐츠,20210218001114,연결,1,수익인식의 적정성,"핵심감사사항은 우리의 전문가적 판단에 따라 당기 재무제표 감사에서 가장 유의적인 사항들입니다. 해당 사항들은 연결재무제표 전체에 대한 감사의 관점에서 우리의 의견형성 시 다루어졌으며, 우리는 이런 사항에 대하여 별도의 의견을 제공하지는 않습니다. 우리는 핵심감사사항으로 수익인식의 적정성을 선정하였습니다. 회사의 매출은 방송광고수익과 사업수익 등으로 구성되어 있습니다. 각각의 매출 형태별로 수익의 인식과 관련하여서는 고유한 위험이 존재합니다. 이러한 관점에서 수익의 인식과 관련한 기간귀속 및 과대 계상오류의 가능성이 존재한다고 가정을 하였으며, 이에 따라 수익인식의 적정성을 핵심감사사항으로 판단하였습니다. 이와 관련하여 ","우리가 수행한 주요 감사절차는 다음과 같습니다. ·주요 매출 거래유형의 식별 및 계약서를 통한 회계처리 검토 ·매출수익인식에 관한 인식기준 및 회계처리의 타당성 검토 ·회계기간 중 기록된 매출 거래 중 추출된 표본 매출거래의 실증절차 수행 ·보고기간말 전후의 매출에 대한 증빙과 수익인식시점의 적정성 확인 ·보고기간말 이후에 취소 처리된 매출이 있는지 확인하고, 이에 대해 매출원장에 전기되기까지의 과정을 추적하여 매출의 기간귀속의 적정성 확인",decl
00208134,2021,(주)케이엔엔,콘텐츠,20220314000905,연결,1,수익인식의 적정성,"핵심감사사항은 우리의 전문가적 판단에 따라 당기 재무제표 감사에서 가장 유의적인 사항들입니다. 해당 사항들은 연결재무제표 전체에 대한 감사의 관점에서 우리의 의견형성 시 다루어졌으며, 우리는 이런 사항에 대하여 별도의 의견을 제공하지는 않습니다. 우리는 핵심감사사항으로 수익인식의 적정성을 선정하였습니다. 회사의 매출은 방송광고수익과 사업수익 등으로 구성되어 있습니다. 각각의 매출 형태별로 수익의 인식과 관련하여서는 고유한 위험이 존재합니다. 이러한 관점에서 수익의 인식과 관련한 기간귀속 및 과대 계상오류의 가능성이 존재한다고 가정을 하였으며, 이에 따라 수익인식의 적정성을 핵심감사사항으로 판단하였습니다. 이와 관련하여 ","우리가 수행한 주요 감사절차는 다음과 같습니다. ·주요 매출 거래유형의 식별 및 계약서를 통한 회계처리 검토 ·매출수익인식에 관한 인식기준 및 회계처리의 타당성 검토 ·회계기간 중 기록된 매출 거래 중 추출된 표본 매출거래의 실증절차 수행 ·보고기간말 전후의 매출에 대한 증빙과 수익인식시점의 적정성 확인 ·보고기간말 이후에 취소 처리된 매출이 있는지 확인하고, 이에 대해 매출원장에 전기되기까지의 과정을 추적하여 매출의 기간귀속의 적정성 확인",decl
00208134,2022,(주)케이엔엔,콘텐츠,20230315001086,연결,1,수익인식의 적정성,"핵심감사사항은 우리의 전문가적 판단에 따라 당기 재무제표 감사에서 가장 유의적인 사항들입니다. 해당 사항들은 연결재무제표 전체에 대한 감사의 관점에서 우리의 의견형성 시 다루어졌으며, 우리는 이런 사항에 대하여 별도의 의견을 제공하지는 않습니다.우리는 핵심감사사항으로 수익인식의 적정성을 선정하였습니다.회사의 매출은 방송광고수익과 사업수익 등으로 구성되어 있습니다. 각각의 매출 형태별로 수익의 인식과 관련하여서는 고유한 위험이 존재합니다. 이러한 관점에서 수익의 인식과 관련한 기간귀속 및 과대 계상오류의 가능성이 존재한다고 가정을 하였으며, 이에 따라 수익인식의 적정성을 핵심감사사항으로 판단하였습니다.이와 관련하여 ","우리가 수행한 주요 감사절차는 다음과 같습니다.·주요 매출 거래유형의 식별 및 계약서를 통한 회계처리 검토·매출수익인식에 관한 인식기준 및 회계처리의 타당성 검토·회계기간 중 기록된 매출 거래 중 추출된 표본 매출거래의 실증절차 수행·보고기간말 전후의 매출에 대한 증빙과 수익인식시점의 적정성 확인·보고기간말 이후에 취소 처리된 매출이 있는지 확인하고, 이에 대해 매출원장에 전기되기까지의 과정을 추적하여 매출의 기간귀속의 적정성 확인",decl
00208134,2023,(주)케이엔엔,콘텐츠,20240313001296,연결,1,매출 인식,"핵심감사사항은 우리의 전문가적 판단에 따라 당기 연결재무제표 감사에서 가장 유의적인 사항들입니다. 해당 사항들은 연결재무제표 전체에 대한 감사의 관점에서 우리의 의견형성 시 다루어졌으며, 우리는 이런 사항에 대하여 별도의 의견을 제공하지는 않습니다.- 매출의 인식회사의 매출은 방송광고수익과 사업수익 등으로 구성되어 있습니다. 고객과의 계약에서 회사는 재화나 용역의 통제가 고객에 이전되었을 때, 해당 재화나 용역의 대가로 받을 권리를 갖게 될 것으로 예상하는 대가를 반영하는 금액으로 수익을 인식합니다. 회사는 다수의 이해관계가 존재하는 상장사로 영업성과에 대한 시장참여자의 기대가 존재하며, 수익은 회사의 주요 성과지표에 포함되므로 목표 또는 기대치를 달성하기 위해 조정될 수 있는 고유위험이 높은 항목입니다. 따라서 우리는 매출 인식을 핵심감사사항으로 식별하였습니다. 핵심감사사항에 대응하기 위한 우리의 감사절차는 다음을 포함합니다. - 수익인식 회계정책 검토회사의 실제 수익인식시점과 수익인식 금액이 기업회계기준서 제1115호 '고객과의 계약으로 생기는 수익'에 부합하는지 검토하였습니다. - 매출 기간귀속의 적정성 검토보고기간 말 전후 발생한 매출거래 중 표본추출된 거래에 대하여 실제 거래의 인식 시점이 회사의 수익인식 회계정책의 관점에서 일치하는지 확인하였습니다.",,decl
00208134,2024,(주)케이엔엔,콘텐츠,20250313000812,연결,1,매출 인식,"핵심감사사항은 우리의 전문가적 판단에 따라 당기 연결재무제표 감사에서 가장 유의적인 사항들입니다. 해당 사항들은 연결재무제표 전체에 대한 감사의 관점에서 우리의 의견형성 시 다루어졌으며, 우리는 이런 사항에 대하여 별도의 의견을 제공하지는 않습니다.- 매출의 인식회사의 매출은 방송광고수익과 사업수익 등으로 구성되어 있습니다. 고객과의 계약에서 회사는 재화나 용역의 통제가 고객에 이전되었을 때, 해당 재화나 용역의 대가로 받을 권리를 갖게 될 것으로 예상하는 대가를 반영하는 금액으로 수익을 인식합니다. 회사는 다수의 이해관계가 존재하는 상장사로 영업성과에 대한 시장참여자의 기대가 존재하며, 수익은 회사의 주요 성과지표에 포함되므로 목표 또는 기대치를 달성하기 위해 조정될 수 있는 고유위험이 높은 항목입니다. 따라서 우리는 매출 인식을 핵심감사사항으로 식별하였습니다. 핵심감사사항에 대응하기 위한 우리의 감사절차는 다음을 포함합니다. - 수익인식 회계정책 검토회사의 실제 수익인식시점과 수익인식 금액이 기업회계기준서 제1115호 '고객과의 계약으로 생기는 수익'에 부합하는지 검토하였습니다. - 매출 기간귀속의 적정성 검토보고기간 말 전후 발생한 매출거래 중 표본추출된 거래에 대하여 실제 거래의 인식 시점이 회사의 수익인식 회계정책의 관점에서 일치하는지 확인하였습니다.",,decl
00222532,2019,(주)엘지헬로비전,콘텐츠,20200330004028,연결,1,영업권 손상평가,"영업권 손상 평가시 회수가능액은 사용가치를 기초로 결정하며 사용가치는 자산의 계속적인 사용으로부터 기대되는 미래현금흐름을 할인하여 결정합니다. 현금창출단위에 대하여 결정된 사용가치는 현금흐름할인모형에서 사용된 할인율과 영구성장률과 같은 중요 가정에 많은 영향을 받습니다. 또한 손상평가 과정에서는, 해당 회사의 사업계획 등 경영진의 높은 주관성이 수반되는 것으로 판단됩니다. 따라서 우리는 영업권 손상 평가시 경영진의 중요한 가정과 추정이 개입되어 회수가능액 측정에 오류 가능성이 있는 바, 우리는 이를 핵심감사사항으로 결정하였습니다.","우리는 회사의 경영진이 영업권 회수가능액을 추정하기 위해 사용한 주요 가정 및 미래현금흐름 추정 모델에 대하여 다음의 감사절차를 수행하였습니다. - 사용가치 측정 및 손상차손 인식 관련 회사의 내부통제 설계에 대한 이해 - 미래현금흐름 추정에 적용된 가입자수, 가입자당수익 가정에 대한 질문과 해당 가정의 실현가능성에 대한 독립적인 확인 - 사용가치 측정에 사용한 미래현금흐름 추정 관련 가정의 적합성 평가에 대한 소급적 검토 및 과거 평균 데이터와의 비교분석 - 미래현금흐름 추정 모델의 합리성 및 수학적 정확성을 확인 - 할인율 등에 대해 감사인의 내부 가치평가 전문가를 활용하여 검증 (2) 기대가입기간",subhead
00222532,2019,(주)엘지헬로비전,콘텐츠,20200330004028,연결,2,기대가입기간,"기대가입기간은 자산화대상 유치수수료 및 계약자산과 계약부채 등의 장부금액 산정에 영향을 미치며, 가입자의 기대가입기간의 추정에 경영진의 가정과 변수에 영향을 받습니다. 이러한 가정과 변수에 대한 경영진의 판단은 주관성이 수반되며 우리는 이러한 경영진의 가정에 개입될 수 있는 경영진의 의도 가능성을 고려할 때 기대가입기간추정에 오류가능성이 있는 바, 우리는 이를 핵심감사사항으로 결정했습니다.","우리는 회사의 경영진이 기대가입기간을 추정하기 위해 사용한 주요 가정 및 관련 정보에 대하여 다음의 감사절차를 수행하였습니다. - 기대가입기간 추정을 위한 회사의 내부통제 설계에 대한 이해 - 기대가입기간 산정시 사용한 주요가정의 적합성 검토 및 관련 데이터와의 비교분석 - 기대가입기간 산정을 위해 회사가 사용한 해지가입자 정보에 대한 정확성, 완전성 확인",subhead
00222532,2020,(주)엘지헬로비전,콘텐츠,20210304000345,연결,1,영업권 손상평가,"영업권 손상 평가시 회수가능액은 사용가치를 기초로 결정하며 사용가치는 자산의 계속적인 사용으로부터 기대되는 미래현금흐름을 할인하여 결정합니다. 현금창출단위에 대하여 결정된 사용가치는 현금흐름할인모형에서 사용된 할인율과 영구성장률과 같은 중요 가정에 많은 영향을 받습니다. 또한 손상평가 과정에서는, 해당 회사의 사업계획 등 경영진의 높은 주관성이 수반되는 것으로 판단됩니다. 따라서 우리는 영업권 손상 평가시 경영진의 중요한 가정과 추정이 개입되어 회수가능액 측정에 오류 가능성이 있는 바, 우리는 이를 핵심감사사항으로 결정하였습니다.","우리는 회사의 경영진이 영업권 회수가능액을 추정하기 위해 사용한 주요 가정 및 미래현금흐름 추정 모델에 대하여 다음의 감사절차를 수행하였습니다. - 사용가치 측정 및 손상차손 인식 관련 회사의 내부통제 설계에 대한 이해 - 미래현금흐름 추정에 적용된 가입자수, 가입자당수익 가정에 대한 질문과 해당 가정의 실현가능성에 대한 독립적인 확인 - 사용가치 측정에 사용한 미래현금흐름 추정 관련 가정의 적합성 평가에 대한 소급적 검토 및 과거 평균 데이터와의 비교분석 - 미래현금흐름 추정 모델의 합리성 및 수학적 정확성을 확인 - 할인율 등에 대해 감사인의 내부 가치평가 전문가를 활용하여 검증",subhead
00222532,2021,(주)엘지헬로비전,콘텐츠,20220303000727,연결,1,영업권 손상평가,"영업권 손상 평가시 회수가능액은 사용가치를 기초로 결정하며 사용가치는 자산의 계속적인 사용으로부터 기대되는 미래현금흐름을 할인하여 결정합니다. 현금창출단위에 대하여 결정된 사용가치는 현금흐름할인모형에서 사용된 할인율과 영구성장률과 같은 중요 가정에 많은 영향을 받습니다. 또한 손상평가 과정에서는, 해당 회사의 사업계획 등 경영진의 높은 주관성이 수반되는 것으로 판단됩니다. 따라서 우리는 영업권 손상 평가시 경영진의 중요한 가정과 추정이 개입되어 회수가능액 측정에 오류 가능성이 있는 바, 우리는 이를 핵심감사사항으로 결정하였습니다.","우리는 회사의 경영진이 영업권 회수가능액을 추정하기 위해 사용한 주요 가정 및 미래현금흐름 추정 모델에 대하여 다음의 감사절차를 수행하였습니다. - 사용가치 측정 및 손상차손 인식 관련 회사의 내부통제 설계에 대한 이해 - 미래현금흐름 추정에 적용된 가입자수, 가입자당수익 가정에 대한 질문과 해당 가정의 실현가능성에 대한 독립적인 확인 - 사용가치 측정에 사용한 미래현금흐름 추정 관련 가정의 적합성 평가에 대한 소급적 검토 및 과거 평균 데이터와의 비교분석 - 미래현금흐름 추정 모델의 합리성 및 수학적 정확성을 확인 - 회사측 외부 가치평가 전문가의 독립성, 객관성, 적격성에 대한 확인 - 할인율 등에 대해 감사인의 내부 가치평가 전문가를 활용하여 검증",subhead
00223762,2020,(주)케이티지니뮤직,콘텐츠,20210316000511,별도,1,영업권 손상 검사,"재무제표에 대한 주석 2.3.9에 기술되어 있는 바와 같이, 회사는 매년 영업권에 대해서 손상검사를 수행하고 있습니다. 회사는 영업권이 속한 현금창출단위의 회수가능액과 장부금액을 비교하여 손상여부를 판단합니다. 회사는 현금창출단위의 회수가능액을 산정하기 위해 가입자 수, 가입자당 매출 등 예측 정보를 반영한 미래 현금흐름과 할인율 등을 추정하였으며, 추정을 위한 주요 가정의 결정시 경영진의 유의적인 판단이 포함되었습니다. 우리는 영업권의 장부금액이 재무제표에서 중요하고, 경영진의 가정이 회수가능액 산정에 미치는 영향이 유의적이며 현금창출단위의 회수가능액 평가에 대한 전문 지식, 높은 수준의 판단과 노력이 필요하다고 판단되어 영업권 손상검사를 핵심감사사항으로 식별하였습니다.","핵심감사사항에 대응하기 위하여 우리는 다음을 포함한 감사절차를 수행하였습니다. ·회사의 영업권 손상과 관련된 절차와 통제를 이해하고 평가 ·회사의 사업에 대한 이해 및 현금창출단위 식별에 대한 평가 ·회수가능액 산정에 참여한 경영진측 전문가의 적격성과 독립성 평가 ·회수가능액 추정에 사용된 주요 가정의 합리성 평가 ·현금창출단위의 영업수익성장률, 영업이익률, 투자활동 예측이 과거성과, 시장상황과 비교하여 일관성이 있는지 확인 ·경영진이 회수가능액 추정에 사용한 가치평가 모델의 적정성 평가 ·주요 가정의 변경이 손상평가에 미치는 영향을 평가하기 위해 경영진이 수행한 할인율에 대한 민감도 분석 결과 평가",subhead
00223762,2021,(주)케이티지니뮤직,콘텐츠,20220321001520,연결,1,영업권 등 손상 평가,"연결재무제표에 대한 주석 2.3.11 및 주석 12.(4)에 기술되어 있는 바와 같이, 연결회사는 씨제이디지털뮤직(주) 합병과 관련한 영업권에 대해서 손상검사를 수행하고 있습니다. 연결회사는 영업권이 속한 현금창출단위의 회수가능액과 장부금액을 비교하여 손상여부를 판단합니다. 연결회사는 현금창출단위의 회수가능액을 산정하기 위해 가입자 수, 가입자당 매출 등 예측 정보를 반영한 미래 현금흐름과 할인율 등을 추정하였으며, 추정을 위한 주요 가정의 결정시 경영진의 유의적인 판단이 포함되었습니다. 우리는 영업권의 장부금액이 연결재무제표에서 중요하고, 경영진의 가정이 회수가능액 산정에 미치는 영향이 유의적이며 현금창출단위의 회수가능액 평가에 대한 전문 지식, 높은 수준의 판단과 노력이 필요하다고 판단되어 영업권 손상평가를 핵심감사사항으로 식별하였습니다.","핵심감사사항에 대응하기 위하여 우리는 다음을 포함한 감사절차를 수행하였습니다.- 연결회사의 영업권 손상과 관련된 내부 통제를 이해하고 평가 - 연결회사의 사업에 대한 이해 및 현금창출단위 식별에 대한 평가 - 회수가능액 산정에 참여한 경영진측 전문가의 적격성과 독립성 평가 - 회수가능액 추정에 사용된 주요 가정의 합리성 평가 - 현금창출단위의 영업수익성장률, 영업이익률, 투자활동 예측이 과거성과, 시장상황과 비교하여 일관성이 있는지 확인 - 경영진이 회수가능액 추정에 사용한 가치평가 모델의 적정성 평가 - 주요 가정의 변경이 손상평가에 미치는 영향을 평가하기 위해 경영진이 수행한 할인율에 대한 민감도 분석 결과 평가 (2) 사업결합 회계처리",subhead
00223762,2021,(주)케이티지니뮤직,콘텐츠,20220321001520,연결,2,사업결합 회계처리,"연결재무제표에 대한 주석 37에 기술되어 있는 바와 같이, 연결회사는 2021년 9월 30일 (주)밀리의서재에 대한 지분을 취득하여 지배력을 획득하였고, 한국채택국제회계기준 1103호 '사업결합'에 따라 회계처리 하였습니다. 매수가격은 인수한 여러 자산과 부채에 배분되었으며, 이러한 배분은 공정가치 추정에 근거합니다. 연결회사는 인수된 주요 유무형자산의 공정가치를 평가하기 위하여 독립적인 외부전문가를 활용하였습니다. 우리는 취득한 금액의 규모와 매수 가격 배분과 관련된 유의적인 경영진의 판단이 포함된다는 점을 고려하여 사업결합 회계처리를 핵심감사사항으로 식별하였습니다.","- 연결회사의 사업결합 회계처리와 관련된 내부 통제를 이해하고 평가 - 주식인수 계약서를 열람하여 주요약정을 확인 - 연결회사가 취득한 식별가능한 무형자산, 기타 자산 및 부채의 공정가치 결정에 사용된 방법론의 적절성을 평가 - 공정가치 결정에 사용된 주요 기초 가정 및 변수가 다른 영역의 평가에 사용된 것과 일관성이 있고 합리적인 수준인지 평가 - 공정가치 계산의 정확성 확인 - 사업결합과 관련하여 연결재무제표 주석 공시사항의 적절성을 평가",subhead
00223762,2022,(주)케이티지니뮤직,콘텐츠,20230323000549,연결,1,높은 수준의 판단과 노력이 필요하다고 판단되어 영업권 손상검사,"핵심감사사항은 우리의 전문가적 판단에 따라 당기 재무제표감사에서 가장 유의적인사항들입니다. 해당 사항들은 재무제표 전체에 대한 감사의 관점에서 우리의 의견형성 시 다루어졌으며, 우리는 이런 사항에 대하여 별도의 의견을 제공하지는 않습니다. - 영업권 손상 검사(씨제이디지털뮤직(주) 및 (주)밀리의 서재)(1) 핵심감사사항으로 결정된 이유연결재무제표에 대한 주석 2.3.9 및 주석 12.(4)에 기술되어 있는 바와 같이, 연결회사는 영업권에 대해서 손상검사를 수행하고 있습니다. 연결회사는 영업권이 속한 현금창출단위의 회수가능액과 장부금액을 비교하여 손상여부를 판단합니다.연결회사는 현금창출단위의 회수가능액을 산정하기 위해 가입자 수, 가입자당 매출 등 예측 정보를 반영한 미래 현금흐름과 할인율 등을 추정하였으며, 추정을 위한 주요 가정의 결정시 경영진의 유의적인 판단이 포함되었습니다.우리는 영업권의 장부금액이 연결재무제표에서 중요하고, 경영진의 가정이 회수가능액 산정에 미치는 영향이 유의적이며 현금창출단위의 회수가능액 평가에 대한 전문 지식, 높은 수준의 판단과 노력이 필요하다고 판단되어 영업권 손상검사를 핵심감사사항으로 식별하였습니다.(2) 핵심감사사항이 감사에서 다루어진 방법핵심감사사항에 대응하기 위하여 우리는 다음을 포함한 감사절차를 수행하였습니다.- 연결회사의 영업권 손상과 관련된 내부 통제를 이해하고 평가- 연결회사의 사업에 대한 이해 및 현금창출단위 식별에 대한 평가- 회수가능액 산정에 참여한 경영진측 전문가의 적격성과 독립성 평가- 회수가능액 추정에 사용된 주요 가정의 합리성 평가- 현금창출단위의 영업수익성장률, 영업이익률, 투자활동 예측이 과거성과, 시장상황과 비교하여 일관성이 있는지 확인- 경영진이 회수가능액 추정에 사용한 가치평가 모델의 적정성 평가- 주요 가정의 변경이 손상평가에 미치는 영향을 평가하기 위해 경영진이 수행한 할인율에 대한 민감도 분석 결과 평가",,decl
00223762,2023,(주)케이티지니뮤직,콘텐츠,20240320000488,연결,1,영업권 손상 검사(씨제이디지털뮤직(주) 및 (주)밀리의서재),,핵심감사사항에 대응하기 위하여 우리는 다음을 포함한 감사절차를 수행하였습니다.·영업권을 포함한 현금창출단위의 손상과 관련한 프로세스의 이해 및 내부통제의 설계 및 이행 효과성 평가·미래현금흐름 추정이 경영진에 보고된 사업계획에 근거하여 합리적으로 산정 되었는지 검토·연결회사가 활용한 외부전문가의 적격성 및 독립성 평가·경영진이 사용가치 추정에 사용한 주요 가정의 합리성 검토 ·경영진이 사용가치 추정에 사용한 평가방법론의 적정성 검토·손상과 관련된 사항에 대한 공시사항의 완전성과 적정성 여부 검토,subhead
00223762,2024,(주)케이티지니뮤직,콘텐츠,20250318000473,연결,1,영업권 손상 검사(씨제이디지털뮤직(주) 및 (주)밀리의서재),,핵심감사사항에 대응하기 위하여 우리가 수행한 주요 감사절차는 다음과 같습니다.·영업권을 포함한 현금창출단위의 손상과 관련한 프로세스의 이해 및 내부통제의 설계 및 이행 효과성 평가·미래현금흐름 추정이 경영진에 보고된 사업계획에 근거하여 합리적으로 산정 되었는지 검토·연결회사가 활용한 외부전문가의 적격성 및 독립성 평가·경영진이 사용가치 추정에 사용한 주요 가정의 합리성 검토·경영진이 사용가치 추정에 사용한 평가방법론의 적정성 검토·손상과 관련된 사항에 대한 공시사항의 완전성과 적정성 여부 검토,subhead
00230036,2020,(주)드래곤플라이,게임,20210315001026,연결,1,영업수익의 실재성과 기간귀속,"핵심감사사항은 우리의 전문가적 판단에 따라 당기 연결재무제표감사에서 가장 유의적인사항들입니다. 해당 사항들은 연결재무제표 전체에 대한 감사의 관점에서 우리의 의견형성 시 다루어졌으며, 우리는 이런 사항에 대하여 별도의 의견을 제공하지는 않습니 다. 영업수익의 실재성과 기간귀속 연결회사의 영업수익은 게임매출과 라이선스매출 등으로 구성되어 있습니다. 게임매출은 대부분 연결회사와 소비자 간의 거래로 이루어져 있어, 연결회사가 고객과 체결한 계약의 복잡성 및 다양성은 제한적이지만 처리하여야 할 거래 건수는 매우 많습니다.또한 연결회사는 고객과의 계약에 따라 일정기간 연결회사가 자체 개발한 게임의 라이선스를 제공하고 있으며 기간에 걸쳐 수익을 인식합니다. 영업수익은 연결회사의 주요 성과지표 중 하나이며 영업수익이 적절하지 않은 기간에 인식되거나 목표 또는 기대치 달성을 위한 부정의 발생 등 고유위험을 불러일으킬 수 있으므로 감사인은 영업수익의 실재성을 핵심감사사항으로 식별하였습니다. 우리가 영업수익과 관련하여 수행한 주요 ","감사절차는 다음과 같습니다. - 수익인식 회계정책 이해 및 평가를 수행하였습니다. - 수익인식과 관련된 내부통제 테스트를 수행하였습니다. - 표본추출을 통하여 수익의 실재성 테스트를 위해 회사 생성 데이터와 외부 데이터 를 비교하였습니다. - 표본추출을 통하여 영업수익의 귀속시기의 적정성을 검토하였습니다. - 특수관계자에 대한 수익에 대한 계약서 및 적정성을 검토하였습니다. 연결재무제표감사에 대한 경영진과 지배기구의 책임 경영진은 한국채택국제회계기준에 따라 이 연결재무제표를 작성하고 공정하게 표시할 책임이 있으며, 부정이나 오류로 인한 중요한 왜곡표시가 없는 연결재무제표를 작성하는데 필요하다고 결정한 내부통제에 대해서도 책임이 있습니다. 경영진은 연결재무제표를 작성할 때, 연결회사의 계속기업으로서의 존속능력을 평가하고 해당되는 경우, 계속기업 관련 사항을 공시할 책임이 있습니다. 그리고 경영진이 기업을 청산하거나 영업을 중단할 의도가 없는 한, 회계의 계속기업전제의 사용에대해서도 책임이 있습니다. 지배기구는 연결회사의 재무보고절차의 감시에 대한 책임이 있습니다.",lookback
00230036,2021,(주)드래곤플라이,게임,20220317000714,연결,1,전환사채의 평가,"연결회사는 보고기간 중 전환사채를 발행하였으며 연결재무제표에 대한 주석 21에 기재한 바와 같이 당기말 현재 전환사채의 장부금액은 9,799백만원으로 연결재무제표에서의 비중이 유의적입니다. 동 전환사채에 내재된 전환권은 발행일에 부채요소로 분류되었으나 2021년 11월 15일 계약조건의 변경으로 자본요소로 재분류되었으며, 동 전환권대가의 장부금액은 7,546백만원입니다. 보고기간 중 전환사채와 관련하여 998백만원의 이자비용을 인식하였으며, 관련 파생상품에서 832백만원의 파생상품평가이익과 2,652백만원의 파생상품평가손실, 1,301백만원의 파생상품거래손실을 인식하였는 바, 동 사항이 연결재무제표에서 차지하는 금액적 유의성을 고려하여 전환사채의 평가를 핵심감사사항으로 결정하였습니다.",본 핵심감사사항과 관련하여 우리가 수행한 주요 감사절차는 다음과 같습니다. ㆍ전환사채 계약서의 검토 ㆍ전환사채의 부채요소와 자본요소의 분류 및 측정의 적절성 검토 ㆍ경영진측 외부전문가가 선정한 가치평가기법 및 주요 가정의 검토 ㆍ경영진측 외부전문가의 적격성과 독립성 평가,subhead
00230036,2022,(주)드래곤플라이,게임,20230316000971,연결,1,주)리노펙의 현금창출단위 손상평가,"핵심감사사항은 우리의 전문가적 판단에 따라 당기 연결재무제표감사에서 가장 유의적인 사항입니다. 해당 사항은 연결재무제표 전체에 대한 감사의 관점에서 우리의 의견형성 시 다루어졌으며, 우리는 이런 사항에 대하여 별도의 의견을 제공하지는 않습니다. - (주)리노펙의 현금창출단위 손상평가 핵심감사사항으로 결정한 이유연결재무제표에 대한 주석 12에서 설명하는 바와 같이, 연결회사는 사업결합 영업권이 배분된 (주)리노펙의 현금창출단위에 대해 손상평가를 수행하였습니다. 연결회사는 사업결합 영업권과 관련하여 800백만원, 식별된 무형자산 고객관계와 관련하여 1,190백만원의 손상차손을 인식하였습니다. 연결회사는 사업결합 영업권이 배분된 현금창출단위에 대해 매년 손상평가를 수행하고 있습니다. 연결회사는 현금창출단위에 대한 사용가치와 영업권을 포함한 현금창출단위의 장부금액의 차액으로 손상금액을 결정합니다. 현금창출단위의 사용가치 추정에 중요한 영향을 미치는 매출성장률, 할인율 및 영구성장률 등의 주요 가정의 결정시 경영진의 판단이 개입되며, 경영진의 편향가능성이 존재하는바, 우리는 (주)리노펙의 현금창출단위 손상평가를 핵심감사사항으로 식별하였습니다. 핵심감사사항이 감사에서 다루어진 방법본 핵심감사사항과 관련하여 ","우리가 수행한 주요 감사절차는 다음과 같습니다. ㆍ현금창출단위에 대한 손상금액의 배분이 적절한지 검토ㆍ미래현금흐름 추정치가 경영진에 보고된 사업계획에 근거하여 산정되었는지 평가ㆍ매출성장률, 할인율 및 영구성장률을 포함한 사용가치 산정 시 적용된 주요 가정의 합리성 평가ㆍ경영진측 외부전문가의 적격성과 독립성 평가",lookback
00230036,2023,(주)드래곤플라이,게임,20240314001678,연결,1,매출채권 및 기타채권의 손실충당금 설정,"핵심감사사항은 우리의 전문가적 판단에 따라 당기 연결재무제표감사에서 가장 유의적인 사항입니다. 해당 사항은 연결재무제표 전체에 대한 감사의 관점에서 우리의 의견형성 시 다루어졌으며, 우리는 이런 사항에 대하여 별도의 의견을 제공하지는 않습니다. - 매출채권 및 기타채권의 손실충당금 설정 핵심감사사항으로 결정한 이유연결재무제표에 대한 주석 6에서 설명하는 바와 같이, 회사의 연결재무상태표상 매출채권 장부금액은 5,923백만원, 기타채권 중 대여금과 미수수익의 장부금액은 각각 4,991백만원, 507백만원입니다. 관련하여 설정된 손실충당금은 매출채권 및 기타채권(대여금과 미수수익)에 대하여 각각 1,009백만원, 4,442백만원, 357백만원입니다. 회사는 매 보고기간 말에 개별 채권에 대한 신용이 손상되었는지 평가하며, 기대신용손실모형으로 실무적 간편법을 적용하여 충당금 설정률표에 따라 채권에 대한 기대신용손실을 추정하고 있습니다. 보고기간종료일 현재 회사의 매출채권이 유의적으로 증가하였으며, 기타채권과 관련하여 특수관계자와의 중요한 거래가 포함되어 있습니다. 우리는 이러한 회사의 영업환경과 대상 계정과목의 중요성 및 측정과정에서의 잠재적 오류를 고려하여 매출채권에 대한 회사의 손실충당금 측정의 합리성을 핵심감사사항으로 식별하였습니다. 핵심감사사항이 감사에서 다루어진 방법본 핵심감사사항과 관련하여 ",우리가 수행한 주요 감사절차는 다음과 같습니다. ㆍ개별평가 손실충당금 측정 시 고객 신용위험의 유의적 변화에 대한 회사의 식별결과에 대한 적정성 확인ㆍ유의적으로 신용위험이 상승한 고객의 채권에 대한 손실충당금 설정의 합리성과 인식시점의 적정성 확인ㆍ집합평가 손실충당금 측정 시 보고기간종료일 현재 매출채권 연령분석표에 대해 시사의 방법을 통한 기초정보와의 대사ㆍ회사가 적용한 기대신용손실 측정 방법에 대한 적정성 확인 및 계산 검증ㆍ회수기일 도래 미회수 채권 등에 대한 후속적 감사 절차 수행,lookback
00231691,2020,(주)판타지오,콘텐츠,20210317000429,연결,1,엔터테인먼트 사업 매출에 대한 수익인식,"연결실체는 엔터테인먼트 사업 매출의 수익인식과 관련하여 방송출연의 경우, 방송촬영 여부와 상관없이 매 월 방송출연횟수에 따라 매출로 인식하고 있습니다. 광고 및 모델활동의 경우 해당 계약기간에 따라 매출로 인식하고있습니다. 엔터테인먼트 사업 매출에 대한 수익인식과 관련하여 회사 경영진의 유의적인 추정 및 판단이 수반되고, 수익이 연결재무제표에서 차지하는 금액이 유의적이므로 엔터테인먼트 사업 매출에 대한수익인식의 회계처리를 핵심감사사항으로 판단하였습니다.",연결실체의 엔터테인먼트 사업 매출의 수익인식에 대한 회계처리와 관련하여 우리가수행한 주요 감사절차는 다음과 같습니다. ㆍ엔터테인먼트 매출의 수익인식에 대한 회계정책의 적정성 확인 ㆍ엔터테인먼트 매출의 수익인식과 관련된 내부통제에 대한 이해 및 평가 ㆍ경영진이 엔터테인먼트 매출의 수익인식 시 적용한 방법론의 적합성 및 주요 가정에 대한 확인 ㆍ연결실체의 엔터테인먼트 매출 수익인식금액에 대한 재계산 검증 ㆍ엔터테인먼트 매출의 인식금액에 대한 재무보고일 이후 후속적 확인 ㆍ엔터테인먼트 매출 금액에 대한 분석적 절차 (2) 영업권 손상차손,subhead
00231691,2020,(주)판타지오,콘텐츠,20210317000429,연결,2,영업권 손상차손,"주석 15에 기술되어 있는 바와 같이, 2020년 12월 31일 현재 단일의 현금창출단위인회사에 배분된 영업권 장부금액은 3,744백만원으로 총자산의 13%입니다. 연결실체는 영업권의 손상평가를 위해, 향후 5년 동안의 재무예측과 잔존가치가 반영된 사용가치모형을 적용하여 단일의 현금창출단위의 회수가능액을 추정하였습니다. 이 모형의 주요 가정은 매출성장률, 영업이익률, 장기성장률 및 할인율이 포함됩니다. 우리는 영업권에 대한 손상을 평가하는 과정이 복잡하고, 매출성장률 및 할인율을 포함한경영진의 판단 및 추정에 따라 손상평가의 결과가 상이하게 결정될 수 있는 위험을 고려하여, 영업권 손상평가를 핵심감사사항으로 판단하였습니다.",핵심감사사항에 대응하기 위하여 우리는 다음을 포함한 감사절차를 수행하였습니다. ㆍ현금창출단위의 사용가치 추정에 적용된 가치평가 모형의 수학적인 정확성을 확인 ㆍ 미래 현금흐름 추정이 경영진에 보고 승인된 사업계획과 일치하는지 확인 ㆍ 추정치에 낙관적인 가정이 포함되었는지 사후적으로 확인하기 위하여 당기 실제성과와 전기 추정을 비교 ㆍ 사용가치 추정에 사용된 주요 가정의 합리성 평가 ㆍ주요 가정의 변경이 손상 평가에 미치는 영향을 평가하기 위해 연결실체가 제시한 할인율 및 영구성장율에 대한 민감도 분석 결과 평가,subhead
00231691,2021,(주)판타지오,콘텐츠,20220318000737,연결,1,엔터테인먼트 사업 매출에 대한 수익인식,"연결실체는 엔터테인먼트 사업 매출의 수익인식과 관련하여 방송출연의 경우, 방송촬영 여부와 상관없이 매 월 방송출연횟수에 따라 매출로 인식하고 있습니다. 광고 및 모델활동의 경우 해당 계약기간에 따라 매출로 인식하고있습니다. 엔터테인먼트 사업 매출에 대한 수익인식과 관련하여 연결실체 경영진의 유의적인 추정 및 판단이 수반되고, 수익이 연결재무제표에서 차지하는 금액이 유의적이므로 엔터테인먼트 사업 매출에 대한수익인식의 회계처리를 핵심감사사항으로 판단하였습니다.",연결실체의 엔터테인먼트 사업 매출의 수익인식에 대한 회계처리와 관련하여 우리가 수행한 주요 감사절차는 다음과 같습니다. ㆍ엔터테인먼트 매출의 수익인식에 대한 회계정책의 적정성 확인 ㆍ엔터테인먼트 매출의 수익인식과 관련된 내부통제에 대한 이해 및 평가 ㆍ경영진이 엔터테인먼트 매출의 수익인식 시 적용한 방법론의 적합성 및 주요 가정에 대한 확인 ㆍ연결실체의 엔터테인먼트 매출 수익인식금액에 대한 재계산 검증 ㆍ엔터테인먼트 매출의 인식금액에 대한 재무보고일 이후 후속적 확인 ㆍ엔터테인먼트 매출 금액에 대한 분석적 절차 (2) 매수가격 배분의 적정성,subhead
00231691,2021,(주)판타지오,콘텐츠,20220318000737,연결,2,매수가격 배분의 적정성,"연결재무제표 주석15에 기술 되어 있는 바와 같이, 연결실체는 2021년 6월 중 ㈜팝코너스와 (주)유에프오프로덕션의 지분 100%를 취득하고 지배력을 획득하였고, 한국채택국제회계기준 제1103호 사업결합에 따라 회계처리하였습니다. 연결실체는 (주) 팝코너스와 (주)유에프오프로덕션의 매수가격 13,540백만원을 인수한 여러 자산과 부채에 배분하였으며, 이러한 배분은 공정가치 추정에 근거합니다. 연결실체는 인수된 주요 자산의 공정가치를 평가하기 위하여 외부전문가를 활용하였습니다. 우리는 취득한 자산ㆍ부채의 공정가치와 매수 가격 배분에 유의적인 경영진의 판단이 포함된다는 점을 고려하여 매수가격배분의 적정성을 감사에 특히 중요한 사항으로 고려하였습니다.","핵심감사사항에 대응하기 위하여 우리는 다음을 포함한 감사절차를 수행하였으며, 이와 같은 감사절차 수행 시 가치평가전문가를 감사팀에 포함하였습니다. ㆍ주식인수 계약서 검토를 통하여 인수 조건을 확인 ㆍ 경영진이 자산ㆍ부채의 공정가치 평가에 활용한 전문가의 객관성 및 적격성을 검토 ㆍ 취득한 식별가능한 무형자산과 취득한 기타 자산과 부채의 공정가치 결정에 사용된 방법론의 적절성 평가 ㆍ 공정가치 결정에 사용된 주요 기초 가정 및 변수가 합리적인 수준인지 평가 및 계산의 정확성 확인 (3) 영업권 손상검토",subhead
00231691,2021,(주)판타지오,콘텐츠,20220318000737,연결,3,영업권 손상검토,"연결재무제표 주석 15에 기술되어 있는 바와 같이, 2021년 12월 31일 현재 단일의 현금창출단위인 연결실체에 배분된 영업권 장부금액은 3,749백만원으로 총자산의 6.39%입 니다. 연결실체는 영업권의 손상평가를 위해, 향후 5년 동안의 재무예측과 잔존가치가 반영된 사용가치모형을 적용하여 단일의 현금창출단위의 회수가능액을 추정하였습니다. 이 모형의 주요 가정은 매출성장률, 영업이익률, 장기성장률 및 할인율이 포함됩니다. 우리는 영업권에 대한 손상을 평가하는 과정이 복잡하고, 매출성장률 및 할인율을 포함한 경영진의 판단 및 추정에 따라 손상평가의 결과가 상이하게 결정될 수 있는 위험을 고려하여, 영업권 손상평가를 핵심감사사항으로 판단하였습니다.",핵심감사사항에 대응하기 위하여 우리는 다음을 포함한 감사절차를 수행하였습니다. ㆍ 현금창출단위의 사용가치 추정에 적용된 가치평가 모형의 수학적인 정확성을 확인 ㆍ 미래 현금흐름 추정이 경영진에 보고 승인된 사업계획과 일치하는지 확인 ㆍ 사용가치 추정에 사용된 주요 가정의 합리성 평가 ㆍ주요 가정의 변경이 손상 평가에 미치는 영향을 평가하기 위해 연결실체가 제시한 할인율 및 영구성장율에 대한 민감도 분석 결과 평가,subhead
00231691,2022,(주)판타지오,콘텐츠,20220914000075,연결,1,엔터테인먼트 매출 금액에 대한 분석적 절차,"하였습니다. 2) 핵심감사사항이 감사에서 다루어진 방법연결회사의 엔터테인먼트 사업 매출의 수익인식에 대한 회계처리와 관련하여 우리가수행한 주요 감사절차는 다음과 같습니다. - 엔터테인먼트 매출의 수익인식에 대한 회계정책의 적정성 확인 - 엔터테인먼트 매출의 수익인식과 관련된 내부통제에 대한 이해 및 평가 - 경영진이 엔터테인먼트 매출의 수익인식시 적용한 방법론의 적합성 및 주요 가정에대한 확인 - 회사의 엔터테인먼트 매출 수익인식금액에 대한 재계산 검증 - 엔터테인먼트 매출의 인식금액에 대한 재무보고일 이후 후속적 확인 - 엔터테인먼트 매출 금액에 대한 분석적 절차 (2) 영업권 손상검토1) 핵심감사사항으로 결정한 이유연결재무제표 주석 15에 기술되어 있는 바와 같이, 2022년 6월 30일 현재 연결회사에 배분된 영업권 장부금액은 2,883백만원으로 총자산의 3.72% 입니다. 연결회사는영업권의 손상평가를 위해, 향후 5년 동안의 재무예측과 잔존가치가 반영된 사용가치모형을 적용하여 현금창출단위의 회수가능액을 추정하였습니다.이 모형의 주요 가정은 매출성장률, 영업이익률, 장기성장률 및 할인율이 포함됩니다. 우리는 영업권에 대한 손상을 평가하는 과정이 복잡하고, 매출성장률 및 할인율을 포함한 경영진의 판단 및 추정에 따라 손상평가의 결과가 상이하게 결정될 수 있는 위험을 고려하여, 영업권 손상평가를 핵심감사사항으로 판단하였습니다.2) 핵심감사사항이 감사에서 다루어진 방법핵심감사사항에 대응하기 위하여 우리는 다음을 포함한 감사절차를 수행하였습니다. - 현금창출단위의 사용가치 추정에 적용된 가치평가 모형의 수학적인 정확성을 확인 - 미래 현금흐름 추정이 경영진에 보고 승인된 사업계획과 일치하는지 확인 - 사용가치 추정에 사용된 주요 가정의 합리성 평가 - 주요 가정의 변경이 손상 평가에 미치는 영향을 평가하기 위해 회사가 제시한 할인율 및 영구성장율에 대한 민감도 분석 결과 평가",,lookback
00231691,2023,(주)판타지오,콘텐츠,20230915000455,연결,1,매니지먼트매출 금액에 대한 분석적 절차,"하였습니다. 2) 핵심감사사항이 감사에서 다루어진 방법연결회사의 매니지먼트매출의 수익인식에 대한 회계처리와 관련하여 우리가수행한 주요 감사절차는 다음과 같습니다. - 매니지먼트매출의 수익인식에 대한 회계정책의 적정성 확인 - 매니지먼트매출의 수익인식과 관련된 내부통제에 대한 이해 및 평가 - 경영진이 매니지먼트매출의 수익인식시 적용한 방법론의 적합성 및 주요 가정에대한 확인 - 매니지먼트매출의 수익인식금액에 대한 재계산 검증 - 매니지먼트매출의 수익인식금액에 대한 재무보고일 이후 후속적 확인 - 매니지먼트매출 금액에 대한 분석적 절차 (2) 영업권 손상검토1) 핵심감사사항으로 결정한 이유연결재무제표 주석 15에 기술되어 있는 바와 같이, 2023년 6월 30일 현재 연결회사에 배분된 영업권 장부금액은 2,442백만원으로 총자산의 3.1% 입니다. 연결회사는영업권의 손상평가를 위해, 향후 5년 동안의 재무예측과 잔존가치가 반영된 사용가치모형을 적용하여 현금창출단위의 회수가능액을 추정하였습니다.이 모형의 주요 가정에는 매출성장률, 영업이익률, 장기성장률 및 할인율이 포함됩니다. 우리는 영업권에 대한 손상을 평가하는 과정이 복잡하고, 매출성장률 및 할인율을 포함한 경영진의 판단 및 추정에 따라 손상평가의 결과가 상이하게 결정될 수 있는 위험을 고려하여, 영업권 손상평가를 핵심감사사항으로 판단하였습니다.2) 핵심감사사항이 감사에서 다루어진 방법핵심감사사항에 대응하기 위하여 우리는 다음을 포함한 감사절차를 수행하였습니다. - 현금창출단위의 사용가치 추정에 적용된 가치평가 모형의 수학적인 정확성을 확인 - 미래 현금흐름 추정이 경영진에 보고 승인된 사업계획과 일치하는지 확인 - 사용가치 추정에 사용된 주요 가정의 합리성 평가 - 주요 가정의 변경이 손상 평가에 미치는 영향을 평가하기 위해 회사가 제시한 할인율 및 영구성장율에 대한 민감도 분석 결과 평가",,lookback
00231691,2024,(주)판타지오,콘텐츠,20240919000261,연결,1,매니지먼트매출 금액에 대한 분석적 절차,"하였습니다. 2) 핵심감사사항이 감사에서 다루어진 방법연결회사의 매니지먼트매출의 수익인식에 대한 회계처리와 관련하여 우리가 수행한 주요 감사절차는 다음과 같습니다. - 매니지먼트매출의 수익인식에 대한 회계정책의 적정성 확인 - 매니지먼트매출의 수익인식과 관련된 내부통제에 대한 이해 및 평가 - 경영진이 매니지먼트매출의 수익인식시 적용한 방법론의 적합성 및 주요 가정에대한 확인 - 매니지먼트매출의 수익인식금액에 대한 재계산 검증 - 매니지먼트매출의 수익인식금액에 대한 재무보고일 이후 후속적 확인 - 매니지먼트매출 금액에 대한 분석적 절차 (2) 영업권 손상검토1) 핵심감사사항으로 결정한 이유연결재무제표 주석 15에 기술되어 있는 바와 같이, 2024년 6월 30일 현재 연결회사에 배분된 영업권 장부금액은 없습니다. 연결회사는영업권의 손상평가를 위해, 향후 5년 동안의 재무예측과 잔존가치가 반영된 사용가치모형을 적용하여 현금창출단위의 회수가능액을 추정하였습니다.이 모형의 주요 가정에는 매출성장률, 영업이익률, 장기성장률 및 할인율이 포함됩니다. 우리는 영업권에 대한 손상을 평가하는 과정이 복잡하고, 매출성장률 및 할인율을 포함한 경영진의 판단 및 추정에 따라 손상평가의 결과가 상이하게 결정될 수 있는 위험을 고려하여, 영업권 손상평가를 핵심감사사항으로 판단하였습니다.2) 핵심감사사항이 감사에서 다루어진 방법핵심감사사항에 대응하기 위하여 우리는 다음을 포함한 감사절차를 수행하였습니다. - 현금창출단위의 사용가치 추정에 적용된 가치평가 모형의 수학적인 정확성을 확인 - 미래 현금흐름 추정이 경영진에 보고 승인된 사업계획과 일치하는지 확인 - 사용가치 추정에 사용된 주요 가정의 합리성 평가 - 주요 가정의 변경이 손상 평가에 미치는 영향을 평가하기 위해 회사가 제시한 할인율 및 영구성장율에 대한 민감도 분석 결과 평가",,lookback
00249441,2020,(주)씨씨에스충북방송,콘텐츠,20210322000376,연결,1,유형자산 전송망설비,"연결회사는 2020년 12월 31일 현재 전송망설비 취득원가 27,719백만원, 감가상각누계액 17,945백만원을 계상하고 있습니다. 전송망설비는 연결회사 자산총액 중 약 30%를 차지하고 있고 유선방송업에서 가장 핵심적인 사업용 유형자산이므로 우리는 전송망설비를 핵심감사사항으로 판단하였습니다.","전송망설비에 대하여 우리가 수행한 주요 감사절차는 다음과 같습니다. - 전송망설비 자산의 실재성 확인을 위하여 우리는 연결회사가 관리하는 전송망설비 프로그램에서 지도상으로 표시된 현황 확인 - 연결회사가 건설한 전송망설비는 표본을 선정하여 취득 증빙 확인 - 연결회사가 타사로부터 취득한 전송망설비는 취득내역, 감정평가서류 등 확인 - 취득일로부터 결산일까지 연결회사가 계상한 감가상각비 적정성 확인 2. 영업권 손상검사",subhead
00249441,2020,(주)씨씨에스충북방송,콘텐츠,20210322000376,연결,2,영업권 손상검사,"연 결회사는 2020년 12월 31일 현재 영업권 취득원가 7,682백만원 및 영업권손상차손누계액 7,166백만원을 계상하고 있습니다. 연결회사는 영업권에 대하여 현금흐름 할인 등에 근거한 사용가치계산을 활용해 손상검사를 수행하였습니다. 사용가치는 할인율, 성장률 및 미래현금흐름 예측 등 회사 경영진의 유의적인 판단과 추정치를 수반하므로 우리는 내용연수가 비한정인 영업권 손상 관련 회계처리를 핵심감사사항으로 판단하였습니다.","연결회사의 영업권 손상 관련 회계처리에 대하여 우리가 수행한 주요 감사절차는 다음과 같습니다. - 연결회사가 활용한 외부전문가의 적격성 및 독립성 평가 - 손상을 고려할 수 있는 전반적인 시장 환경에 대한 고려 - 경영진이 회수가능가액 추정에 사용한 가치평가 모델의 적절성 평가 - 사업계획상 매출성장률, 원가율 및 투자활동 예측이 과거 성과, 시장상황과 비교하여 일관성이 있는지 확인 - 평가금액 계산의 정확성 검증을 통한 사용가치의 적절성 검토",subhead
00249441,2021,(주)씨씨에스충북방송,콘텐츠,20220321000539,연결,1,손상징후가 발생한 현금창출단위에 대한 손상검토,"주석 11에 기술되어 있는 바와 같이, 연결회사는 당기 중 경쟁적인 유선방송업 시장상황을 고려하여 현금창 출단위에 손상징후가 존재한다고 판단하고 기업회계기준서 제1036호에 따라 손상검토를 수행하였습니다. 연결회사는 사용가치 및 순공정가치에 근거하여 산정한 현금창출단위의 회수가능액을 해당 현금창출단위의 장부금액과 비교하였으며, 회수가능액이 장부금액에 미치지 못할 경우 그 차이금액을 현금창출단위에 속하는 개별 자산의 장부금액에 비례하여 배분하고, 장부금액 감소분을 손상차손으로 회계처리 하였습니다. 연결회사의 경영진은 회수가능액 측정을 위해 독립적인 외부 전문가를 활용하였습니다. 당기말 현재 손상평가에 사용된 회수가능액은 순공정가치와 사용가치 중 더 큰 금액으로, 순공정가치는 공정가치에서 처분부대원가를 차감하여 산출되며, 사용가치는 평가 방법론의 선정, 매출액, 영업비용, 성장률과 할인율과 같은 경영진의 가정과 판단에 근거하여 산출됩니다. 회사의 순공정가치와 사용가치를 추정하는데 있어서 경영진이 사용한 가정과 판단에 편의가 존재할 가능성이 있으며 이로 인한 회수가능액 측정이 연결재무제표에 미치는 영향이 유의적이므로, 우리는 손상징후가 발생한 현금창출단위에 대한 손상검토를 핵심감사항목으로 식별하였습니다.","핵심감사사항에 대응하기 위하여 우리가 수행한 주요 감사절차는 다음을 포함 합니다. ㆍ손상징후가 있는 현금창출단위 식별의 완전성 검토 ㆍ회수가능액 측정에 참여한 경영진 측 외부 전문가의 적격성과 객관성 평가 ㆍ경영진이 회수가능액 측정에 사용한 가치평가 모델의 적절성 평가 ㆍ경영진이 회수가능액 산정을 위해 이용한 기초자료의 신뢰성 검토 ㆍ미래현금흐름 추정이 경영진이 승인한 사업계획과 일치하는지 확인 ㆍ미래현금흐름 변동에 대한 가정, 할인율 및 영구성장률을 포함한 회수가능액 추정 시 사용된 주요 가정이 회사의 재무 및 영업환경과 과거 실적을 고려할 때 합리적인지 검토 (2) 유형자산의 실재성 및 평가",subhead
00249441,2021,(주)씨씨에스충북방송,콘텐츠,20220321000539,연결,2,유형자산의 실재성 및 평가,"연결회사는 2021년 12월 31일 현재 유형자산의 순장부가액으로 12,404백만원을 계상하고 있습니다. 유형자산은 연결회사 자산총액 중 약 43%를 차지하고 있고 유선방송업에서 가장 핵심적인 사업용 자산이므로 우리는 유형자산을 핵심감사사항으로 판단하였습니다.",유형자산에 대하여 우리가 수행한 주요 감사절차는 다음과 같습니다. ㆍ연결회사가 당기 취득한 유형자산은 표본을 선정하여 취득증빙 확인 ㆍ당기 연결회사가 계상한 감가상각비 적정성 확인 ㆍ현금흐름창출단위의 손상검사를 통한 유형자산의 사용가치 평가의 적정성 검토,subhead
00249441,2022,(주)씨씨에스충북방송,콘텐츠,20230320000593,연결,1,수익인식의 적정성,"핵심감사사항은 우리의 전문가적 판단에 따라 당기 연결재무제표감사에서 가장 유의적인 사항들입니다. 해당 사항들은 연결재무제표 전체에 대한 감사의 관점에서 우리의 의견형성시 다루어졌으며, 우리는 이런 사항에 대하여 별도의 의견을 제공하지는 않습니다. (1) 수익인식의 적정성연결회사는 가입자에게 자가 전송망을 통해 케이블TV 서비스를 제공하고 있으며, 재무제표에 대한 주석 2의 중요한 회계정책에서 언급한 바와 같이 이러한 서비스 용역에 대해 기업회계기준서 제1115호 '고객과의 계약에서 생기는 수익'에 따라 해당 계약과 관련하여 수행의무를 이행하는 시점에 수익을 인식하고 있습니다. 일반적으로 수익의 인식과 관련하여서 기간귀속 및 과대 계상오류의 가능성이 존재한다고 가정을 하였으며, 이에 따라 수익인식의 적정성을 핵심감사사항으로 판단하였습니다.이와 관련하여 ",우리가 수행한 주요 감사절차는 다음과 같습니다.- 주요 매출 거래유형의 식별 및 계약서를 통한 회계처리 검토- 매출수익인식에 관한 인식기준 및 회계처리의 타당성 검토- 회계기간 중 기록된 매출 거래 중 추출된 표본 매출거래의 실증절차 수행- 보고기간말 전후의 매출에 대한 증빙과 수익인식시점의 적정성 확인,decl
00249441,2023,(주)씨씨에스충북방송,콘텐츠,20240320001271,연결,1,수익인식의 적정성,"핵심감사사항은 우리의 전문가적 판단에 따라 당기 연결재무제표감사에서 가장 유의적인 사항들입니다. 해당 사항들은 연결재무제표 전체에 대한 감사의 관점에서 우리의 의견형성시 다루어졌으며, 우리는 이런 사항에 대하여 별도의 의견을 제공하지는 않습니다. (1) 수익인식의 적정성연결회사는 가입자에게 자가 전송망을 통해 케이블TV 서비스를 제공하고 있으며, 재무제표에 대한 주석 2의 중요한 회계정책에서 언급한 바와 같이 이러한 서비스 용역에 대해 기업회계기준서 제1115호 '고객과의 계약에서 생기는 수익'에 따라 해당 계약과 관련하여 수행의무를 이행하는 시점에 수익을 인식하고 있습니다.일반적으로 수익의 인식과 관련하여서 기간귀속 및 과대 계상오류의 가능성이 존재한다고 가정을 하였으며, 이에 따라 수익인식의 적정성을 핵심감사사항으로 판단하였습니다.이와 관련하여 ",우리가 수행한 주요 감사절차는 다음과 같습니다.- 주요 매출 거래유형의 식별 및 계약서를 통한 회계처리 검토- 매출수익인식에 관한 인식기준 및 회계처리의 타당성 검토- 회계기간 중 기록된 매출 거래 중 추출된 표본 매출거래의 실증절차 수행- 보고기간말 전후의 매출에 대한 증빙과 수익인식시점의 적정성 확인,decl
00258689,2019,(주)제이와이피엔터테인먼트,콘텐츠,20200330003245,연결,1,리스계약의 완전성,"주석 3에서 설명하고 있는 바와 같이 2019년 1월 1일부터 연결회사의 연결재무제표에 기업회계기준서 제1116호 '리스'가 최초로 적용되었으며, 연결회사가 신규 기준서를 최초 적용하는 과정에서 리스계약을 완전하게 식별하지 못할 경우 이러한 불완전성이 연결회사의 재무제표에 유의적인 영향을 미칠 수 있기 때문에 리스계약의 완전성을 핵심감사사항으로 선정하였습니다.",본 핵심감사사항에 대응하기 위한 우리의 감사절차는 다음을 포함합니다. - 리스 회계처리 관련 연결회사의 내부통제 이해 및 평가 - 연결회사의 리스계약 완전성 확인 관련 내부통제에 대한 이해 및 평가 - 기초 전환일의 리스계약 목록의 검토를 통해 기초 사용권자산 및 리스부채 누락 여부 검토 - 기중 리스 관련 비용 원장의 전체적인 검토를 통해 사용권자산 및 리스부채 계상 누락 여부 검토 - 보증금 명세서를 통해 리스이용 및 리스제공 누락 여부 검토 (2) 연결이연법인세,subhead
00258689,2019,(주)제이와이피엔터테인먼트,콘텐츠,20200330003245,연결,2,연결이연법인세,"종속기업, 관계기업 및 공동기업 투자지분과 관련된 가산할 일시적 차이에 대해 소멸시점을 통제할 수 있는 경우, 그리고 예측가능한 미래에 일시적 차이가 소멸하지 않을 가능성이 높은 경우를 제외하고 이연법인세부채를 인식하고 있습니다. 연결이연법인세부채를 인식여부가 연결재무제표에 유의적인 영향을 미칠수 있기 때문에 우리는 이를 핵심감사사항으로 판단하였습니다.",본 핵심감사사항에 대응하기 위한 우리의 감사절차는 다음을 포함합니다. -당기 과세소득에 가산할 일시적차이와 차감할 일시적차이의 내용과 금액의 누락여부 검토 - 산출세액의 계산 적정성 확인 -공제감면세액이 적정한지 관련법규와 증빙서류를 확인 -종속기업투자지분과 관련된 가산산일시적차이의 소멸시점 통제여부와 예측가능한 미래 소멸하지 않을 가능성 검토.,subhead
00258689,2020,(주)제이와이피엔터테인먼트,콘텐츠,20210318001273,연결,1,금융자산의 평가,"2020년 12월 31일 현재 연결회사가 보유한 공정가치로 측정된 금융자산은 19,841,212천원으로 금융자산의 금액이 유의적이며, 금융자산 공정가치 측정에 사용된 가치평가기법의 선택 및 투입변수에 대하여 회사 경영진의 유의적인 판단과 회계추정치를 수반하므로 우리는 금융자산의 공정가치 측정을 핵심감사사항으로 결정하였습니다.","핵심감사사항에 대응하기 위하여 우리는 다음을 포함한 감사절차를 수행하였습니다. ㆍ금융자산 공정가치 측정 관련 위험평가에 따른 회계정책, 프로세스 및 내부통제의 이해 ㆍ금융자산 공정가치 측정에 대한 내부통제의 설계 및 운영의 효과성 평가 ㆍ경영진측 전문가의 적격성 및 독립성 확인 ㆍ추출한 표본에 대하여 경영진이 적용한 공정가치 측정방법의 적합성 및 투입변수의 합리성 평가 (2) 연결이연법인세",subhead
00258689,2020,(주)제이와이피엔터테인먼트,콘텐츠,20210318001273,연결,2,연결이연법인세,"종속기업, 관계기업 및 공동기업 투자지분과 관련된 가산할 일시적 차이에 대해 소멸시점을 통제할 수 있는 경우, 그리고 예측가능한 미래에 일시적 차이가 소멸하지 않을 가능성이 높은 경우를 제외하고 이연법인세부채를 인식하고 있습니다. 연결이연법인세부채를 인식여부가 연결재무제표에 유의적인 영향을 미칠수 있기 때문에 우리는 이를 핵심감사사항으로 판단하였습니다.",본 핵심감사사항에 대응하기 위한 우리의 감사절차는 다음을 포함합니다. -당기 과세소득에 가산할 일시적차이와 차감할 일시적차이의 내용과 금액의 누락여부 검토 - 산출세액의 계산 적정성 확인 -공제감면세액이 적정한지 관련법규와 증빙서류를 확인 -종속기업투자지분과 관련된 가산산일시적차이의 소멸시점 통제여부와 예측가능한 미래 소멸하지 않을 가능성 검토.,subhead
00258689,2021,(주)제이와이피엔터테인먼트,콘텐츠,20220321001029,연결,1,금융자산의 평가,"핵심감사사항은 우리의 전문가적 판단에 따라 당기 재무제표감사에서 가장 유의적인 사항입니다. 해당 사항은 연결재무제표 전체에 대한 감사의 관점에서 우리의 의견형성시 다루어졌으며, 우리는 이런 사항에 대하여 별도의 의견을 제공하지는 않습니다. (1) 금융자산의 평가 - 핵심감사사항으로 결정된 이유 2021년 12월 31일 현재 연결회사가 보유한 공정가치로 측정된 금융자산은 43,496,021 천원으로 금융자산의 금액이 유의적이며, 금융자산 공정가치 측정에 사용된 가치평가기법의 선택 및 투입변수에 대하여 연결회사 경영진의 유의적인 판단과 회계추정치를 수반하므로 우리는 금융자산의 공정가치 측정을 핵심감사사항으로 결정하였습니다. - 핵심감사사항이 감사에서 다루어진 방법 핵심감사사항에 대응하기 위하여 우리는 다음을 포함한 감사절차를 수행하였습니다. ㆍ금융자산 공정가치 측정 관련 위험평가에 따른 회계정책, 프로세스 및 내부통제의 이해 ㆍ금융자산 공정가치 측정에 대한 내부통제의 설계 및 운영의 효과성 평가 ㆍ경영진측 전문가의 적격성 및 독립성 확인 ㆍ추출한 표본에 대하여 경영진이 적용한 공정가치 측정방법의 적합성 및 투입변수의 합리성 평가 (2) 영업권 손상평가 영업권 손상평가시 경영진은 사용가치모형을 사용하여 회수가능액을 평가하였습니다. 현금창출단위의 사용가치 결정에는 예상 미래현금흐름의 추정을 위한 미래 영업수익, 인건비, 영구성장률, 그리고 할인율 등과 관련한 경영진 및 감사인의 유의적인 판단을 필요로 합니다. 경영진이",,lookback
00258689,2021,(주)제이와이피엔터테인먼트,콘텐츠,20220321001029,연결,2,영업권 손상평가,"하였습니다. - 핵심감사사항이 감사에서 다루어진 방법 핵심감사사항에 대응하기 위하여 우리는 다음을 포함한 감사절차를 수행하였습니다. ㆍ금융자산 공정가치 측정 관련 위험평가에 따른 회계정책, 프로세스 및 내부통제의 이해 ㆍ금융자산 공정가치 측정에 대한 내부통제의 설계 및 운영의 효과성 평가 ㆍ경영진측 전문가의 적격성 및 독립성 확인 ㆍ추출한 표본에 대하여 경영진이 적용한 공정가치 측정방법의 적합성 및 투입변수의 합리성 평가 (2) 영업권 손상평가 영업권 손상평가시 경영진은 사용가치모형을 사용하여 회수가능액을 평가하였습니다. 현금창출단위의 사용가치 결정에는 예상 미래현금흐름의 추정을 위한 미래 영업수익, 인건비, 영구성장률, 그리고 할인율 등과 관련한 경영진 및 감사인의 유의적인 판단을 필요로 합니다. 경영진이 회수가능액을 추정하기 위하여 사용된 주요 가정이 회수가능액 산정에 미치는 영향이 유의적이며, 해당 가정에 불확실성이 존재한다고 판단되어, 우리는 영업권 손상평가를 핵심감사사항으로 결정하였습니다. - 핵심감사사항이 감사에서 다루어진 방법 본 핵심감사사항에 대응하기 위한 우리의 감사절차는 다음을 포함합니다. - 내부의 평가전문가를 활용하여 예상 미래현금흐름의 추정을 위한 미래 영업수익, 인건비 및 영구성장률 등의 주요 가정을 과거 재무성과 및 산업 보고서와 비교하여 그 합리성을 평가 - 연결회사가 사용한 할인율을 시장 자료 등에 근거한 우리의 기대치와 비교하여 그 적정성을 확인 - 주요 가정의 변경으로 인한 경영진의 손상평가에 미치는 영향을 평가하기 위해 할인율 및 영구 성장률에 대한 민감도 분석을 수행 - 미래 예상 현금흐름을 경영진이 승인한 사업계획과 비교하여 그 합리성을 평가",,lookback
00258689,2022,(주)제이와이피엔터테인먼트,콘텐츠,20230320000741,연결,1,금융자산의 평가,"핵심감사사항은 우리의 전문가적 판단에 따라 당기 재무제표감사에서 가장 유의적인 사항입니다. 해당 사항은 연결재무제표 전체에 대한 감사의 관점에서 우리의 의견형성시 다루어졌으며, 우리는 이런 사항에 대하여 별도의 의견을 제공하지는 않습니다. (1) 금융자산의 평가 - 핵심감사사항으로 결정된 이유 2022년 12월 31일 현재 연결회사가 보유한 공정가치로 측정된 금융자산은 34,008,155 천원으로 금융자산의 금액이 유의적이며, 금융자산 공정가치 측정에 사용된 가치평가기법의 선택 및 투입변수에 대하여 연결회사 경영진의 유의적인 판단과 회계추정치를 수반하므로 우리는 금융자산의 공정가치 측정을 핵심감사사항으로 결정하였습니다. - 핵심감사사항이 감사에서 다루어진 방법 핵심감사사항에 대응하기 위하여 우리는 다음을 포함한 감사절차를 수행하였습니다.ㆍ금융자산 공정가치 측정 관련 위험평가에 따른 회계정책, 프로세스 및 내부통제의 이해 ㆍ금융자산 공정가치 측정에 대한 내부통제의 설계 및 운영의 효과성 평가 ㆍ경영진측 전문가의 적격성 및 독립성 확인ㆍ추출한 표본에 대하여 경영진이 적용한 공정가치 측정방법의 적합성 및 투입변수의 합리성 평가 (2) 영업권 손상평가영업권 손상평가시 경영진은 사용가치모형을 사용하여 회수가능액을 평가하였습니다. 현금창출단위의 사용가치 결정에는 예상 미래현금흐름의 추정을 위한 미래 영업수익, 인건비, 영구성장률, 그리고 할인율 등과 관련한 경영진 및 감사인의 유의적인 판단을 필요로 합니다. 경영진이",,lookback
00258689,2022,(주)제이와이피엔터테인먼트,콘텐츠,20230320000741,연결,2,금융자산 공정가치 측정에 대한 내부통제의 설계 및 운영의 효과성 평가,"하였습니다. - 핵심감사사항이 감사에서 다루어진 방법 핵심감사사항에 대응하기 위하여 우리는 다음을 포함한 감사절차를 수행하였습니다.ㆍ금융자산 공정가치 측정 관련 위험평가에 따른 회계정책, 프로세스 및 내부통제의 이해 ㆍ금융자산 공정가치 측정에 대한 내부통제의 설계 및 운영의 효과성 평가 ㆍ경영진측 전문가의 적격성 및 독립성 확인ㆍ추출한 표본에 대하여 경영진이 적용한 공정가치 측정방법의 적합성 및 투입변수의 합리성 평가 (2) 영업권 손상평가영업권 손상평가시 경영진은 사용가치모형을 사용하여 회수가능액을 평가하였습니다. 현금창출단위의 사용가치 결정에는 예상 미래현금흐름의 추정을 위한 미래 영업수익, 인건비, 영구성장률, 그리고 할인율 등과 관련한 경영진 및 감사인의 유의적인 판단을 필요로 합니다. 경영진이 회수가능액을 추정하기 위하여 사용된 주요 가정이 회수가능액 산정에 미치는 영향이 유의적이며, 해당 가정에 불확실성이 존재한다고 판단되어, 우리는 영업권 손상평가를 핵심감사사항으로 결정하였습니다. - 핵심감사사항이 감사에서 다루어진 방법본 핵심감사사항에 대응하기 위한 우리의 감사절차는 다음을 포함합니다.- 내부의 평가전문가를 활용하여 예상 미래현금흐름의 추정을 위한 미래 영업수익, 인건비 및 영구성장률 등의 주요 가정을 과거 재무성과 및 산업 보고서와 비교하여 그 합리성을 평가- 연결회사가 사용한 할인율을 시장 자료 등에 근거한 우리의 기대치와 비교하여 그 적정성을 확인- 주요 가정의 변경으로 인한 경영진의 손상평가에 미치는 영향을 평가하기 위해 할인율 및 영구 성장률에 대한 민감도 분석을 수행- 미래 예상 현금흐름을 경영진이 승인한 사업계획과 비교하여 그 합리성을 평가",,lookback
00258689,2023,(주)제이와이피엔터테인먼트,콘텐츠,20240318000479,연결,1,금융자산의 평가,"2023년 12월 31일 현재 연결회사가 보유한 공정가치로 측정된 금융자산은 24,807,016천원으로 금융자산의 금액이 유의적이며, 금융자산 공정가치 측정에 사용된 가치평가기법의 선택 및 투입변수에 대하여 연결회사 경영진의 유의적인 판단과 회계추정치를 수반하므로 우리는 금융자산의 공정가치 측정을 핵심감사사항으로 결정하였습니다.","핵심감사사항에 대응하기 위하여 우리는 다음을 포함한 감사절차를 수행하였습니다.ㆍ금융자산 공정가치 측정 관련 위험평가에 따른 회계정책, 프로세스 및 내부통제의 이해 ㆍ금융자산 공정가치 측정에 대한 내부통제의 설계 및 운영의 효과성 평가 ㆍ경영진측 전문가의 적격성 및 독립성 확인ㆍ추출한 표본에 대하여 경영진이 적용한 공정가치 측정방법의 적합성 및 투입변수의 합리성 평가",subhead
00258689,2024,(주)제이와이피엔터테인먼트,콘텐츠,20250317000598,연결,1,음반매출 및 컨텐츠매출 등의 기간귀속,"연결재무제표에 대한 주석 3.16 및 23에서 기술하고 있는 바와 같이, 연결회사가 영위하는 엔터테인먼트업은 고객 및 계약 조건에 따라 다양한 수행의무가 존재합니다. 또한 복잡한 거래구조를 통해 정산시점 과 수익인식 시점간의 차이를 조정하기 위한 프로세스를 거치고 있습니다. 따라서 우리는 음반매출 및 컨텐츠매출 등의 기간귀속을 핵심감사사항으로 식별하였습니다.",우리가 음반매출 및 컨텐츠매출 등의 기간귀속과 관련하여 수행한 주요 감사 절차는 다음과 같습니다.- 주요 계약조건에 대한 문서검사를 수행하여 회사의 수익인식기준이 기업회계기준서 제1115호에 부합하는지 확인 - 음반매출 및 컨텐츠매출 등의 기간귀속과 관련된 내부 통제에 대한 설계와 운영의 효과성 테스트 - 보고기간말 전 후에 발생한 음반매출 및 컨텐츠매출 등의의 수익인식시점의 적정성 확인을 위하여 추출한 표본거래에 대한 문서검사 및 계산검증,subhead
00259590,2019,(주)바른손이앤에이,콘텐츠,20200330001573,연결,1,무형자산에 대한 손상평가,"핵심감사사항은 우리의 전문가적 판단에 따라 당기 연결재무제표감사에서 가장 유의적인 사항들입니다. 해당 사항들은 연결재무제표 전체에 대한 감사의 관점에서 우리의 의견형성 시 다루어졌으며, 우리는 이런 사항에 대하여 별도의 의견을 제공하지는않습니다. 연결재무제표에 대한 주석 주석13에서 설명하고 있는바와 같이, 연결회사는 개발비 및 라이선스에 대한 지출액이 연결재무제표에 중요한 비중을 차지하고 있으며, 이러한 무형자산의 회수가능액은 관련 프로젝트의 출시 가능성 및 성공가능성에 중요한 영향을 받습니다. 무형자산에 대한 회수가능액의 결정은 연결회사 경영진의 가정에 기반하는 유의적인판단과 추정이 연관되어 있으므로, 우리는 무형자산에 대한 손상평가를 핵심감사사항에 포함하였습니다. - 프로젝트 완성을 위한 연결회사의 기술적 재무적 능력 - 관련 프로젝트의 미래 성과에 대한 경영진 면담 및 질문",,decl
00259590,2021,(주)바른손이앤에이,콘텐츠,20220322000831,연결,1,영업수익의 발생사실 및 기간귀속,영업수익은 연결회사의 주요 성과지표 중 하나이고 영업수익이 적절하지 않은 기간에 인식되거나 목표 또는 기대치 달성을 위한 부정의 발생 등 고유위험을 불러일으킬수 있으므로 감사인은 영업수익의 발생사실 및 기간귀속을 핵심감사사항으로 결정하였습니다.,영업수익의 발생사실 및 기간귀속 인식의 적정성 검토를 위해 우리가 수행한 주요 감사절차는 다음과 같습니다. ㆍ영업수익의 거래유형에 대한 이해 및 각 유형의 수익인식 기준에 대한 적정성 검토 ㆍ영업수익의 측정 및 인식과 관련된 프로세스의 이해 및 통제의 평가 ㆍ문서검사를 통한 영업수익의 실재성 확인 ㆍ보고기간말 전후 발생한 영업수익거래의 기간귀속 테스트를 위한 관련 문서검사,subhead
00259590,2022,(주)바른손이앤에이,콘텐츠,20230322001107,연결,1,영업수익의 발생사실 및 기간귀속,"회사의 주요 영업활동인 영화 등 제작 및 투자배급의 경우 투자사, 제작사 및 배급사등 이해관계자 간 계약에 따라 수익을 정산하여 배분하게 되는 바, 정산 대상이 되는 수익의 발생사실과 수익의 인식시점 판단이 중요합니다. 한편, 영업수익은 회사의 주요 성과지표 중 하나이고 영업수익이 적절하지 않은 기간에 인식되거나 목표 또는 기대치 달성을 위한 부정의 발생 등 고유위험을 불러일으킬 수 있으므로 감사인은 영업수익의 발생사실 및 기간귀속을 핵심감사사항으로 결정하였습니다.",영업수익의 발생사실 및 기간귀속 인식의 적정성 검토를 위해 우리가 수행한 주요 감사절차는 다음과 같습니다.ㆍ영업수익의 거래유형에 대한 이해 및 각 유형의 수익인식 기준에 대한 적정성 검토ㆍ영업수익의 측정 및 인식과 관련된 프로세스의 이해 및 통제의 평가ㆍ문서검사를 통한 영업수익의 실재성 확인ㆍ보고기간말 전후 발생한 영업수익거래의 기간귀속 테스트를 위한 관련 문서검사,subhead
00259590,2023,(주)바른손이앤에이,콘텐츠,20240320001486,연결,1,영업수익의 발생사실 및 기간귀속,"핵심감사사항은 우리의 전문가적 판단에 따라 당기 연결재무제표감사에서 가장 유의적인 사항들입니다. 해당 사항들은 연결재무제표 전체에 대한 감사의 관점에서 그리고 우리의 의견형성시 다루어졌으며, 우리는 이러한 사항에 대하여 별도의 의견을 제공하지는 않습니다. - 영업수익의 발생사실 및 기간귀속 영업수익과 관련된 회계정책은 주석4.(17)에서 설명하고 있으며, 연결회사는 2023년12월 31일로 종료되는 보고기간에 23,670,252천원의 영업수익을 인식하고 있습니다(주석6, 22). 핵심감사사항으로 결정된 이유 연결회사의 주요 영업활동인 영화 등 제작 및 투자배급의 경우 투자사, 제작사 및 배급사등 이해관계자 간 계약에 따라 수익을 정산하여 배분하게 되는 바, 정산 대상이 되는 수익의 발생사실과 수익의 인식시점 판단이 중요합니다. 한편, 영업수익은 연결회사의 주요 성과지표 중 하나이고 영업수익이 적절하지 않은 기간에 인식되거나 목표 또는 기대치 달성을 위한 부정의 발생 등 고유위험을 불러일으킬 수 있으므로 감사인은 영업수익의 발생사실 및 기간귀속을 핵심감사사항으로 결정하였습니다. 핵심감사사항이 감사에서 다루어진 방법 영업수익의 발생사실 및 기간귀속 인식의 적정성 검토를 위해 ","우리가 수행한 주요 감사절차는 다음과 같습니다.ㆍ영업수익의 거래유형에 대한 이해 및 각 유형의 수익인식 기준에 대한 적정성 검토ㆍ영업수익의 측정 및 인식과 관련된 프로세스의 이해 및 통제의 평가ㆍ문서검사를 통한 영업수익의 실재성 확인ㆍ보고기간말 전후 발생한 영업수익거래의 기간귀속 테스트를 위한 관련 문서검사 - 당기손익-공정가치 측정 금융자산의 후속측정 당기손익-공정가치 측정 금융자산과 관련된 회계정책은 주석4.(4)에서 설명하고 있으며, 연결회사는 2023년 12월 31일로 종료되는 보고기간에 16,222,092천원의 당기손익-공정가치 측정 금융자산을 인식하고 있습니다(주석9).핵심감사사항으로 결정된 이유연결회사는 영화 등 콘텐츠의 투자 및 배급사업을 위해 다수의 프로젝트에 투자하고 있습니다. 해당 프로젝트 투자는 당기손익-공정가치 측정 금융자산으로 분류하고 있으며, 당기말 현재 프로젝트 투자 등으로 구성된 연결회사의 당기손익-공정가치 측정 금융자산(16,222,092천원)은 총자산(125,054,621천원)의 12.97%를 차지하는 중요한 자산에 해당합니다.",lookback
00259590,2023,(주)바른손이앤에이,콘텐츠,20240320001486,연결,2,당기손익-공정가치 측정 금융자산의 후속측정,"하였습니다. 핵심감사사항이 감사에서 다루어진 방법 영업수익의 발생사실 및 기간귀속 인식의 적정성 검토를 위해 우리가 수행한 주요 감사절차는 다음과 같습니다.ㆍ영업수익의 거래유형에 대한 이해 및 각 유형의 수익인식 기준에 대한 적정성 검토ㆍ영업수익의 측정 및 인식과 관련된 프로세스의 이해 및 통제의 평가ㆍ문서검사를 통한 영업수익의 실재성 확인ㆍ보고기간말 전후 발생한 영업수익거래의 기간귀속 테스트를 위한 관련 문서검사 - 당기손익-공정가치 측정 금융자산의 후속측정 당기손익-공정가치 측정 금융자산과 관련된 회계정책은 주석4.(4)에서 설명하고 있으며, 연결회사는 2023년 12월 31일로 종료되는 보고기간에 16,222,092천원의 당기손익-공정가치 측정 금융자산을 인식하고 있습니다(주석9).핵심감사사항으로 결정된 이유연결회사는 영화 등 콘텐츠의 투자 및 배급사업을 위해 다수의 프로젝트에 투자하고 있습니다. 해당 프로젝트 투자는 당기손익-공정가치 측정 금융자산으로 분류하고 있으며, 당기말 현재 프로젝트 투자 등으로 구성된 연결회사의 당기손익-공정가치 측정 금융자산(16,222,092천원)은 총자산(125,054,621천원)의 12.97%를 차지하는 중요한 자산에 해당합니다. 이에 따라 당기손익-공정가치 측정 금융자산의 공정가치 평가가 당기손익 등에 미치는 영향이 중요하다고 판단하여 당기손익-공정가치 측정 금융자산의 후속측정을 핵심감사사항으로 결정하였습니다.핵심감사사항이 감사에서 다루어진 방법당기손익-공정가치 측정 금융자산의 후속측정의 적정성 검토를 위해 ","우리가 수행한 주요 감사절차는 다음과 같습니다.ㆍ투자계약서의 확인 및 검토ㆍ공정가치평가와 관련된 프로세스의 이해 및 통제의 평가ㆍ회사 측 외부평가전문가의 적격성 및 객관성 검토ㆍ평가대상의 실적 및 예측 데이터의 합리성 검토ㆍ평가에 사용된 평가방법론, 지표 및 투입변수 검토ㆍ주요 평가에 대한 재계산 검증",lookback
00259590,2024,(주)바른손이앤에이,콘텐츠,20250320001242,연결,1,영업수익의 발생사실 및 기간귀속,"핵심감사사항은 우리의 전문가적 판단에 따라 당기 연결재무제표감사에서 가장 유의적 사항들입니다. 해당 사항들은 연결재무제표 전체에 대한 감사의 관점에서 우리의 의견 형성시 다루어졌으며, 우리는 이런 사항에 대하여 별도의 의견을 제공하지는 않습니다. - 영업수익의 발생사실 및 기간귀속 영업수익과 관련된 회계정책은 주석4.(17)에서 설명하고 있으며, 연결회사는 2024년12월 31일로 종료되는 보고기간에 9,489백만원의 영업수익을 인식하고 있습니다(주석22).핵심감사사항으로 결정된 이유연결회사의 주요 영업활동인 영화 등 제작 및 투자배급의 경우 투자사, 제작사 및 배급사등 이해관계자 간 계약에 따라 수익을 정산하여 배분하게 되는 바, 정산 대상이 되는 수익의 발생사실과 수익의 인식시점 판단이 중요합니다. 한편, 영업수익은 연결회사의 주요 성과지표 중 하나이고 영업수익이 적절하지 않은 기간에 인식되거나 목표 또는 기대치 달성을 위한 부정의 발생 등 고유위험을 불러일으킬 수 있으므로 감사인은 영업수익의 발생사실 및 기간귀속을 핵심감사사항으로 결정하였습니다.핵심감사사항이 감사에서 다루어진 방법영업수익의 발생사실 및 기간귀속 인식의 적정성 검토를 위해 ","우리가 수행한 주요 감사절차는 다음과 같습니다.ㆍ영업수익의 거래유형에 대한 이해 및 각 유형의 수익인식 기준에 대한 적정성 검토ㆍ영업수익의 측정 및 인식과 관련된 프로세스의 이해 및 통제의 평가ㆍ문서검사를 통한 영업수익의 실재성 확인ㆍ보고기간말 전후 발생한 영업수익거래의 기간귀속 테스트를 위한 관련 문서검사 - 당기손익-공정가치 측정 금융자산의 후속측정 당기손익-공정가치 측정 금융자산과 관련된 회계정책은 주석4.(4)에서 설명하고 있으며, 연결회사는 2024년 12월 31일로 종료되는 보고기간에 19,693 백만원의 당기손익-공정가치 측정 금융자산을 인식하고 있습니다(주석9).핵심감사사항으로 결정된 이유연결회사는 영화 등 콘텐츠의 투자 및 배급사업을 위해 다수의 프로젝트에 투자하고 있습니다. 해당 프로젝트 투자는 당기손익-공정가치 측정 금융자산으로 분류하고 있으며, 당기말 현재 프로젝트 투자 등으로 구성된 연결회사의 당기손익-공정가치 측정 금융자산( 19,693 백만원)은 연결총자산(111,166백만원)의 17.71%를 차지하는 중요한 자산에 해당합니다.",lookback
00259590,2024,(주)바른손이앤에이,콘텐츠,20250320001242,연결,2,"19,693","하였습니다.핵심감사사항이 감사에서 다루어진 방법영업수익의 발생사실 및 기간귀속 인식의 적정성 검토를 위해 우리가 수행한 주요 감사절차는 다음과 같습니다.ㆍ영업수익의 거래유형에 대한 이해 및 각 유형의 수익인식 기준에 대한 적정성 검토ㆍ영업수익의 측정 및 인식과 관련된 프로세스의 이해 및 통제의 평가ㆍ문서검사를 통한 영업수익의 실재성 확인ㆍ보고기간말 전후 발생한 영업수익거래의 기간귀속 테스트를 위한 관련 문서검사 - 당기손익-공정가치 측정 금융자산의 후속측정 당기손익-공정가치 측정 금융자산과 관련된 회계정책은 주석4.(4)에서 설명하고 있으며, 연결회사는 2024년 12월 31일로 종료되는 보고기간에 19,693 백만원의 당기손익-공정가치 측정 금융자산을 인식하고 있습니다(주석9).핵심감사사항으로 결정된 이유연결회사는 영화 등 콘텐츠의 투자 및 배급사업을 위해 다수의 프로젝트에 투자하고 있습니다. 해당 프로젝트 투자는 당기손익-공정가치 측정 금융자산으로 분류하고 있으며, 당기말 현재 프로젝트 투자 등으로 구성된 연결회사의 당기손익-공정가치 측정 금융자산( 19,693 백만원)은 연결총자산(111,166백만원)의 17.71%를 차지하는 중요한 자산에 해당합니다. 이에 따라 당기손익-공정가치 측정 금융자산의 공정가치 평가가당기손익등에 미치는 영향이 중요하다고 판단하여 당기손익-공정가치 측정 금융자산의 후속측정을 핵심감사사항으로 결정하였습니다.핵심감사사항이 감사에서 다루어진 방법당기손익-공정가치 측정 금융자산의 후속측정의 적정성 검토를 위해 ","우리가 수행한주요 감사절차는 다음과 같습니다.ㆍ투자계약서의 확인 및 검토ㆍ공정가치평가와 관련된 프로세스의 이해 및 통제의 평가ㆍ회사 측 외부평가전문가의 적격성 및 객관성 검토ㆍ평가대상의 실적 및 예측 데이터의 합리성 검토ㆍ평가에 사용된 평가방법론, 지표 및 투입변수 검토ㆍ주요 평가에 대한 재계산 검증",lookback
00260930,2019,(주)에스엠엔터테인먼트,콘텐츠,20200330004089,연결,1,영업권의 손상평가,"2019년 12월 31일 현재 연결회사는 118,172백만원의 영업권을 보유하고 있습니다(주석 14 참조). 연결회사는 할인된 현금흐름법에 근거한 사용가치계산을 활용해 영업권에 대한 손상검사를 수행하였습니다. 사용가치는 할인율, 성장률 및 미래현금흐름 예측 등 연결회사 경영진의 유의적인 판단과 추정치를 수반하므로 우리는 영업권 관련 회계처리를 핵심감사사항으로 판단하였습니다.",연결회사의 영업권의 손상 평가 관련 회계처리에 대하여 우리가 수행한 주요 감사절차는 다음과 같습니다. - 연결회사가 활용한 외부전문가의 적격성 평가 - 연결회사의 현금창출단위 판단 및 각 현금창출단위에 배부된 순영업자산 적절성 검토 - 사용가치 평가에 사용한 가치평가 모델의 적절성 평가 - 사용가치 추정에 사용된 주요 가정의 합리성 평가,subhead
00260930,2020,(주)에스엠엔터테인먼트,콘텐츠,20210322001115,연결,1,영업권 및 관련된 현금창출단위에 대한 손상평가,"핵심감사사항은 우리의 전문가적 판단에 따라 당기 연결재무제표감사에서 가장 유의적인 사항입니다. 해당 사항은 연결재무제표 전체에 대한 감사의 관점에서 우리의 의견형성 시 다루어졌으며, 우리는 이런 사항에 대하여 별도의 의견을 제공하지는 않습니다. 영업권 및 관련된 현금창출단위에 대한 손상평가 2020년 12월 31일 현재 연결회사는 108,030백만원의 영업권을 보유하고 있습니다 (주석14 참조). 연결회사는 할인된 현금흐름법에 근거한 사용가치계산을 활용해 영업권에 대한 손상검사를 수행하였습니다. 사용가치는 할인율, 성장률 및 미래현금흐름 예측 등 연결회사 경영진의 유의적인 판단과 추정치를 수반하므로 우리는 영업권 및 관련된 현금창출단위에 대한 손상 회계처리를 핵심감사사항으로 판단하였습니다. 연결회사의 영업권의 손상 평가 관련 회계처리에 대하여 ","우리가 수행한 주요 감사절차는 다음과 같습니다. - 연결회사가 보유한 각 영업권에 대한 외부평가보고서 징구 및 경영진측 전문가의 적격성, 역량 및 객관성을 검토하였습니다. - 경영진의 손상검토에 사용된 현금창출단위의 정의 및 현금창출단위의 자산 및 부채 장부금액 배분의 적정성, 손상검토에 사용된 경영진이 승인한 사업계획의 적정성을 확인하였습니다. - 감사인의 내부 가치평가 전문가를 활용하여 외부평가기관의 손상검토보고서 결과 및 연결회사에서 사용가치를 평가하기 위하여 사용한 가정과 평가방법의 적정성을 확인하였습니다. - 경영진이 손상검토에 대해 구축한 내부통제의 설계 및 이행의 적정성을 확인하였습니다.",lookback
00260930,2021,(주)에스엠엔터테인먼트,콘텐츠,20220323001290,연결,1,부동산리스 회계처리의 적정성,"핵심감사사항은 우리의 전문가적 판단에 따라 당기 연결재무제표감사에서 가장 유의적인사항입니다. 해당 사항은 연결재무제표 전체에 대한 감사의 관점에서 우리의 의견형성시 다루어졌으며, 우리는 이런 사항에 대하여 별도의 의견을 제공하지는 않습니다. 부동산리스 회계처리의 적정성 연결회사는 당기 중 연결회사의 당기말 현재 주소지의 건물을 장기 임차하여 사옥을 이전하였으며, 임차 면적 중 일부는 연결회사의 계열사와 기타 회사에 전대하였습니다. 해당 임차거래는 기업회계기준서 제1116호 '리스'의 적용대상이며, 당기말 현재 부동산리스로 인한 사용권자산, 리스채권, 투자부동산 및 리스부채의 잔액은 각각 약964억원, 32억원, 56억원 그리고 1,078억원으로 금액적으로 중요합니다(주석 16 참조). 리스회계처리를 위해서 산정되는 중요한 요소는 리스기간과 할인율로, 연결회사는 리스기간을 산정하기 위해 리스이용자 관점에서 관측가능한 해지불능기간을 결정하고 연장선택권의 행사가능성을 고려합니다. 그리고 할인율을 산정하기 위해 연결회사는 신용도 및 리스대상자산의 담보가치를 고려하여 적정한 증분차입이자율을 산정합니다. 우리는 이러한 요소들을 산정하기 위해 연결회사 경영진의 판단이 필요하고 리스이용자 및 리스제공자 관점에서 다수의 복잡한 거래가 발생하여, 리스회계처리에 대한 유의적 왜곡표시위험이 있는 것으로 판단하였기 때문에 부동산리스의 회계처리를 핵심감사사항으로 선정하였습니다. 연결회사의 부동산리스 회계처리에 대하여 ","우리가 수행한 주요 감사절차는 다음과 같습니다. - 리스 회계처리에 대한 회계정책과 프로세스 및 내부통제의 이해 - 리스 식별 및 회계처리에 대한 내부통제의 설계 및 운영의 효과성 평가 - 리스계약서를 포함한 이용가능한 내외부정보를 확인하여 주요 투입변수(리스료, 할인율, 리스기간, 기타 약정사항)의 적정성 검토 - 사용권자산, 리스채권, 투자부동산, 리스부채 등 리스관련 주요 계정 장부금액에 대한 재계산 검증 - 리스 관련 연결재무제표 주석 공시사항의 적정성 검토",lookback
00260930,2022,(주)에스엠엔터테인먼트,콘텐츠,20230323001460,연결,1,영업권 및 관련된 현금창출단위에 대한 손상평가,"핵심감사사항은 우리의 전문가적 판단에 따라 당기 연결재무제표감사에서 가장 유의적인 사항입니다. 해당 사항은 연결재무제표 전체에 대한 감사의 관점에서 우리의 의견 형성시 다루어졌으며, 우리는 이런 사항에 대하여 별도의 의견을 제공하지는 않습니다. 영업권 및 관련된 현금창출단위에 대한 손상평가 2022년 12월 31일 현재 연결회사는 93,953백만원의 영업권을 보유하고 있습니다(주석 14 참조). 연결회사는 할인된 현금흐름법에 근거한 사용가치계산을 활용해 영업권에 대한 손상검사를 수행하였습니다. 사용가치는 할인율, 성장률 및 미래현금흐름 예측 등 연결회사 경영진의 유의적인 판단과 추정치를 수반하므로 우리는 영업권 및 관련된 현금창출단위에 대한 손상평가 중 사용가치를 활용한 손상 회계처리를 핵심감사사항으로 판단하였습니다. 연결회사의 영업권 및 관련된 현금창출단위에 대한 손상평가 중 사용가치를 활용한 손상 회계처리에 대하여 ","우리가 수행한 주요 감사절차는 다음과 같습니다. - 연결회사가 보유한 각 영업권 및 관련된 현금창출단위에 대한 외부 손상평가보고서 징구 및 경영진측 전문가의 적격성, 역량 및 객관성을 검토하였습니다.- 경영진의 손상검토에 사용된 현금창출단위의 정의 및 현금창출단위의 자산 및 부채 장부금액 배분의 적정성, 손상검토에 사용된 경영진이 승인한 사업계획의 적정성을 확인하였습니다.- 전년도의 현금흐름예측과 당기 실적 비교를 통한 연결회사의 추정과 판단의 정확성을 확인하였습니다.- 감사인의 내부 가치평가 전문가를 활용하여 외부평가기관의 손상검토보고서 결과 및 연결회사에서 사용가치를 평가하기 위하여 사용한 가정과 평가방법의 적정성을 확인하였습니다.- 경영진이 손상검토에 대해 구축한 내부통제의 설계 및 이행의 적정성을 확인하였습니다.",lookback
00260930,2023,(주)에스엠엔터테인먼트,콘텐츠,20240319000808,연결,1,영업권 손상검사,"2023년 12월 31일 현재 연결회사가 보유하고 있는 영업권의 장부금액은 149,493백만원으로 유의적이며, 회사의 현금창출단위들의 회수가능가액 산정에 포함된 미래현금흐름 추정에는 미래 사업에 대한 예상과 할인율에 대한 경영진의 유의적인 판단이 수반되는 점을 고려하여 해당 항목을 핵심감사사항으로 선정하였습니다(주석 14).",핵심감사사항에 대응하기 위하여 우리는 다음을 포함한 감사절차를 수행하였습니다. ㆍ경영진이 사업결합 영업권의 손상검사를 수행하는 절차와 관련된 통제의 이해 ㆍ미래현금흐름이 추정이 경영진에서 승인한 사업계획과 일치하는지 확인ㆍ경영진이 회수가능가액 추정에 사용한 가치평가 모델의 적합성을 평가ㆍ사용가치 추정에 사용된 주요 가정의 합리성 평가ㆍ주요 가정의 변경이 손상 평가에 미치는 영향을 평가하기 위해 경영진이 수행한 할인율 및 영구성장률에 대한 민감도 분석결과 평가,subhead
00263371,2019,(주)한국경제티브이,콘텐츠,20200327002059,연결,1,공동지배기업 및 관계기업 대여금의 회수가능성,"연결재무제표에 대한 주석 31에 기술한 바와 같이 연결회사의 공동지배기업 및 관계기업에 대한 대여금은 48,250백만원으로, 연결재무제표에 유의적인 금액입니다. 우리는 공동지배기업 및 관계기업에 대한 대여금의 회수가능성에 대하여 경영진의 유의적 추정 및 판단이 포함되며, 연결재무제표에 미치는 영향이 유의적이므로 이 영역에 관심을 기울였습니다.",상기 유의적 위험과 관련하여 우리가 수행한 주요 감사절차는 다음과 같습니다. - 공동지배기업 및 관계기업과의 대여금 계약서 확인 절차 수행 - 공동지배기업 및 관계기업의 재무제표 및 사업계획 검토 절차 수행 - 공동지배기업 및 관계기업 대여금에 대한 조회확인 절차 수행 - 공동지배기업 및 관계기업 대여금의 회수가능가액에 대한 검토 절차 수행,subhead
00263371,2020,(주)한국경제티브이,콘텐츠,20210318000764,연결,1,공동지배피투자기업 및 관계기업 대여금의 회수가능성,"연결재무제표에 대한 주석 30에 기술한 바와 같이 연결회사의 공동지배피투자기업 및 관계기업에 대한 대여금은 42,250백만원으로, 연결재무제표에 유의적인 금액입니다. 우리는 공동지배피투자기업 및 관계기업에 대한 대여금의 회수가능성에 대하여 경영진의 유의적 추정 및 판단이 포함되며, 연결재무제표에 미치는 영향이 유의적이므로 이 영역에 관심을 기울였습니다.",상기 유의적 위험과 관련하여 우리가 수행한 주요 감사절차는 다음과 같습니다. - 공동지배피투자기업 및 관계기업과의 대여금 계약서 확인 절차 수행 - 공동지배피투자기업 및 관계기업의 재무제표 및 사업계획 검토 절차 수행 - 공동지배피투자기업 및 관계기업 대여금에 대한 조회확인 절차 수행 - 공동지배피투자기업 및 관계기업 대여금의 회수가능가액에 대한 검토 절차 수행,subhead
00263371,2021,(주)한국경제티브이,콘텐츠,20220317000615,연결,1,공동지배피투자기업 및 관계기업 대여금의 회수가능성을,,상기 유의적 위험과 관련하여 우리가 수행한 주요 감사절차는 다음과 같습니다. - 공동지배피투자기업 및 관계기업과의 대여금 계약서 확인 절차 수행 - 공동지배피투자기업 및 관계기업 대여금에 대한 조회확인 절차 수행 - 공동지배피투자기업 및 관계기업 대여금의 회수가능가액에 대한 검토 절차 수행,subhead
00263371,2022,(주)한국경제티브이,콘텐츠,20230316000338,연결,1,공동지배피투자기업 및 관계기업 대여금의 회수가능성,"핵심감사사항은 우리의 전문가적 판단에 따라 당기 재무제표감사에서 가장 유의적인사항들입니다. 해당 사항들은 연결재무제표 전체에 대한 감사의 관점에서 우리의 의견형성 시 다루어졌으며, 우리는 이런 사항에 대하여 별도의 의견을 제공하지는 않습니다. (1) 공동지배피투자기업 및 관계기업 대여금의 회수가능성을 핵심감사사항으로 결정한 이유재무제표에 대한 주석 30 및 31에 기술한 바와 같이 연결회사의 공동지배피투자기업및 관계기업에 대한 대여금은 41,250백만원으로, 연결재무제표에 유의적인 금액입니다. 우리는 공동지배피투자기업 및 관계기업에 대한 대여금의 회수가능성에 대하여 경영진의 유의적 추정 및 판단이 포함되며, 연결재무제표에 미치는 영향이 유의적이므로 이 영역에 관심을 기울였습니다. (2) 핵심감사사항이 감사에서 다루어진 방법상기 유의적 위험과 관련하여 ","우리가 수행한 주요 감사절차는 다음과 같습니다. - 공동지배피투자기업 및 관계기업과의 대여금 계약서 확인 절차 수행- 공동지배피투자기업 및 관계기업 대여금에 대한 조회확인 절차 수행- 공동지배피투자기업 및 관계기업 대여금의 회수가능가액에 대한 검토 절차 수행- 공동지배피투자기업, 관계기업 및 종속기업 대여금의 내부통제 설계 및 운영 평가 재무제표에 대한 경영진과 지배기구의 책임경영진은 한국채택국제회계기준에 따라 이 연결재무제표를 작성하고 공정하게 표시할 책임이 있으며 부정이나 오류로 인한 중요한 왜곡표시가 없는 연결재무제표를 작성하는데 필요하다고 결정한 내부통제에 대해서도 책임이 있습니다. 경영진은 연결재무제표를 작성할 때, 연결회사의 계속기업으로서의 존속능력을 평가하고 해당되는 경우 계속기업 관련 사항을 공시할 책임이 있습니다. 그리고 경영진이기업을 청산하거나 영업을 중단할 의도가 없는 한, 회계의 계속기업전제의 사용에 대해서도 책임이 있습니다. 지배기구는 연결회사의 재무보고절차의 감시에 대한 책임이 있습니다.",decl
00263371,2023,(주)한국경제티브이,콘텐츠,20240314001190,연결,1,공동지배피투자기업 및 관계기업 대여금의 회수가능성,"핵심감사사항은 우리의 전문가적 판단에 따라 당기 재무제표감사에서 가장 유의적인사항들입니다. 해당 사항들은 연결재무제표 전체에 대한 감사의 관점에서 우리의 의견형성 시 다루어졌으며, 우리는 이런 사항에 대하여 별도의 의견을 제공하지는 않습니다. (1) 공동지배피투자기업 및 관계기업 대여금의 회수가능성을 핵심감사사항으로 결정한 이유재무제표에 대한 주석 29 및 30에 기술한 바와 같이 연결회사의 공동지배피투자기업및 관계기업에 대한 대여금은 47,250백만원으로, 연결재무제표에 유의적인 금액입니다. 우리는 공동지배피투자기업 및 관계기업에 대한 대여금의 회수가능성에 대하여 경영진의 유의적 추정 및 판단이 포함되며, 연결재무제표에 미치는 영향이 유의적이므로 이 영역에 관심을 기울였습니다. (2) 핵심감사사항이 감사에서 다루어진 방법상기 유의적 위험과 관련하여 ","우리가 수행한 주요 감사절차는 다음과 같습니다. - 공동지배피투자기업 및 관계기업과의 대여금 계약서 확인 절차 수행- 공동지배피투자기업 및 관계기업 대여금에 대한 조회확인 절차 수행- 공동지배피투자기업 및 관계기업 대여금의 회수가능가액에 대한 검토 절차 수행- 공동지배피투자기업, 관계기업 및 종속기업 대여금의 내부통제 설계 및 운영 평가 재무제표에 대한 경영진과 지배기구의 책임경영진은 한국채택국제회계기준에 따라 이 연결재무제표를 작성하고 공정하게 표시할 책임이 있으며 부정이나 오류로 인한 중요한 왜곡표시가 없는 연결재무제표를 작성하는데 필요하다고 결정한 내부통제에 대해서도 책임이 있습니다. 경영진은 연결재무제표를 작성할 때, 연결회사의 계속기업으로서의 존속능력을 평가하고 해당되는 경우 계속기업 관련 사항을 공시할 책임이 있습니다. 그리고 경영진이기업을 청산하거나 영업을 중단할 의도가 없는 한, 회계의 계속기업전제의 사용에 대해서도 책임이 있습니다. 지배기구는 연결회사의 재무보고절차의 감시에 대한 책임이 있습니다.",decl
00263371,2024,(주)한국경제티브이,콘텐츠,20250320000818,연결,1,연결,"연결재무제표에 대한 주석 23에 기술되어 있는 바와 같이 연결회사의 주력매출인 주식창ㆍ와우넷수익은 총 수익금액의 45%로 연결 재무제표에서 차지하는 비중이 중요합니다. 주식창ㆍ와우넷수익은 연결회사의 주요 경영진이 관심을 두는 중요한 성과지표에 포함되므로, 경영진의 의도에 따른 매출의 발생사실에 대한 고유위험이 높습니다. 따라서 우리는 주식창ㆍ와우넷수익의 발생사실과 관련하여 유의적인 위험이 있는 것으로 판단하고 이 영역에 관심을 기울였습니다.",핵심감사항목에 대응하기 위하여 우리는 다음을 포함한 감사절차를 수행하였습니다.- 주식창ㆍ와우넷수익과 관련한 수익인식 프로세스와 연결회사의 회계정책의 이해 및 평가 - 주식창ㆍ와우넷수익의 발생사실과 관련한 통제에 대한 설계 및 운영평가- 표본추출을 통하여 거래단위 증빙을 확인하는 실증테스트를 수행,subhead
00265324,2019,(주)씨제이이엔엠,콘텐츠,20200330004766,연결,1,방송부문 현금창출단위 영업권의 손상평가,"연결재무제표에 대한 주석 18에 기술되어 있는 바와 같이, 2019년 12월 31일 현재 연결회사의 영업권은 326,017백만원이며, 방송부문(이하, ""평가대상 현금창출단위"")과 관련된 영업권 금액이 277,381 백만원으로 연결회사 총자산 및 영업권의 각각 5.1% 및 85.1%를 차지하고 있습니다. 우리는 해당 영업권 규모가 유의적이며, 평가대상 현금창출단위의 사용가치 평가에 포함된 미래 현금 흐름 추정에는 미래 사업에 대한 예상과 할인율에 대한 경영진의 유의적인 판단이 수반되는 점을 고려하여 해당 항목을 핵심감사사항으로 판단하였습니다.",핵심감사사항에 대응하기 위하여 우리는 다음을 포함한 감사절차를 수행하였습니다. - 연결회사의 현금창출단위 판단의 적절성 검토 - 경영진이 사용한 외부 전문가의 적격성 및 독립성 평가 - 경영진이 사용가치 추정에 사용한 가치평가 모델의 적절성을 평가 - 사용가치 추정에 사용된 주요 가정의 합리성 평가 - 주요 가정의 변경이 손상 평가에 미치는 영향을 평가하기 위해 경영진이 수행한 할인율 및 영구성장률의 적정성 확인 나. 중단영업,subhead
00265324,2019,(주)씨제이이엔엠,콘텐츠,20200330004766,연결,2,중단영업,"연결재무제표에 대한 주석 43에 기술되어 있는 바와 같이, 당기 중 종속기업인 (주)엘지헬로비전(구,(주)씨제이헬로) 의 지분을 (주)엘지유플러스에 매각함에 따라, 관련 영업을 중단영업으로 분류하였으며, 중단영업당기순손실 45,641백만원을 인식하였습니다. 우리는 해당 매각이 비경상적으로 발생하는 거래이며, 중단영업의 표시 및 공시가 연결재무제표에 유의적인 영향을 미치는 점을 고려, 중단영업을 핵심감사사항으로 선정하였습니다.",핵심감사사항에 대응하기 위하여 우리는 다음을 포함한 감사절차를 수행하였습니다. - 중단영업분류에 대한 판단근거 및 분류시점 적절성 검토 - 연결회사의 회계처리와 주석을 입수하여 공시의 적정성을 확인,subhead
00265324,2020,(주)씨제이이엔엠,콘텐츠,20210322000740,연결,1,"방송부문과 관련한 현금창출단위(""CGU"")의 손상평가","방송부문 CGU는 해당 CGU 내 영업권 및 판권 규모가 재무제표에 미치는 영향이 유의적이며, CGU의 사용가치 평가에 포함된 미래 현금 흐름 추정에는 미래 사업에 대한 예상과 할인율에 대한 경영진의 유의적인 판단이 수반되는 점을 고려하여 해당 항목을 핵심감사사항으로 선정하였습니다(주석 18 참조).",핵심감사사항에 대응하기 위하여 우리는 다음을 포함한 감사절차를 수행하였습니다. - 현금창출단위 판단 및 각 현금창출단위 자산의 적절성 검토 - 경영진의 미래현금흐름 추정과 관련된 절차 및 통제를 이해하고 평가 - 경영진이 사용한 외부 전문가의 적격성 및 독립성 평가 - 경영진이 사용가치 추정에 사용한 가치평가 모델의 적절성을 평가 - 사용가치 추정에 사용된 주요 가정의 합리성 평가 - 주요 가정의 변경이 손상 평가에 미치는 영향을 평가하기 위해 경영진이 수행한 할인율 및 영구성장률의 적정성 확인,subhead
00265324,2021,(주)씨제이이엔엠,콘텐츠,20220321001256,연결,1,"방송부문과 관련한 현금창출단위(""CGU"")의 손상평가","방송부문 CGU는 해당 CGU 내 영업권 및 판권 규모가 재무제표에 미치는 영향이 유의적이며, CGU의 사용가치 평가에 포함된 미래 현금 흐름 추정에는 미래 사업에 대한 예상과 할인율에 대한 경영진의 유의적인 판단이 수반되는 점을 고려하여 해당 항목을 핵심감사사항으로 선정하였습니다(주석 18 참조).",핵심감사사항에 대응하기 위하여 우리는 다음을 포함한 감사절차를 수행하였습니다. - 현금창출단위 판단 및 각 현금창출단위 자산의 적절성 검토 - 경영진의 미래현금흐름 추정과 관련된 절차 및 통제를 이해하고 평가 - 경영진이 사용한 외부 전문가의 적격성 및 독립성 평가 - 경영진이 사용가치 추정에 사용한 가치평가 모델의 적절성을 평가 - 사용가치 추정에 사용된 주요 가정의 합리성 평가 - 주요 가정의 변경이 손상 평가에 미치는 영향을 평가하기 위해 경영진이 수행한 할인율 및 영구성장률의 적정성 확인,subhead
00265324,2022,(주)씨제이이엔엠,콘텐츠,20230320000724,연결,1,LLC 현금창출단위 영업권 손상평가,"연결재무제표 주석 19에서 설명하고 있는 바와 같이, 연결회사는 방송부문 현금창출단위에 영업권 4,783억원, CJ ENM FIFTH SEASON, LLC 현금창출단위에 영업권 3,636억원을 배부하고 있습니다. 연결회사는 당기 중 영업권이 포함된 현금창출단위의 손상평가를 위해 사용가치모형을 적용하여 회수가능액을 추정하고 장부금액과 비교하여 손상검사를 수행하였습니다. 이 모형의 주요 가정은 매출성장율, 영업이익율 및 할인율이 포함됩니다. 연결회사의 경영진은 회수가능액 추정을 위해 독립적인 외부 전문가를 활용하였습니다. 회수가능액으로 측정 시 사용한 미래 현금흐름추정에는 방송산업의 경제적 환경에주어진 불확실성 및 할인율에 대한 경영진의 유의적인 판단이 포함되므로 우리는 방송부문 현금창출단위 영업권 및 CJ ENM FIFTH SEASON, LLC 현금창출단위 영업권 손상평가를 핵심감사사항으로 선정하였습니다. 2) 핵심감사사항이 감사에서 다루어진 방법우리가 수행한 주요한 절차는 다음과 같습니다:- 연결회사의 각 현금흐름창출단위의 손상평가와 관련한 회계정책 및 프로세스를 이해하고 내부통제를 평가하였습니다.- 연결회사가 회수가능액 추정을 위해 사용한 평가방법의 적정성을 평가하였습니다.- 연결회사가 추정치 산정을 위해 적용한 가정의 적정성 검토를 위해 전기 추정치와 당기실제 재무지표를 비교하는 방식의 소급적 검토를 수행하였습니다.- 내부 가치평가전문가를 활용하여 현금창출단위의 미래현금흐름 추정시 반영된 매출성장률, 영업이익률이 과거성과, 시장상황과 비교하여 일관성이 있는지 확인하고 관측가능한 정보를 활용하여 할인율의 합리성을 평가하였습니다.- 연결회사가 적용한 주요 가정의 변경이 손상평가에 미치는 영향을 평가하기 위해, 할인율에 대한 민감도 분석 결과를 평가하였습니다.- 연결회사가 사용한 미래 현금흐름 추정이 경영진에 보고 승인된 사업계획과 일치하는지 확인하였습니다. - 연결회사가 활용한 외부 전문가의 적격성과 독립성을 평가하였습니다. - 기업회계기준서 제1036호에 따른 공시사항의 적절성 및 완전성을 검토하였습니다",,subhead
00265324,2023,(주)씨제이이엔엠,콘텐츠,20240318000857,연결,1,미디어플랫폼사업부문 현금창출단위 영업권 손상평가,"연결재무제표 주석 17에서 설명하고 있는 바와 같이, 연결회사는 미디어플랫폼사업부문 현금창출단위에 영업권을 배부하고 있습니다. 연결회사는 당기 중 영업권이 포함된 미디어플랫폼사업부문 현금창출단위의 손상평가를 위해 사용가치모형을 적용하여 회수가능액을 추정하고 장부금액과 비교하여 손상검사를 수행하였습니다. 이 모형의 주요 가정은 매출성장률, 영업이익률 및 할인율이 포함됩니다. 연결회사의 경영진은 회수가능액 추정을 위해 독립적인 외부 전문가를 활용하였습니다. 회수가능액으로 측정 시 사용한 미래 현금흐름 추정과 할인율 등은 미디어산업의 경제적 환경에 내재된 불확실성 및 경영진의 유의적인 판단과 추정치를 포함하고 있으므로 우리는 미디어플랫폼사업부문 현금창출단위 영업권 손상평가를 핵심감사사항으로 선정하였습니다. 2) 핵심감사사항이 감사에서 다루어진 방법우리가 수행한 주요한 절차는 다음과 같습니다:- 연결회사의 각 현금흐름창출단위의 손상평가와 관련한 회계정책 및 프로세스를 이해하고 내부통제를 평가하였습니다.- 연결회사가 회수가능액 추정을 위해 사용한 평가방법의 적정성을 평가하였습니다.- 연결회사가 회수가능액 추정을 위해 적용한 가정의 적정성 검토를 위해 전기 추정치와 당기 실제 재무지표를 비교하는 방식의 소급적 검토를 수행하였습니다.- 내부 가치평가전문가를 활용하여 현금창출단위의 미래현금흐름 추정시 반영된 매출성장률, 영업이익률이 과거성과, 시장상황과 일관되는지 확인하고 관측가능한 정보를 활용하여 할인율의 합리성을 평가하였습니다.- 연결회사가 적용한 주요 가정의 변경이 손상평가에 미치는 영향을 평가하기 위해, 할인율에 대한 민감도 분석 결과를 평가하였습니다.- 연결회사가 사용한 미래 현금흐름 추정이 경영진에 보고 승인된 사업계획과 일치하는지 확인하였습니다. - 연결회사가 활용한 외부 전문가의 적격성과 독립성을 평가하였습니다. - 기업회계기준서 제1036호에 따른 공시사항의 적절성 및 완전성을 검토하였습니다",,subhead
00265324,2024,(주)씨제이이엔엠,콘텐츠,20250319000884,연결,1,LLC 현금창출단위 영업권 손상검사,"연결재무제표 주석 17에서 설명하고 있는 바와 같이, 연결회사는 미디어플랫폼사업부문 현금창출단위 및 CJ ENM FIFTH SEASON, LLC 현금창출단위에 각각 영업권을 배부하고 있습니다. 연결회사는 당기 중 영업권이 포함된 미디어플랫폼사업부문 현금창출단위 및 CJ ENM FIFTH SEASON, LLC 현금창출단위의 손상검사를 위해 사용가치모형을 적용하여 회수가능액을 추정하고 장부금액과 비교하여 손상검사를 수행하였습니다. 이 모형의 주요 가정은 매출성장률, 영업이익률 및 할인율을 포함합니다. 연결회사의 경영진은 회수가능액 추정을 위해 독립적인 외부 전문가를 활용하였습니다회수가능액 측정 시 사용한 미래 현금흐름 추정과 할인율 등은 미디어산업의 경제적 환경에 내재된 불확실성 및 경영진의 유의적인 판단과 추정치를 포함하고 있으므로 우리는 미디어플랫폼사업부문 현금창출단위 영업권 및 CJ ENM FIFTH SEASON, LLC 현금창출단위 영업권 손상검사를 핵심감사사항으로 선정하였습니다. 2) 핵심감사사항이 감사에서 다루어진 방법우리가 수행한 주요한 절차는 다음과 같습니다:- 연결회사의 각 현금흐름창출단위의 손상검사를 위해 적용한 회계정책 및 프로세스를 이해하고 내부통제를 평가하였습니다.- 연결회사가 회수가능액 추정을 위해 사용한 평가방법의 적정성을 평가하였습니다.- 연결회사가 회수가능액 추정을 위해 적용한 가정의 적정성 검토를 위해 전기 추정치와 당기 실제 재무지표를 비교하는 방식의 소급적 검토를 수행하였습니다. - 내부 가치평가전문가를 활용하여 현금창출단위의 미래현금흐름 추정시 반영된 매출성장률, 영업이익률이 과거성과, 시장상황과 일관되는지 확인하고 관측가능한 정보를 활용하여 할인율의 합리성을 평가하였습니다.- 연결회사가 적용한 주요 가정의 변경이 손상검사에 미치는 영향을 평가하기 위해, 할인율에 대한 민감도 분석 결과를 평가하였습니다.- 연결회사가 사용한 미래 현금흐름 추정이 경영진에 보고 승인된 사업계획과 일치하는지 확인하였습니다. - 연결회사가 활용한 외부 전문가의 적격성과 독립성을 평가하였습니다. - 기업회계기준서 제1036호에 따른 공시사항의 적절성 및 완전성을 검토하였습니다",,subhead
00266943,2019,넥슨지티(주),게임,20200330003825,연결,1,종속기업투자주식 처분으로 인한 지배력 상실에 따른 회계처리,"회사의 지배력 상실로 인하여 감소한 부문의 자산은 7,722백만원이며 부채는 37,747백만원으로 재무제표에 유의적인 금액입니다. 회사가 연결재무제표에서 제거된 부문의 자산·부채 금액 규모가 크며, 지배력 상실 시점에 수행한 회계처리가 재무제표에 미치는 영향이 유의적이므로 우리는 지배력 상실에 따른 회계처리를 핵심감사사항으로 판단하였습니다.",핵심감사사항에 대응하기 위하여 우리는 다음을 포함한 감사절차를 수행하였습니다. - 지배력 상실 시점 및 종속기업투자주식 처분대가의 금액을 확인하기 위한 처분 관련 문서 검사 - 지배력 상실로 인하여 제거된 부문의 장부가액의 공정가치 추정에 사용된 모델의 적절성 및 주요가정의 합리성 평가 - 지배력 상실로 인하여 제거된 부문의 장부가액의 공정가치 추정에 사용된 미래현금흐름 추정에 대한 경영진의 승인이 존재하는지 확인,subhead
00266943,2020,넥슨지티(주),게임,20210317000666,연결,1,이연법인세자산의 실현가능성,"연결재무제표에 대한 주석 20에 기술되어 있는 바와 같이, 연결회사는 3,214백만원을 이연법인세자산으로 인식하고 있으며 연결재무제표에서 차지하는 비중이 중요합니다. 또한 이연법인세자산은 그 절세효과가 미래에 실현될 수 있음을 입증하기 위하여 연결회사의 사업계획을 기반으로 한 예상과세소득 추정과 이월결손금 활용시기에 대해 경영진의 판단을 요구하기 때문에 복잡성을 내포하고 있습니다. 우리는 예상과세소득의 추정에는 매출액 및 영업비용과 같은 주요 변수들에 대한 경영진의 유의적 추정 및 판단이 포함되며, 연결재무제표에 미치는 영향이 유의적이므로 이 영역에 관심을 기울였습니다.","핵심감사사항에 대응하기 위하여 우리는 다음을 포함한 감사절차를 수행하였습니다. ㆍ이연법인세자산의 실현가능성 평가와 관련한 사업계획 작성 및 승인에 대한 연결회사의 내부통제 이해 및 평가 ㆍ연결회사가 이연법인세 자산성 평가시 적용한 추정자료와 이사회(경영진)이 승인한 사업계획을 비교 ㆍ과세소득 추정에 사용된 주요 가정(매출성장률, 영업이익률 및 투자활동에 대한 예측)이 과거성과, 시장상황과 비교하여 일관성이 있는지 확인 ㆍ공제 가능 기간 내에 관련 차감할 일시적차이와 세무상 결손금을 공제할 수 있는 과세소득의 발생가능성 및 이연법인세자산의 실현가능성 검토",subhead
00266943,2021,넥슨지티(주),게임,20220317000812,연결,1,게임라이선스 수익의 발생사실 및 기간귀속의 적정성,"핵심감사사항은 우리의 전문가적 판단에 따라 당기 연결재무제표 감사에서 가장 유의적인 사항입니다. 해당 사항은 연결재무제표 전체에 대한 감사의 관점에서 우리의 의견 형성시 다루어졌으며, 우리는 이러한 사항에 대하여 별도의 의견을 제공하지는 않습니다. 게임라이선스 수익의 발생사실 및 기간귀속의 적정성 연결회사는 게임 개발사로서 퍼블리싱 계약을 통해 게임에 대한 라이선스 접근권을 제공하고 퍼블리셔가 발행하는 정산서에 의해 게임라이선스 수익을 인식합니다. 연결회사의 게임라이선스 수익의 대부분은 특수관계자간의 거래로 이루어져 있으며, 정산서의 복잡성 및 다양성은 제한적이지만 원천 데이터의 양은 매우 많습니다. 따라서 정산 데이터의 오류가 존재할 경우 연결회사의 게임 라이선스수익에 미치는 영향은 중요할 수 있다는 점을 고려하여, 우리는 게임라이선스 수익의 발생사실 및 기간귀속의 적정성을 핵심감사사항으로 식별하였습니다. 이와 관련하여 ",우리가 수행한 주요 감사절차는 다음과 같습니다. - 퍼블리셔와의 계약서 및 수익인식기준 검토를 통한 수익인식 회계정책의 이해와 평가 - 매출정산서상 매출의 발생사실 및 완전성 확인을 위해 외부생성 데이터와 내부생성 데이터간 비교대사 - 매출의 월별 변동에 대한 질문 및 분석적 절차 - 매출의 발생사실 확인을 위한 매출채권 회수내역 문서검사 - 매출 기간귀속의 적정성 확인을 위한 외부데이터의 생성기간과 내부데이터의 생성기간의 비교대사 및 조정여부 확인,lookback
00280688,2019,스튜디오에스(주),콘텐츠,20200330002703,연결,1,특수관계자 거래의 발생사실과 표시,"주석 27(특수관계자)에 기재된 바와 같이 2019 회계연도 중 회사의 특수관계자와의 매출 및 매입은 각각 30,414백만원과 128,978백만원입니다. 이는 연결회사 전체 매출 및 매입의 19%와 84%를 차지하고 있습니다. 우리는 특수관계자와의 유의적인 거래가 연결재무제표에 미치는 영향에 대하여 관심을 기울였습니다.",상기에 언급된 특수관계자로부터의 매출거래와 매입거래의 발생사실 및 재무제표 표시와 관련하여 우리가 수행한 주요 감사절차는 다음을 포함합니다. ㆍ 특수관계자로부터의 매출 및 매입거래와 관련하여 경영진이 수행하는 통제활동에 대하여 이해 및 평가를 수행 ㆍ 표본추출을 통하여 거래단위 증빙을 확인하는 실증테스트를 수행 ㆍ 특수관계자 거래가 회계처리기준에 따라 적합하게 공시되었는지 확인,subhead
00280688,2020,스튜디오에스(주),콘텐츠,20210318000705,연결,1,특수관계자 거래의 발생사실과 표시,"주석 27(특수관계자)에 기재된 바와 같이 2020 회계연도 중 회사의 특수관계자와의 매출 및 매입은 각각 29,834백만원과 112,941백만원입니다. 이는 연결기업 전체 매출 및 매입의 19%와 80%를 차지하고 있습니다. 우리는 특수관계자와의 유의적인 거래가 연결재무제표에 미치는 영향에 대하여 관심을 기울였습니다.",상기에 언급된 특수관계자로부터의 매출거래와 매입거래의 발생사실 및 재무제표 표시와 관련하여 우리가 수행한 주요 감사절차는 다음을 포함합니다. ㆍ 특수관계자로부터의 매출 및 매입거래와 관련하여 경영진이 수행하는 통제활동에 대하여 이해 및 평가를 수행 ㆍ 표본추출을 통하여 거래단위 증빙을 확인하는 실증테스트를 수행 ㆍ 특수관계자 거래가 회계처리기준에 따라 적합하게 공시되었는지 확인,subhead
00280688,2021,스튜디오에스(주),콘텐츠,20220317001191,연결,1,특수관계자 거래의 발생사실과 표시,"주석 27(특수관계자)에 기재된 바와 같이 2021 회계연도 중 연결기업의 특수관계자와의 매출 및 매입은 각각 30,727백만원과 138,100백만원입니다. 이는 연결기업 전체 매출 및 매입의 각각 17%와 85%를 차지하고 있습니다. 우리는 특수관계자와의 유의적인 거래가 연결재무제표에 미치는 영향에 대하여 관심을 기울였습니다.",상기에 언급된 특수관계자로부터의 매출거래와 매입거래의 발생사실 및 연결재무제표 표시와 관련하여 우리가 수행한 주요 감사절차는 다음을 포함합니다. ㆍ 특수관계자로부터의 매출 및 매입거래와 관련하여 경영진이 수행하는 통제활동에 대하여 이해 및 평가를 수행 ㆍ 표본추출을 통하여 거래단위 증빙을 확인하는 실증테스트를 수행 ㆍ 특수관계자 거래가 회계처리기준에 따라 적합하게 공시되었는지 확인,subhead
00280688,2022,스튜디오에스(주),콘텐츠,20230315001296,연결,1,특수관계자 거래의 발생사실과 표시,"주석 27(특수관계자)에 기재된 바와 같이 2022 회계연도 중 연결기업의 특수관계자와의 매출 및 매입은 각각 26,229백만원과 152,191백만원입니다. 이는 연결기업 전체 매출 및 매입의 각각 13%와 85%를 차지하고 있습니다. 우리는 특수관계자와의 유의적인 거래가 연결재무제표에 미치는 영향에 대하여 관심을 기울였습니다.",상기에 언급된 특수관계자로부터의 매출거래와 매입거래의 발생사실 및 연결재무제표 표시와 관련하여 우리가 수행한 주요 감사절차는 다음을 포함합니다. ㆍ 특수관계자로부터의 매출 및 매입거래와 관련하여 경영진이 수행하는 통제활동에 대하여 이해 및 평가를 수행 ㆍ 표본추출을 통하여 거래단위 증빙을 확인하는 실증테스트를 수행 ㆍ 특수관계자 거래가 회계처리기준에 따라 적합하게 공시되었는지 확인,subhead
00299464,2019,(주)초록뱀미디어,콘텐츠,20210322000479,연결,1,당기손익공정가치측정금융자산의 취득거래,"2019년 12월 31일 현재 재무상태표에 계상된 당기손익공정가치측정금융자산의 금액은 41,252백만원으로 전체 자산에서 22.13%의 유의적인 비중을 차지하고 있습니다. 재무제표에 대한 주석 8에서 기술한 바와 같이 당기 중 당기손익공정가치측정금융자산의 취득금액은 40,748백만원입니다. 우리는 당기손익공정가치측정금융자산의 취득거래에 관심을 기울였으며, 거래의 발생사실 및 실재성을 핵심감사사항으로 선정하였습니다. 우리는 핵심감사사항에 대응하기 위하여 다음을 포함한 감사절차를 수행하였습니다. - 금융상품거래의 계약이 내부통제절차에 따라 작성되는지 검토 - 금융상품거래의 계약서 상, 우발채무가 존재하는지 검토 - 금융상품거래에 따른 이전대가의 정당성 검토 (2) 수준3으로 분류된 금융자산의 공정가치 측정",,subhead
00299464,2019,(주)초록뱀미디어,콘텐츠,20210322000479,연결,2,수준3으로 분류된 금융자산의 공정가치 측정,"2019년 12월 31일 현재 회사가 보유한 공정가치로 측정된 금융자산은 41,252백만원으로, 이 중 관측할 수 없는 투입변수에 근거하여 측정되고 수준 3으로 분류된 금융자산은 1,912백만원입니다(주석40참조). 수준3으로 분류되는 금융자산의 금액이 유의적이며, 금융자산 공정가치 측정에 사용된 가치평가기법의 선택 및 투입변수에 대하여 회사 경영진의 유의적인 판단과 회계추정치를 수반하므로 우리는 이 금융자산의 공정가치 측정의 적정성을 핵심감사사항으로 결정하였습니다. 핵심감사사항에 대응하기 위하여 우리는 다음을 포함한 감사절차를 수행하였습니다. - 회사가 활용한 경영진측 전문가의 적격성 및 독립성 확인 - 경영진이 적용한 가치평가기법의 적합성 및 투입변수 가정의 합리성 평가 - 경영진이 사용한 투입변수 등에 대한 독립적 추정치와 경영진의 추정치간 유의적인 차이여부 확인",,subhead
00299464,2020,(주)초록뱀미디어,콘텐츠,20210322000509,연결,1,당기손익공정가치측정금융자산의 취득거래,"2020년 12월 31일 현재 재무상태표에 계상된 당기손익공정가치측정금융자산의 금액은 49,817백만원으로 전체 자산에서 16.65%의 유의적인 비중을 차지하고 있습니다. 재무제표에 대한 주석 8에서 기술한 바와 같이 당기 중 당기손익공정가치측정금융자산의 취득금액은 30,787백만원입니다. 우리는 당기손익공정가치측정금융자산의 취득거래에 관심을 기울였으며, 거래의 발생사실 및 실재성을 핵심감사사항으로 선정하였습니다. 우리는 핵심감사사항에 대응하기 위하여 다음을 포함한 감사절차를 수행하였습니다. - 금융상품거래의 계약이 내부통제절차에 따라 작성되는지 검토 - 금융상품거래의 계약서 상, 우발채무가 존재하는지 검토 - 금융상품거래에 따른 이전대가의 정당성 검토 (2) 금융자산및금융부채의 공정가치 측정",,subhead
00299464,2020,(주)초록뱀미디어,콘텐츠,20210322000509,연결,2,금융자산및금융부채의 공정가치 측정,"2020년 12월 31일 현재 회사가 보유한 공정가치로 측정되는 금융자산 및 금융부채는 각각 49,817백만원, 92,667백만원입니다. 당기 중 해당 금융자산 및 금융부채에서 발생한 평가손익(주석5참조)이 유의적이며, 공정가치 측정에 사용된 가치평가기법의 선택 및 투입변수에 대하여 회사 경영진의 유의적인 판단과 회계추정치를 수반하므로 우리는 공정가치 측정의 적정성을 핵심감사사항으로 결정하였습니다. 핵심감사사항에 대응하기 위하여 우리는 다음을 포함한 감사절차를 수행하였습니다. - 회사가 활용한 경영진측 전문가의 적격성 및 독립성 확인 - 경영진이 적용한 가치평가기법의 적합성 및 투입변수 가정의 합리성 평가 - 경영진이 사용한 투입변수 등에 대한 독립적 추정치와 경영진의 추정치간 유의적인 차이여부 확인",,subhead
00299464,2021,(주)초록뱀미디어,콘텐츠,20220322001073,연결,1,방영 및 협찬 수입,"연결재무제표주석 2 (22)에서 기술되어 있는 바와 같이 연결회사는 프로그램 제작에 따른 방영수입 및 협찬 수입을 수행의무를 이행할 때 인식하고 있습니다. 최근 프로그램 제작 매출 계약의 복잡성 및 다양성이 증가하고 있으며, 매출은 연결회사의 주요 성과 지표이고, 부정 등 고유위험이 높은 항목입니다. 이러한 점을 고려하여 방영 및 협찬수입에 대한 수익인식의 발생사실에 유의적 위험이 있는 것으로 판단하고 이 영역에 관심을 기울였습니다.","연결회사의 방영 및 협찬수입 발생사실과 관련 회계처리에 대하여 우리는 다음을 포함한 주요 감사절차를 수행하였습니다. - 연결회사의 수익인식 프로세스의 이해, 관련 통제에 대한 이해 및 평가 - 연결회사의 수익인식 회계정책의 적정성 검토 - 매출 기록에서 거래단위 샘플을 추출하여 관련 계약서와 증빙을 확인하는 입증감사절차 수행",subhead
00299464,2023,(주)초록뱀미디어,콘텐츠,20240320001829,연결,1,방송프로그램 사업부문 재고자산의 회수가능성 평가,,"핵심감사사항에 대응하기 위하여 우리는 다음을 포함한 감사절차를 수행하였습니다. - 재고자산의 순실현가능가치 측정과 관련한 연결회사의 내부통제 이해 및 평가- 재고자산 순실현가능가치 측정과 관련한 회계정책이 관련 회계기준에 부합하는지 확인- 순실현가능가치 산정시 사용된 추정 판매가격 및 부대비용의 추정이 정확하고 완전한지에 대한 검토 (2) 종속기업((주)에스메디) 매각예정자산으로 분류 및 평가핵심감사사항으로 결정된 이유 연결재무제표에 대한 주석 44에 기재되어 있는 바와 같이, 연결회사는 (주)에스메디 종속기업을 2024년 중에 매각하기로 결정하였으며, 한국채택국제회계기준 제 1105호 '매각예정비유동자산과 중단영업'에 따라 2023년 12월 31일로 종료하는 연결재무제표에 표시하였습니다. 우리는 종속기업의 매각이 비경상적으로 발생하는 거래이며, 매각예정자산 표시 및 공시와 평가가 연결재무제표에 미치는 영향을 고려하여 이 영역에 관심을 기울였습니다.연결회사는 상기 종속기업의 매각예정자산 평가를 위해 일부 독립적인 외부 전문가를 활용하였으며, 동 매각예정자산의 평가결과 56,811백만원의 손상차손을 인식였습니다. 우리는 동 매각예정자산의 규모가 유의적이며, 매각예정자산의 회수가능가액 평가시 평가방법의 선택, 경영진의 유의적인 판단이 포함되는 점 등을 고려하여 해당 항목을 핵심감사사항에 포함하였습니다.",subhead
00299464,2023,(주)초록뱀미디어,콘텐츠,20240320001829,연결,2,종속기업((주)에스메디) 매각예정자산으로 분류 및 평가,,핵심감사사항에 대응하기 위하여 우리는 다음을 포함한 감사절차를 수행하였습니다.- 매각예정자산 측정과 관련된 연결회사의 절차와 통제를 이해하고 주요 통제는 설계 및 운영의 효과성을 테스트- 매각예정자산 측정과 관련된 회계정책이 관련 회계기준에 부합하는지 확인- 매각예정자산 분류에 대한 판단근거 적절성 검토- 매각예정자산 측정의 적절성을 검토- 매각예정자산과 관련된 공시사항의 적절성 검토,subhead
00299464,2024,(주)초록뱀미디어,콘텐츠,20250321001771,연결,1,현금창출단위(영업권 포함)의 손상평가,"연결재무제표에 대한 주석 17에 기재되어 있는 바와 같이, 2024년 12월 31일 현재 회사의 영업권 금액은 24,984백만원으로, 연결회사는 영업권의 손상검사를 매년 수행하고 있습니다. 우리는 현금창출단위의 영업실적 및 영업권의 규모를 고려하여 연결회사의 종속기업인 주식회사 티엔엔터테인먼트의 매니지먼트 사업부문 및 외식사업부문을 현금창출단위로 하는 영업권의 손상평가에 대하여 집중하였습니다.연결회사는 상기 영업권이 배부된 현금창출단위들의 손상평가를 위해 독립적인 외부전문가를 활용하였습니다. 우리는 영업권의 규모가 유의적이며, 회수가능가액 평가시 평가방법의 선택, 미래 사업에 대한 예상과 할인율 등에 대한 경영진의 유의적인 판단이 포함되는 점 등을 고려하여 해당 항목을 핵심감사사항에 포함하였습니다.","핵심감사사항에 대응하기 위하여 우리는 다음을 포함한 감사절차를 수행하였습니다. - 경영진이 회수가능가액 추정에 사용한 가치평가 모델의 적절성을 평가 - 회수가능가액 추정에 사용된 주요 가정의 합리성 평가 ㆍ사업계획상 매출성장률, 원가율 및 투자활동 예측이 과거 성과, 시장상황과 비교하여 일관성이 있는지 확인 ㆍ경제 및 산업 예측과 장기 성장률을 비교 ㆍ관측가능한 정보를 사용하여 독립적으로 계산된 할인율을 경영진이 적용한 할인율과 비교 - 미래 현금흐름 추정이 경영진에서 승인한 사업계획과 일치하는지 확인 - 현금창출단위의 주요 자산 및 부채에 대한 공정가치 평가 조정사항의 적정성 확인 - 회수가능가액을 평가하는데 참여한 경영진 측 전문가의 적격성 및 독립성 평가 - 회수가능가액 평가에 사용된 주요 가정과 중요한 판단에 대해 경영진 및 경영진 측 전문가와의 논의를 포함한 평가 - 영업권 손상평가와 관련하여 연결재무제표 주석 공시사항의 적합성을 평가",subhead
00299464,2024,(주)초록뱀미디어,콘텐츠,20250321001771,연결,2,영업권 손상평가와 관련하여 연결재무제표 주석 공시사항의 적합성을 평가,"연결 재무제표에 대한 주석16에 기재되어 있는 바와 같이 회사는 무형자산 중 방송사업권을 비한정 내용연수를 가지는 무형자산으로 분류하고 있습니다. 또한, 연결재무제표에 대한 주석42에 기재되어 있는 바와 같이 당기 중 주식회사 위라이크티브이를 취득하면서 추가 방송사업권을 인식하여 손상차손 인식전 방송사업권의 금액은 7,679백만원입니다. 연결회사는 비한정인 무형자산에 대하여 연결재무제표에 대한 주석 3.13에 기재되어 있는 바와 같이 매 보고기간말 혹은 손상을 시사하는 징후가 있을 때 회수가능액과 장부금액을 비교하여 손상검사를 수행하고 있습니다. 연결회사는 상기 방송사업권이 속하는 자산집단에 대한 손상평가를 위해 독립적인 외부 전문가를 활용하였습니다. 우리는 동 방송사업권금액의 규모가 유의적이며, 회수가능가액 평가시 평가방법의 선택, 미래 사업에 대한 예상과 할인율 등에 대한 경영진의 유의적인 판단이 포함되는 점 등을 고려하여 해당 항목을 핵심감사사항에 포함하였습니다.","핵심감사사항에 대응하기 위하여 우리는 다음을 포함한 감사절차를 수행하였습니다. - 경영진이 회수가능가액 추정에 사용한 가치평가 모델의 적절성을 평가 - 회수가능가액 추정에 사용된 주요 가정의 합리성 평가 ㆍ사업계획상 매출성장률, 원가율 및 투자활동 예측이 과거 성과, 시장상황과 비교하여 일관성이 있는지 확인 ㆍ경제 및 산업 예측과 장기 성장률을 비교 ㆍ관측가능한 정보를 사용하여 독립적으로 계산된 할인율을 경영진이 적용한 할인율과 비교 - 미래 현금흐름 추정이 경영진에서 승인한 사업계획과 일치하는지 확인 - 회수가능가액을 평가하는데 참여한 경영진 측 전문가의 적격성 및 독립성 평가 - 회수가능가액 평가에 사용된 주요 가정과 중요한 판단에 대해 경영진 및 경영진 측 전문가와의 논의를 포함한 평가",subhead
00301112,2020,(주)삼화네트웍스,콘텐츠,20210322000251,연결,1,프로그램 매출 수익인식의 기간귀속의 적정성,"핵심감사사항은 우리의 전문가적 판단에 따라 당기 재무제표감사에서 가장 유의적인사항입니다. 해당 사항은 재무제표 전체에 대한 감사의 관점에서 우리의 의견형성시다루어졌으며, 우리는 이런 사항에 대하여 별도의 의견을 제공하지는 않습니다. 가. 프로그램 매출 수익인식의 기간귀속의 적정성 수익의 기간귀속은 일반적으로 결산실무상 착오 및 누락 등으로 오류가 발생할 가능성이 높은 분야입니다. 드라마 프로그램 제작 매출은 연결회사 수익의 대부분을 차지하는 바, 이에 대한 신중한 검토가 요구된다고 판단하여 해당 매출의 수익인식 기간귀속의 적정성을 핵심감사사항으로 선정하였습니다. 핵심감사사항에 대응하기 위한 우리의 감사절차는 다음을 포함하고 있습니다. - 수익인식 관련 내부통제에 대한 이해 - 보고기간말 전후에 발생한 프로그램 매출거래 중 추출된 표본에 대한 증빙, 문서검사, 방영회차 검토를 통한 수익인식시점의 적정성 확인",,lookback
00301112,2021,(주)삼화네트웍스,콘텐츠,20220322000295,연결,1,유형자산의 실재성과 평가,"핵심감사사항은 우리의 전문가적 판단에 따라 당기 재무제표감사에서 가장 유의적인사항입니다. 해당 사항은 재무제표 전체에 대한 감사의 관점에서 우리의 의견형성시다루어졌으며, 우리는 이런 사항에 대하여 별도의 의견을 제공하지는 않습니다. 가. 유형자산의 실재성과 평가 회사는 보고기간말 현재 금액적으로 중요한 유형자산을 보유하고 있습니다. 당기에 회사의 유형자산 매입금액이 크고 재무제표에 미치는 영향이 유의적이므로 유형자산의 실재성과 평가를 핵심감사사항으로 판단하였습니다. 핵심감사사항에 대응하기 위한 우리의 감사절차는 다음을 포함하고 있습니다. ·유형자산 권리증서 등을 확인하여 소유권, 실재성 및 담보제공 등 소유권 제한여부 확인 ·유형자산 또는 건설중인 자산 취득을 위한 약정 및 당기지출액 검토 ·건설중인 자산의 대체가 적절하게 회계처리되었는지 검토",,lookback
00301112,2022,(주)삼화네트웍스,콘텐츠,20230323000380,연결,1,고유위험이 높으므로 우리는 드라마 매출 수익인식 적정성,"핵심감사사항은 우리의 전문가적 판단에 따라 당기 재무제표감사에서 가장 유의적인사항입니다. 해당 사항은 재무제표 전체에 대한 감사의 관점에서 우리의 의견형성시다루어졌으며, 우리는 이런 사항에 대하여 별도의 의견을 제공하지는 않습니다. 가. 드라마 매출 수익인식 적정성드라마 매출은 관련 시장확대에 따라 계약의 다양성이 증가하고 있습니다. 매출은 연결회사의 주요 성과 지표이고, 고유위험이 높으므로 우리는 드라마 매출 수익인식 적정성을 핵심감사사항으로 식별하였습니다. 핵심감사사항에 대응하기 위한 우리의 감사절차는 다음을 포함하고 있습니다. ·매출인식과 관련된 내부통제를 이해 ·드라마 매출 수익인식과 관련된 회계정책을 이해하고, 한국채택국제회계기준에 적합한지 감사 ·당기 발생한 드라마 매출거래 중 표본 추출된 거래에 대하여 계약사항 및 발생사실을 확인하기 위하여 문서검사를 수행",,decl
00301112,2023,(주)삼화네트웍스,콘텐츠,20240321001036,연결,1,고유위험이 높으므로 우리는 드라마 매출 수익인식 적정성,"핵심감사사항은 우리의 전문가적 판단에 따라 당기 연결재무제표감사에서 가장 유의적인사항입니다. 해당 사항은 재무제표 전체에 대한 감사의 관점에서 우리의 의견형성시다루어졌으며, 우리는 이런 사항에 대하여 별도의 의견을 제공하지는 않습니다. 가. 드라마 매출 수익인식 적정성드라마 매출은 관련 시장확대에 따라 계약의 다양성이 증가하고 있습니다. 매출은 연결회사의 주요 성과 지표이고, 고유위험이 높으므로 우리는 드라마 매출 수익인식 적정성을 핵심감사사항으로 식별하였습니다. 핵심감사사항에 대응하기 위한 우리의 감사절차는 다음을 포함하고 있습니다. ·매출인식과 관련된 내부통제를 이해 ·드라마 매출 수익인식과 관련된 회계정책을 이해하고, 한국채택국제회계기준에 적합한지 감사 ·당기 발생한 드라마 매출거래 중 표본 추출된 거래에 대하여 계약사항 및 발생사실을 확인하기 위하여 문서검사를 수행",,decl
00301112,2024,(주)삼화네트웍스,콘텐츠,20250320000129,연결,1,고유위험이 높으므로 우리는 드라마 매출 수익인식 적정성,"핵심감사사항은 우리의 전문가적 판단에 따라 당기 연결재무제표감사에서 가장 유의적인사항입니다. 해당 사항은 재무제표 전체에 대한 감사의 관점에서 우리의 의견형성시다루어졌으며, 우리는 이런 사항에 대하여 별도의 의견을 제공하지는 않습니다. 가. 드라마 매출 수익인식 적정성드라마 매출은 관련 시장확대에 따라 계약의 다양성이 증가하고 있습니다. 매출은 연결회사의 주요 성과 지표이고, 고유위험이 높으므로 우리는 드라마 매출 수익인식 적정성을 핵심감사사항으로 식별하였습니다. 핵심감사사항에 대응하기 위한 우리의 감사절차는 다음을 포함하고 있습니다. ·매출에 대한 수익인식 회계정책에 대한 이해와 평가 ·매출과 관련한 내부통제의 설계와 운영의 효과성 테스트 ·당기 발생한 매출거래 중 표본 추출된 거래에 대하여 계약사항 및 발생사실을 확인 하기 위하여 문서검사를 수행 ·보고기간말 전후에 발생한 매출거래의 수익인식시점의 적정성 확인을 위하여 추출 한 표본거래에 대한 문서검사를 수행",,decl
00303794,2019,(주)쇼박스,콘텐츠,20200330002612,연결,1,선급금의 실재성,"핵심감사사항은 우리의 전문가적 판단에 따라 당기 연결재무제표감사에서 가장 유의적인 사항입니다. 해당 사항들은 연결재무제표 전체에 대한 감사의 관점에서 우리의 의견형성 시 다루어졌으며, 우리는 이런 사항에 대하여 별도의 의견을 제공하지는 않습니다. (1) 선급금의 실재성 연결회사는 영화투자 및 배급을 주요 목적사업으로 영위하고 있으며, 영화 제작을 위하여 관련 비용을 선지급하고 있습니다. 주석 2에서 언급한 바와 같이 연결회사는 회계기준의 조건을 충족하는 경우에 해당 비용에 대하여 선급금을 인식하고 있으며, 영화 개봉시점에 무형자산(판권)으로 대체되어 유의적인 매출이 회수되는 기간에 걸쳐 비용화 되고 있습니다. 연결회사는 영화 촬영 과정에 대하여 주기적으로 평가를 수행하여 해당 선급금의 손상여부를 검토하고 있습니다. 당기말 계상된 선급금 760억원 중 프로젝트선급금 306억원을 핵심감사사항으로 선정하였으며, 이는 회사 총자산의 약 18%를 차지하고 있습니다. 해당 선급금의 손상여부는 회사의 선급금 및 매출원가에 영향을 미칩니다. 주석 2에서 언급한 바와 같이 회사는 회계기준의 조건을 충족하는 경우에 선급금을 인식하고 있으며, 충족하지 않으면 이러한 비용은 발생시 비용처리 됩니다. 선급금의계상 및 손상평가는 본질적으로 판단사항이고 조건을 충족하지 못하는 프로젝트에 대하여 선급금이 계상될 위험이 있습니다. 당기말 선급금의 실재성을 확인하기 위하여 수행한 ","감사절차는 다음과 같습니다. - 선급금 계상에 대한 회사의 정책 및 관련 내부통제 검토 - 주요 영화 프로젝트별 담당자 면담 및 외부 자료 확인을 통한 진행 현황 파악 - 주요 선급금에 대한 조회절차 수행 - 무형자산(영화판권)으로 대체된 선급금 금액의 적정성 검토 (2) 무형자산(영화판권) 상각비의 정확성 검토 주석 2에서 언급한 바와 같이 영화의 개봉 시점부터 유의적인 매출이 회수되는 기간동안 무형자산(영화판권)을 상각하고 있습니다. 연결회사는 영화별로 발생가능한 매출액과 유의적인 매출이 회수될 것으로 기대되는 기간을 추정하고 있으며, 연결회사의 판단에 따라 무형자산(영화판권) 상각비의 금액이 기간별로 왜곡 계상될 위험이 있습니다. 당기중 계상된 무형자산(영화판권) 상각비는 598억원으로 매출원가의 88%를 차지하고 있으며, 무형자산(영화판권) 상각비의 정확성은 무형자산(영화판권) 및 매출원가에 영향을 미칩니다. 당기에 계상된 무형자산(영화판권) 상각비의 정확성을 확인하기 위하여 수행한 감사절차는 다음과 같습니다. - 영화별 추정 매출액의 산출 과정에 대한 이해 및 적용된 가정 검토 - 과거 추정 매출액과 실제 발생 매출액과의 비교 - 무형자산(영화판권) 상각비의 재계산 검토",lookback
00303794,2020,(주)쇼박스,콘텐츠,20210310001210,연결,1,선급금의 실재성,"핵심감사사항은 우리의 전문가적 판단에 따라 당기 연결재무제표감사에서 가장 유의적인 사항입니다. 해당 사항들은 연결재무제표 전체에 대한 감사의 관점에서 우리의 의견형성 시 다루어졌으며, 우리는 이런 사항에 대하여 별도의 의견을 제공하지는 않습니다. (1) 선급금의 실재성 연결회사는 영화투자 및 배급을 주요 목적사업으로 영위하고 있으며, 영화 제작을 위하여 관련 비용을 선지급하고 있습니다. 주석 2에서 언급한 바와 같이 연결회사는 회계기준의 조건을 충족하는 경우에 해당 비용에 대하여 선급금을 인식하고 있으며, 영화 개봉시점에 무형자산(판권)으로 대체되어 유의적인 매출이 회수되는 기간에 걸쳐 비용화 되고 있습니다. 당기말 계상된 프로젝트 선급금 1,018억원을 핵심감사사항으로 선정하였으며, 이는 연결회사 총자산의 약 68%를 차지하고 있습니다. 해당 선급금의 실재성은 연결회사의 선급금, 무형자산(영화판권) 및 매출원가에 유의한 영향을 미칠 수 있으므로 핵심감사사항으로 식별하였습니다. 주석 2에서 언급한 바와 같이 회사는 회계기준의 조건을 충족하는 경우에 선급금을 인식하고 있으며, 충족하지 않으면 이러한 비용은 발생시 비용처리 됩니다. 선급금의계상은 본질적으로 판단사항이고 조건을 충족하지 못하는 프로젝트에 대하여 선급금이 계상될 위험이 있습니다. 당기말 선급금의 실재성을 확인하기 위하여 수행한 ","감사절차는 다음과 같습니다. - 선급금 계상에 대한 회사의 정책 및 관련 내부통제 검토 - 주요 영화 프로젝트별 담당자 면담 및 외부 자료 확인을 통한 진행 현황 파악 - 주요 선급금에 대한 조회절차 수행 - 무형자산(영화판권)으로 대체된 선급금 금액의 적정성 검토 (2) 무형자산(영화판권) 상각비의 정확성 검토 주석 2에서 언급한 바와 같이 영화의 개봉 시점부터 유의적인 매출이 회수되는 기간동안 무형자산(영화판권)을 상각하고 있습니다. 연결회사는 영화별로 발생가능한 매출액과 유의적인 매출이 회수될 것으로 기대되는 기간을 추정하고 있으며, 연결회사의 판단에 따라 무형자산(영화판권) 상각비의 금액이 기간별로 왜곡 계상될 위험이 있습니다. 당기중 계상된 무형자산(영화판권) 상각비는 301억원으로 매출원가의 75%를 차지하고 있으며, 무형자산(영화판권) 상각비의 정확성은 무형자산(영화판권) 및 매출원가에 영향을 미칩니다. 당기에 계상된 무형자산(영화판권) 상각비의 정확성을 확인하기 위하여 수행한 감사절차는 다음과 같습니다. - 영화별 추정 매출액의 산출 과정에 대한 이해 및 적용된 가정 검토 - 과거 추정 매출액과 실제 발생 매출액과의 비교 - 무형자산(영화판권) 상각비의 재계산 검토",lookback
00303794,2021,(주)쇼박스,콘텐츠,20220315001143,연결,1,선급금의 실재성,"핵심감사사항은 우리의 전문가적 판단에 따라 당기 연결재무제표감사에서 가장 유의적인 사항입니다. 해당 사항들은 연결재무제표 전체에 대한 감사의 관점에서 우리의 의견형성 시 다루어졌으며, 우리는 이런 사항에 대하여 별도의 의견을 제공하지는 않습니다. (1) 선급금의 실재성 연결회사는 영화투자 및 배급을 주요 목적사업으로 영위하고 있으며, 영화 제작을 위하여관련 비용을 선지급하고 있습니다. 주석 2에서 언급한 바와 같이 연결회사는 회계기준의 조건을 충족하는 경우에 해당 비용에 대하여 선급금을 인식하고 있으며, 영화 개봉시점에 무형자산(판권)으로 대체되어 유의적인 매출이 회수되는 기간에 걸쳐 비용화 되고 있습니다. 당기말 계상된 프로젝트 선급금 842억원을 핵심감사사항으로선정하였으며, 이는 연결회사 총자산의 약 53%를 차지하고 있습니다. 해당 선급금의실재성은 연결회사의 선급금, 무형자산(영화판권) 및 매출원가에 유의적인 영향을 미칠 수 있으므로 핵심감사사항으로 식별하였습니다. 주석 2에서 언급한 바와 같이 연결회사는 회계기준의 조건을 충족하는 경우에 선급금을 인식하고 있으며, 충족하지 않으면 이러한 비용은 발생시 비용처리 됩니다. 선급금의 계상은 본질적으로 판단사항이고 조건을 충족하지 못하는 프로젝트에 대하여선급금이 계상될 위험이 있습니다. 당기말 선급금의 실재성을 확인하기 위하여 수행한 ","감사절차는 다음과 같습니다. - 선급금 계상에 대한 연결회사의 정책 및 관련 내부통제 검토 - 주요 영화 프로젝트별 담당자 면담 및 외부 자료 확인을 통한 진행 현황 파악 - 주요 선급금에 대한 조회절차 수행 - 무형자산(영화판권)으로 대체된 선급금 금액의 적정성 검토 (2) 무형자산(영화판권) 상각비의 정확성 검토 주석 2에서 언급한 바와 같이 영화의 개봉 시점부터 유의적인 매출이 회수되는 기간동안 무형자산(영화판권)을 상각하고 있습니다. 연결회사는 영화별로 발생가능한 매출액과 유의적인 매출이 회수될 것으로 기대되는 기간을 추정하고 있으며, 연결회사의 판단에 따라 무형자산(영화판권) 상각비의 금액이 기간별로 왜곡 계상될 위험이 있습니다. 당기 중 계상된 무형자산(영화판권)상각비는 192억원으로 매출원가의 48%를 차지하고 있으며, 무형자산(영화판권)상각비의 정확성은 무형자산(영화판권) 및매출원가에 영향을 미칩니다. 당기에 계상된 무형자산(영화판권) 상각비의 정확성을 확인하기 위하여 수행한 감사절차는 다음과 같습니다. - 영화별 추정 매출액의 산출 과정에 대한 이해 및 적용된 가정 검토 - 과거 추정 매출액과 실제 발생 매출액과의 비교 - 무형자산(영화판권) 상각비의 재계산 검토",lookback
00303794,2022,(주)쇼박스,콘텐츠,20230315001421,연결,1,투입법에 따른 수익인식의 정확성,"연결재무제표에 대한 주석 21.1에 기술되어 있는 바와 같이, 연결회사가 인식한 제작매출은 9,923백만원이며, 이 중 투입법에 따라 기간에 걸쳐 수익을 인식한 제작매출이 9,073백만원으로 연결재무제표에 유의적인 금액입니다. 연결재무제표에 대한 주석 2.17에 기술되어 있는 바와 같이, 연결회사의 특정 제작매출은 연결회사가 수행하여 만들어지거나 가치가 높아지는 대로 고객이 통제하는 자산을 연결회사가 만들거나 그 자산의 가치를 높인다고 판단하여, 해당 재화와 용역의통제가 이전되는 기간에 걸쳐 수익을 인식하며, 발생원가에 기초한 투입법을 진행률 측정에 사용하고 있습니다.연결재무제표에 대한 주석 3에 기술되어 있는 바와 같이 총계약수익은 계약변경 및 위약금 등 미래사건의 결과와 관련한 다양한 불확실성에 영향을 받고 있으며, 총계약원가는 미래에 발생할 수 있는 시나리오 변경이나 자재비, 인건비, 외주비 및 제작기간 등의 미래 추정치에 근거하고 있어 향후 변동될 수 있는 불확실성이 존재합니다.우리는 기간에 걸쳐 인식하는 수익과 관련하여 투입법에 따라 진행률을 측정하는 연결회사의 회계처리에는 경영진의 가정과 판단이 포함되며, 연결재무제표에 미치는 영향이 유의적이므로, 이 영역에 관심을 기울였습니다.","핵심감사사항에 대응하기 위하여 우리는 다음을 포함한 감사절차를 수행하였습니다.ㆍ투입법에 따른 수익인식의 적정성에 대한 감사절차- 투입법에 따른 수익인식과 관련된 연결회사의 회계정책에 대한 이해 및 평가- 투입법에 따른 수익인식과 관련된 내부통제를 이해하고 주요 통제는 설계 및 운영의 효과성을 테스트 ㆍ총계약수익의 적정성에 대한 감사절차 - 제작매출 계약의 체결 또는 변경과 관련된 내부통제를 이해하고 주요 통제는 설계 및 운영의 효과성을 테스트 - 제작매출 계약서에 대한 문서검사를 통해 계약금액 및 주요 계약조건 확인 - 총계약수익에 영향을 미치는 수행의무 변경에 대한 질문과 변경계약 체결 여부 확인 - 주요계약의 보고기간말 이후 변경 여부에 대한 질문 및 근거 문서 확인 ㆍ총계약원가의 추정의 불확실성에 대한 감사절차 - 총계약원가의 변경 및 승인에 대한 내부통제를 이해하고 주요 통제는 설계 및 운영의 효과성을 테스트 - 총계약원가에 영향을 미치는 주요 사항이 총 계약원가 추정에 적절하게 반영되었는지 질문하고 관련 문서검사 - 총계약원가의 유의적인 변동이 있는 경우, 질문 및 변동 원인에 대한 확인 - 제작매출 계약의 회계상 진행률과 현업부서의 제작 진행률과의 차이에 대하여 질문하고 관련 문서를 확인하여 합리성 검토 - 보고기간말 이후 총계약원가의 유의적인 변경 여부에 대한 검토 - 총계약원가의 최종 승인 여부 및 경영진이 승인한 사업계획 상 예산과 비교를 통한 합리성 검토 ㆍ투입원가의 집계 및 진행률에 대한 다음의 절차 - 발생원가 집계 및 승인에 대한 내부통제를 이해하고 주요 통제는 설계 및 운영의 효과성을 테스트 - 발생원가 세부 내역에서 표본을 추출하여, 근거 서류에 대한 문서검사를 통해 비용의 발생사실, 금액의 정확성 및 프로젝트 귀속의 적정성을 확인 - 발생원가 세부 내역에서 표본을 추출하여 투입원가 귀속시기의 적정성을 테스트 - 진행률 및 진행률에 따른 매출액 재계산 검증",subhead
00303794,2023,(주)쇼박스,콘텐츠,20240313001426,연결,1,장기선급금의 손상 평가,"연결재무제표에 대한 주석 2.11에 기술되어 있는 바와 같이, 연결회사는 프로젝트 제작 착수 또는 편성 직전까지 일련의 과정에 소요된 비용을 장기선급금으로 인식하고 있으며, 매 보고기간말 회수가능성을 검토하고 있습니다. 연결회사는 당기 중 손상 징후가 식별된 프로젝트별 장기선급금에 대하여 기업회계기준서 제1036호에 따라 손상검사를 수행하였으며, 회수가능액이 장부금액에 미달하는 금액 3,098백만원을 손상차손으로 인식하였습니다.또한, 연결재무제표에 대한 주석 9에 기술되어 있는 바와 같이, 장기선급금 장부금액은 16,386백만원으로 금액적으로 중요합니다. 우리는 경영진의 유의적인 가정과 판단으로 인해 추정 불확실성이 높은 점을 고려하여, 이 영역에 관심을 기울였습니다.",핵심감사사항에 대응하기 위하여 우리는 다음을 포함한 감사절차를 수행하였습니다.ㆍ장기선급금 손상 평가와 관련된 연결회사의 회계정책에 대한 이해ㆍ장기선급금 손상 평가와 관련된 연결회사의 내부통제를 이해하고 주요 통제는 설계 및 운영의 효과성을 테스트ㆍ경영진이 회수가능액 추정에 사용한 주요 가정 및 판단의 합리성과 일관성 검토ㆍ주요 프로젝트별 손상 사유 질문 및 기타 외부 자료 확인을 통해 진행 상황 검토ㆍ프로젝트 중단 여부 결정에 대한 투자심의기구의 회의록 등 검토,subhead
00303794,2024,(주)쇼박스,콘텐츠,20250317000833,연결,1,장기선급금의 손상 평가,"연결재무제표에 대한 주석 2.13에 기술되어 있는 바와 같이, 연결회사는 프로젝트 제작 착수 또는 편성 직전까지 일련의 과정에 소요된 비용을 장기선급금으로 인식하고 있으며, 매 보고기간말 회수가능성을 검토하고 있습니다. 연결회사는 당기 중 손상 징후가 식별된 프로젝트별 장기선급금에 대하여 기업회계기준서 제1036호에 따라 손상검사를 수행하였으며, 회수가능액이 장부금액에 미달하는 금액 711백만원을 손상차손으로 인식하였습니다.또한, 연결재무제표에 대한 주석 9에 기술되어 있는 바와 같이, 장기선급금 장부금액은 15,672백만원으로 금액적으로 중요합니다. 우리는 경영진의 유의적인 가정과 판단으로 인해 추정 불확실성이 높은 점을 고려하여, 이 영역에 관심을 기울였습니다.",핵심감사사항에 대응하기 위하여 우리는 다음을 포함한 감사절차를 수행하였습니다.ㆍ장기선급금 손상 평가와 관련된 연결회사의 회계정책에 대한 이해ㆍ장기선급금 손상 평가와 관련된 연결회사의 내부통제를 이해하고 주요 통제는 설계 및 운영의 효과성을 테스트ㆍ경영진이 회수가능액 추정에 사용한 주요 가정 및 판단의 합리성과 일관성 검토ㆍ장기선급금의 손상징후 식별을 위해 사용된 기초정보의 신뢰성 검토ㆍ장기선급금의 손상평가를 위해 사용된 기초정보의 신뢰성 검토ㆍ프로젝트 중단 여부 결정에 대한 투자심의기구의 회의록 등 검토ㆍ연결회사의 장기선급금 손상평가 결과의 재계산 및 회계처리 결과와의 중요한 차이 여부 조사,subhead
00303873,2019,씨제이씨지브이(주),콘텐츠,20200330003232,연결,1,리스회계처리의 적정성,"주석 3과 주석 34에서 공시한 바와 같이, 연결회사는 2019년 1월 1일부터 기업회계기준서 제1116호 '리스'를 최초 적용하였습니다. 이 기준서를 적용함에 따라 보고기간 말 인식한 사용권자산 및 리스부채의 장부금액은 2,222,524백만원 및 2,233,347백만원으로 총자산의 49% 및 총부채의 57%를 차지합니다. 할인율을 산정하기 위해연결회사는 신용도 및 리스대상자산의 담보가치를 고려하여 할인율을 추정합니다. 리스기간을 산정하기 위해 리스이용자 관점에서 관측가능한 해지불능기간을 결정하고 연장선택권의 행사가능성을 추정합니다. 할인율과 리스기간을 산정하기 위해서 경영진의 유의적인 추정 및 판단이 수반되며 사용권자산 및 리스부채가 연결재무제표에서 유의적이므로 리스회계처리를 핵심감사사항으로 선정하였습니다.","연결회사의 리스회계처리에 대하여 우리가 수행한 주요 감사절차는 다음과 같습니다. - 리스 회계정책의 적절성을 검토하고, 리스대상자산 식별의 완전성 검증 - 리스 추정치의 결정, 리스회계처리 결과 산출의 승인 등 내부 통제에 대한 이해와 평가 - 이용 가능한 외부 데이터 및 주요 계약서의 문서검사를 통한 주요 투입 변수(리스료, 할인율, 리스기간 등)의 유효성에 대한 검증 - 리스 회계처리 금액의 재계산을 통한 계산의 정확성 검증 - 리스와 관련된 재무제표 주석에 포함된 공시사항의 적정성을 평가 (2) 총수익스왑(Total Return Swap)계약의 공정가치 평가",subhead
00303873,2019,씨제이씨지브이(주),콘텐츠,20200330003232,연결,2,총수익스왑(Total Return Swap)계약의 공정가치 평가,"주석 20에서 공시한 바와 같이 전기 이전에 연결회사는 보스포러스인베스트먼트 주식회사의 지분투자와 관련하여 외부주주와 외부주주가 보유하고 있는 보스포러스인베스트먼트 주식회사의 주식을 제3자에게 매각 시 공정가치 변동으로부터 발생하는 차액을 정산하는 총수익스왑(Total Return Swap)계약을 체결하였습니다. 파생상품의 평가와 관련하여 회사 경영진의 유의적인 추정 및 판단이 수반되고, 평가손실이 연결재무제표에서 차지하는 금액이 유의적이므로 총수익스왑계약에 대한 공정가치 평가를 핵심감사사항으로 선정하였습니다.","- 총수익스왑계약의 공정가치 평가를 위하여 연결회사가 고용한 외부평가기관의 적격성과 독립성을 평가 - 계약서를 검토하여 보스포러스인베스트먼트 주식회사에 대한 투자조건들을 이해하고 파생상품 평가에 영향을 미치는 영향을 검토하였으며, 투자조건들이 공정가치 평가에 반영되었는지 확인 - 총수익스왑계약의 공정가치 산정 시 사용된 주요 가정의 합리성 평가 및 평가방법의 적정성 검토 - 총수익스왑계약의 공정가치를 측정하는데 사용된 유의적이지만 관측불가능한 투입변수들에 대한 민감도 분석을 통한 주요 투입변수의 변동이 공정가치 측정에 미치는 영향 및 경영진 편의의 가능성 검토 - 연결회사의 재무제표가 한국채택국제회계기준에서 요구하는 공정가치 평가기법, 주요 가정 및 변수를 적절하게 공시하는지 확인 (3) 수익인식의 적정성",subhead
00303873,2019,씨제이씨지브이(주),콘텐츠,20200330003232,연결,3,수익인식의 적정성,"주석 26에서 공시한 바와 같이, 연결회사는 영화관 일부를 임대하는 임대하는 임대사업 및 영화관에서 광고를 상영하는 광고상영사업 등을 영위하고 있습니다. 각 사업은 고객과의 계약조건에 따라 다양한 수행의무가 존재하고, 수행의무가 완료된 시점에 수익을 인식하고 있습니다. 주석 1에서 공시한 바와 같이, 연결회사는 다수의 이해관계가 존재하는 유가증권시장 상장사로 영업성과에 대한 시장참여자의 기대가 존재합니다. 또한 수익은 연결회사의 주요 성과지표에 포함되므로 목표 또는 기대치를 달성하기 위해 조정될 수 있는고유위험이 높은 항목입니다. 이 중 상영수익은 수익을 결정하는 관련 정보인 영화표의 가격과 관객 수 등이 외부에 공개되므로 고유위험이 낮다고 판단하였습니다. 이러한 관점에서 임대수익과 광고수익의 인식과 관련한 기간귀속 및 과대 계상오류의 가능성이 존재한다고 가정을 하였으므로 수익인식의 적정성을 핵심감사사항으로 선정하였습니다.",- 수익인식과 관련된 경영진의 절차 및 통제를 이해하고 평가 - 수익인식에 관한 기준 및 회계처리의 타당성 검토 - 당기 중 발생한 수익거래에 대하여 표본추출방식을 이용한 실증절차 - 보고기간말 전ㆍ후에 발생한 수익에 대하여 계약내용과 실제 이행내역에 따른 연결회사의 수익인식시점 비교 (4) 영업권의 손상평가,subhead
00303873,2019,씨제이씨지브이(주),콘텐츠,20200330003232,연결,4,영업권의 손상평가,"주석 15에서 공시한 바와 같이 연결회사의 연결재무상태표 상 MARS CINEMA, T-OURISM AND SPORTS FACILITIES MANAGEMENT INC.의 현금창출단위에 배부된 영업권 장부금액은 117,709백만원입니다. 당기 중 연결회사는 MARS CINEM-A, TOURISM AND SPORTS FACILITIES MANAGEMENT INC.의 현금창출단위에 배부된 영업권과 관련하여 127,187백만원의 손상차손을 인식하였습니다. 현금창출단위의 사용가치 추정에 중요한 영향을 미치는 매출성장률, 할인율 및 영구성장률 등의 주요 가정의 결정시 경영진의 판단이 개입되며, 경영진 판단에 따라 회사의 연결재무제표에 미치는 영향이 중요하므로 영업권손상을 핵심감사사항으로 선정하였습니다.","- MARS CINEMA, TOURISM AND SPORTS FACILITIES MANAGEMENT INC.현금창출단위의 사용가치 평가를 위해 연결회사가 고용한 외부전문가의 적격성과 독립성 평가 - 이사회에서 승인된 최근 사업계획, 과거 실적 및 산업보고서 비교를 통해 추정 매출성장률 및 영구성장률을 포함한 사용가치 산정 시 사용된 주요 가정의 합리성 평가 - 관측가능한 정보로 재계산한 할인율과의 비교를 통해 적용된 할인율의 적정성을 평가 - 평가에 사용된 할인율 및 영구성장률에 대한 민감도 분석을 통한 주요 가정 변동에 따른 경영진의 편의 가능성 검토 - 현금흐름의 추정의 합리성을 평가하기 위해 전년도의 현금흐름예측과 당기 실적 비교 - 연결회사 재무제표가 한국채택국제회기준에서 요구하는 자산 손상 공시 기준을 준수하는지 확인",subhead
00303873,2020,씨제이씨지브이(주),콘텐츠,20210319001272,연결,1,현금창출단위의 손상평가,"재무제표에 대한 주석 33에서 설명하고 있는 바와 같이, 영화관을 운영하는 회사는 당기 중 COVID-19의 대유행과 이를 억제하기 위한 조치 등으로 인하여 운영에 심각한 영향을 받았으며, 당기말 연결재무상태표상 유형자산, 사용권자산 및 무형자산의 장부금액은 각각 791,199백만원, 1,968,949백만원 및 241,052백만원으로 총자산에서 유의적인 비중을 차지하고 있습니다. 연결회사는 당기중 영업권이 포함된 현금창출단위의 회수가능액을 산출하고 장부금액과 비교해서 손상차손을 인식하였습니다. 회수가능액 추정에 중요한 영향을 미치는 매출성장률, 할인율 및 영구성장률 등의 가정에는 회사 경영진의 유의적인 추정 및 판단이 수반되고, 동 추정 및 판단에는 상당한 불확실성이 존재하기 때문에 우리는 재무적으로 유의적이라고 판단되는 현금창출단위에 대한 손상평가를 핵심감사사항으로 선정하였습니다.","- 연결회사가 손상평가를 위해 활용한 외부평가기관의 적격성과 독립성을 평가 - 연결회사의 손상평가 관련 회계정책, 프로세스 및 내부통제에 대한 이해 - 연결회사가 회수가능액 측정을 위해 사용한 평가방법의 적정성을 평가 - 회수가능액 평가시 사용된 추정 미래현금흐름, 할인율 등 주요 가정의 합리성을 평 가 - 평가 금액 계산의 정확성 검증을 통한 회수가능액의 적절성 검토 (2) 파생상품계약의 공정가치 평가",subhead
00303873,2020,씨제이씨지브이(주),콘텐츠,20210319001272,연결,2,파생상품계약의 공정가치 평가,"재무제표에 대한 주석 20에서 공시한 바와 같이 연결회사는 전기 이전에 보스포러스인베스트먼트 주식회사의 지분투자와 관련하여 외부주주와 외부주주가 보유하고 있는 보스포러스인베스트먼트 주식회사의 주식을 제3자에게 매각 시 공정가치 변동으로부터 발생하는 차액을 정산하는 총수익스왑(Total Return Swap)계약을 체결하였습니다. 또한, 주석 20에서 공시한 바와 같이 연결회사는 전기에 CGI HOLDINGS LIMITED의 지분 중 28.57%를 재무적 투자자인 ASIA CINEMA GROUP LTD.에 매도하였습니다. 해당 지분에 대하여 당사는 Call Option을 보유하고 있으며, ASIA CINEMA G-ROUP LTD.는 동반매도청구권(Drag Along Right) 등을 보유하고 있습니다. 동반매도청구권에는 행사 시점에 매도가액의 일정 차액을 재무적 투자자에게 보전하는 주주간 약정이 포함되어 있습니다. 상기 파생상품의 평가와 관련하여 연결회사 경영진의 유의적인 추정 및 판단이 수반되고, 평가손실이 연결재무제표에서 차지하는 금액이 유의적이므로 파생상품계약에 대한 공정가치 평가를 핵심감사사항으로 선정하였습니다.",- 연결회사가 파생상품계약의 공정가치 평가를 위해 활용한 외부평가기관의 적격성 과 독립성을 평가 - 계약서를 검토하여 투자조건들을 이해하고 파생상품 평가에 미치는 영향을 검토 - 연결회사가 공정가치 평가를 위해 사용한 평가방법의 적정성을 평가 - 공정가치 산정시 사용된 주요 가정의 합리성을 평가 - 평가 금액 계산의 정확성 검증을 통한 공정가치의 적절성 검토,subhead
00303873,2021,씨제이씨지브이(주),콘텐츠,20220321001182,연결,1,현금창출단위의 손상평가,"주석 33에서 설명하고 있는 바와 같이, 영화관을 운영하는 연결회사는 당기 중 COVID-19의 대유행과 이를 억제하기 위한 조치 등으로 인하여 운영에 심각한 영향을 받았으며, 당기말 연결재무상태표상 유형자산, 사용권자산 및 무형자산의 장부금액은 각각 730,135백만원, 1,801,054백만원 및 178,290백만원으로 총자산에서 유의적인 비중을 차지하고 있습니다. 연결회사는 당기중 영업권이 포함된 현금창출단위의 회수가능액을 산출하고 장부금액과 비교해서 손상차손을 인식하였습니다. 회수가능액 추정에 중요한 영향을 미치는 매출성장률, 할인율 및 영구성장률 등의 가정에는 회사 경영진의 유의적인 추정 및 판단이 수반되고, 동 추정 및 판단에는 상당한 불확실성이 존재하기 때문에 우리는 재무적으로 유의적이라고 판단되는 현금창출단위에 대한 손상평가를 핵심감사사항으로 선정하였습니다.","- 연결회사가 손상평가를 위해 활용한 외부평가기관의 적격성과 독립성을 평가 - 연결회사의 손상평가 관련 회계정책, 프로세스 및 내부통제에 대한 이해 - 연결회사가 회수가능액 측정을 위해 사용한 평가방법의 적정성을 평가 - 회수가능액 평가시 사용된 추정 미래현금흐름 , 할인율 등 주요 가정의 합리성을 평가 - 평가 금액 계산의 정확성 검증을 통한 회수가능액의 적절성 검토 (2) 파생상품계약의 공정가치 평가",subhead
00303873,2021,씨제이씨지브이(주),콘텐츠,20220321001182,연결,2,파생상품계약의 공정가치 평가,"주석 20.(7)에서 공시한 바와 같이 연결회사는 전기 이전에 CGI HOLDINGS LIMITED의 지분 중 28.57%를 재무적 투자자인 ASIA CINEMA GROUP LTD.에 매도하였습니다. 재무적 투자자는 동반매도청구권(Drag Along Right) 등을 보유하고 있으며, 동반매도청구권 행사 시 매도가액의 일정 금액이 재무적 투자자에게 우선 배분됩니다. 연결회사는 동반매도청구권 행사 시 해당 지분에 대하여 Call Option을 행사할 수 있습니다. 상기 파생상품의 평가와 관련하여 연결회사 경영진의 유의적인 추정 및 판단이 수반되고, 평가손익이 연결재무제표에서 차지하는 금액이 유의적이므로 파생상품계약에 대한 공정가치 평가를 핵심감사사항으로 선정하였습니다.","- 연결회사가 파생상품계약의 공정가치 평가를 위해 활용한 외부평가기관의 적격성 과 독립성을 평가 - 연결회사의 파생상품평가 관련 회계정책, 프로세스 및 내부통제에 대한 이해 - 연결회사가 공정가치 평가를 위해 사용한 평가방법의 적정성을 평가 - 공정가치 산정시 사용된 주요 가정의 합리성을 평가 - 평가 금액 계산의 정확성 검증을 통한 공정가치의 적절성 검토",subhead
00303873,2022,씨제이씨지브이(주),콘텐츠,20230320001054,연결,1,현금창출단위의 손상평가,,"- 연결회사의 손상검사와 관련한 내부프로세스 이해 및 내부통제제도에 대한 설계 및 운영의 효과성 평가- 연결회사의 현금창출단위 식별 및 손상징후 검토내용에 대한 독립적인 검토- 연결회사 측 외부 평가전문가의 적격성, 경험 및 전문성 평가와 객관성 및 독립성 확인- 손상검사 시 사용된 재무예측치와 경영진에 의해 승인된 사업계획의 비교 검토- 감사인 측 내부 평가전문가 활용을 통해 경영진이 현금창출단위의 사용가치 계산 시 사용한 할인율과 추정에 사용한 가정 및 방법론의 적정성 검토 (2) 파생상품계약의 공정가치 평가 핵심감사사항으로 결정된 이유주석 20.(6)에서 공시한 바와 같이 연결회사는 전기 이전에 CGI HOLDINGS LIMITED의 지분 중 28.57%를 재무적 투자자인 ASIA CINEMA GROUP LTD.에 매도하였습니다. 재무적 투자자는 동반매도청구권(Drag Along Right) 등을 보유하고 있으며, 동반매도청구권 행사 시 매도가액의 일정 금액이 재무적 투자자에게 우선 배분됩니다. 연결회사는 동반매도청구권 행사 시 해당 지분에 대하여 Call Option을 행사할 수 있습니다. 또한, 주석 20.(7)에서 공시한 바와 같이 연결회사는 전기에 종속기업인MARS CINEMA,TOURISM AND SPORTS FACILITIES MANAGEMENT, INC.가전기에 발행한 신종자본증권 1,000억원에 대하여 기초자산이 기준금액 이하로 매각이 될 경우 해당차액을 지급하기로 하는 차액결제약정을 체결하였습니다. 우리는 공정가치 수준 3으로 분류되는 파생상품의 평가에 수반되는 판단의 수준을 고려하여, 다음의 위험을 핵심감사사항으로 선정하였습니다.- 금융상품 가치평가기법 및 관측 불가능한 투입변수(기초자산의 변동성, 상관관계, 할인율 등)의 측정 및 관련 가정을 잘못 적용하여 공정가치가 왜곡될 위험",subhead
00303873,2022,씨제이씨지브이(주),콘텐츠,20230320001054,연결,2,파생상품계약의 공정가치 평가,,"- 연결회사가 파생상품계약의 공정가치 평가를 위해 활용한 외부평가기관의 적격성 과 독립성을 평가 - 연결회사의 파생상품평가 관련 회계정책, 프로세스 및 내부통제에 대한 이해 - 연결회사가 공정가치 평가를 위해 사용한 평가방법의 적정성을 평가 - 공정가치 산정시 사용된 주요 가정의 합리성을 평가 - 평가 금액 계산의 정확성 검증을 통한 공정가치의 적정성 검토",subhead
00303873,2023,씨제이씨지브이(주),콘텐츠,20240318000720,연결,1,현금창출단위의 손상평가,,"- 연결회사의 손상검사와 관련한 내부프로세스 이해 및 내부통제제도에 대한 설계 및 운영의 효과성 평가- 연결회사의 현금창출단위 식별 및 손상징후 검토내용에 대한 독립적인 검토- 연결회사 측 외부 평가전문가의 적격성, 경험 및 전문성 평가와 객관성 및 독립성 확인- 손상검사 시 사용된 재무예측치와 경영진에 의해 승인된 사업계획의 비교 검토- 감사인 측 내부 평가전문가 활용을 통해 경영진이 현금창출단위의 사용가치 계산 시 사용한 할인율과 추정에 사용한 가정 및 방법론의 적정성 검토 (2) 파생상품계약의 공정가치 평가 핵심감사사항으로 결정된 이유주석 20.(6)에서 공시한 바와 같이 연결회사는 전기 이전에 CGI HOLDINGS LIMITED의 지분 중 28.57%를 재무적 투자자인 ASIA CINEMA GROUP LTD.에 매도하였습니다. 재무적 투자자는 동반매도청구권(Drag Along Right) 등을 보유하고 있으며, 동반매도청구권 행사 시 매도가액의 일정 금액이 재무적 투자자에게 우선 배분됩니다. 연결회사는 동반매도청구권 행사 시 해당 지분에 대하여 Call Option을 행사할 수 있습니다. 한편, 연결회사는 당기 중 재무적 투자자와 추가 합의를 통하여 재무적 투자자의 투자금 일부에 대한 조건부 인수조건을 포함한 Call Option을 추가하였습니다. 그러므로 우리는 공정가치 수준 3으로 분류되는 파생상품의 평가에 수반되는 판단의수준을 고려하여, 다음의 위험을 핵심감사사항으로 선정하였습니다.- 금융상품 가치평가기법 및 관측 불가능한 투입변수(기초자산의 변동성, 상관관계, 할인율 등)의 측정 및 관련 가정을 잘못 적용하여 공정가치가 왜곡될 위험",subhead
00303873,2023,씨제이씨지브이(주),콘텐츠,20240318000720,연결,2,파생상품계약의 공정가치 평가,,"- 연결회사가 파생상품계약의 공정가치 평가를 위해 활용한 외부평가기관의 적격성 과 독립성을 평가 - 연결회사의 파생상품평가 관련 회계정책, 프로세스 및 내부통제에 대한 이해 - 연결회사가 공정가치 평가를 위해 사용한 평가방법의 적정성을 평가 - 공정가치 산정시 사용된 주요 가정의 합리성을 평가 - 평가 금액 계산의 정확성 검증을 통한 공정가치의 적정성 검토",subhead
00303873,2024,씨제이씨지브이(주),콘텐츠,20250317000874,연결,1,"801,778백만원, 1,218,906백만원 및 576,100백만원",,"- 연결회사의 손상검사와 관련한 내부프로세스 이해 및 내부통제제도에 대한 설계 및 운영의 효과성 평가- 연결회사의 현금창출단위 식별 및 손상징후 검토내용에 대한 독립적인 검토- 연결회사 측 외부 평가전문가의 적격성, 경험 및 전문성 평가와 객관성 및 독립성 확인- 손상검사 시 사용된 재무예측치와 경영진에 의해 승인된 사업계획의 비교 검토- 감사인 측 내부 평가전문가 활용을 통해 경영진이 현금창출단위의 사용가치 계산 시 사용한 할인율과 추정에 사용한 가정 및 방법론의 적정성 검토 (2) 파생상품계약의 공정가치 평가 핵심감사사항으로 결정된 이유주석 20.(6)에서 공시한 바와 같이 연결회사는 전기 이전에 CGI HOLDINGS LIMITED의 지분 중 28.57%를 재무적 투자자인 ASIA CINEMA GROUP LTD.에 매도하였습니다. 재무적 투자자는 동반매도청구권(Drag-Along Right) 등을 보유하고 있으며,동반매도청구권 행사 시 매도가액의 일정 금액이 재무적 투자자에게 우선 배분됩니다. 연결회사는 동반매도청구권 행사 시 해당 지분에 대하여 Call Option을 행사할 수 있습니다. 한편, 연결회사는 전기 중 재무적 투자자와 추가 합의를 통하여 재무적 투자자의 투자금 일부에 대한 조건부 인수조건을 포함한 Call Option을 추가하였고, 당기 중 해당 Call Option을 행사하여 CGI HOLDINGS LIMITED의 지분 8.7%를 추가 취득하였습니다. 그러므로 우리는 공정가치 수준 3으로 분류되는 파생상품의 평가에 수반되는 판단의 수준을 고려하여, 다음의 위험을 핵심감사사항으로 선정하였습니다.- 금융상품 가치평가기법 및 관측 불가능한 투입변수(기초자산의 변동성, 상관관계, 할인율 등)의 측정 및 관련 가정을 잘못 적용하여 공정가치가 왜곡될 위험",subhead
00303873,2024,씨제이씨지브이(주),콘텐츠,20250317000874,연결,2,파생상품계약의 공정가치 평가,,"- 연결회사가 파생상품계약의 공정가치 평가를 위해 활용한 외부평가기관의 적격성 과 독립성을 평가 - 연결회사의 파생상품평가 관련 회계정책, 프로세스 및 내부통제에 대한 이해 - 연결회사가 공정가치 평가를 위해 사용한 평가방법의 적정성을 평가 - 공정가치 산정시 사용된 주요 가정의 합리성을 평가 - 평가 금액 계산의 정확성 검증을 통한 공정가치의 적정성 검토",subhead
00348034,2019,(주)액토즈소프트,게임,20200330002925,연결,1,특수관계자 거래 및 잔액 공시의 적정성,"2019 회계연도 중 연결회사는 특수관계자와의 매출 및 기타수익 등이 19,253백만원이며, 2019년 12월 31일 기준 매출채권 및 기타채권 등은 27,030백만원입니다. 이는 연결재무제표상의 유의한 비중을 차지함에 따라 우리는 특수관계자와의 유의적인거래 및 잔액이 연결재무제표에 미치는 영향에 대하여 관심을 기울였습니다. 관련 내용은 연결재무제표 주석 36에 표시되어 있습니다.",상기에 언급된 특수관계자로부터의 매출 및 기타수익 거래 등 및 매출채권 및 기타채권 등 거래잔액의 재무제표 공시와 관련하여 우리가 수행한 주요 감사절차는 다음을 포함합니다. ㆍ주주총회 및 이사회 의사록 등의 문서를 검토하여 회사가 식별한 특수관계자 등 거래 및 잔액의 완전성 확인 ㆍ당기 및 전기의 특수관계자 등 거래 및 잔액에 대한 분석적 절차 수행 ㆍ유의적인 변동이 발생한 특수관계자 거래와 관련한 계약서 검토 ㆍ중요한 잔액에 대해 채권채무조회 수행 ㆍ표본추출을 통하여 거래단위 증빙을 확인하는 실증테스트를 수행 ㆍ모회사 감사인을 활용하여 중요한 특수관계자의 거래내역 및 채권채무 잔액에 대한 상호검증 및 완전성 확인,subhead
00348034,2020,(주)액토즈소프트,게임,20210323000612,연결,1,특수관계자 거래 및 잔액 공시의 적정성,"2020 회계연도 중 연결회사는 특수관계자와의 매출 및 기타수익 등이 18,405백만원이며, 2020년 12월 31일 기준 매출채권 및 기타채권 등은 22,752백만원입니다. 이는 연결재무제표상의 유의한 비중을 차지함에 따라 우리는 특수관계자와의 유의적인거래 및 잔액이 연결재무제표에 미치는 영향에 대하여 관심을 기울였습니다. 관련 내용은 연결재무제표 주석 36에 표시되어 있습니다.",상기에 언급된 특수관계자로부터의 매출 및 기타수익 거래 등 및 매출채권 및 기타채권 등 거래잔액의 재무제표 공시와 관련하여 우리가 수행한 주요 감사절차는 다음을 포함합니다. ㆍ주주총회 및 이사회 의사록 등의 문서를 검토하여 회사가 식별한 특수관계자 등 거래 및 잔액의 완전성 확인 ㆍ당기 및 전기의 특수관계자 등 거래 및 잔액에 대한 분석적 절차 수행 ㆍ유의적인 변동이 발생한 특수관계자 거래와 관련한 계약서 검토 ㆍ중요한 잔액에 대해 채권채무조회 수행 ㆍ표본추출을 통하여 거래단위 증빙을 확인하는 실증테스트를 수행 ㆍ모회사 감사인을 활용하여 중요한 특수관계자의 거래내역 및 채권채무 잔액에 대한 상호검증 및 완전성 확인,subhead
00348034,2021,(주)액토즈소프트,게임,20220322000871,연결,1,온라인게임매출의 기간귀속,"핵심감사사항은 우리의 전문가적 판단에 따라 당기 재무제표감사에서 가장 유의적인사항입니다. 해당 사항들은 재무제표 전체에 대한 감사의 관점에서 우리의 의견형성 시 다루어졌으며, 우리는 이런 사항에 대하여 별도의 의견을 제공하지는 않습니다. 온라인게임매출의 기간귀속 연결회사는 온라인게임 개발 및 관련 서비스의 제공 등을 목적으로 하고 있습니다. 연결회사의 온라인게임매출은 대부분 회사와 소비자 간의 거래로 이루어져 있어, 연결회사가 고객과 체결한 계약의 복잡성 및 다양성은 제한적이지만 처리하여야 할 거래 건수는 매우 많습니다. 또한, 온라인게임매출은 연결회사의 주요 성과지표 중 하나이고 온라인게임매출이 적절하지 않은 기간에 인식되거나 목표 또는 기대치 달성을 위한 부정의 발생 등 고유위험을 불러일으킬 수 있으므로 우리는 온라인게임매출의 기간귀속을 핵심감사사항으로 식별하였습니다. 우리가 온라인게임매출의 기간귀속과 관련하여 수행한 주요 감사 절차는 다음과 같습니다. - 이연수익 회계정책 이해 및 평가 - 외부정보와의 대사를 통한 관련 회사 내부 데이터의 신뢰성 평가 - 온라인게임과 관련된 프로세스 및 관련 내부통제의 유효성 평가 - 이연수익에 적용된 가정 검토 및 이연수익 재계산",,lookback
00348034,2022,(주)액토즈소프트,게임,20230323001558,연결,1,온라인게임매출의 기간귀속,"핵심감사사항은 우리의 전문가적 판단에 따라 당기 연결재무제표감사에서 가장 유의적인사항입니다. 해당 사항들은 연결재무제표 전체에 대한 감사의 관점에서 우리의 의견형성 시 다루어졌으며, 우리는 이런 사항에 대하여 별도의 의견을 제공하지는 않습니다. 온라인게임매출의 기간귀속 연결회사는 온라인게임 개발 및 관련 서비스의 제공 등을 목적으로 하고 있습니다. 연결회사의 온라인게임매출은 대부분 회사와 소비자 간의 거래로 이루어져 있어, 연결회사가 고객과 체결한 계약의 복잡성 및 다양성은 제한적이지만 처리하여야 할 거래 건수는 매우 많습니다. 또한, 온라인게임매출은 연결회사의 주요 성과지표 중 하나이고 온라인게임매출이 적절하지 않은 기간에 인식되거나 목표 또는 기대치 달성을 위한 부정의 발생 등 고유위험을 불러일으킬 수 있으므로 우리는 온라인게임매출의 기간귀속을 핵심감사사항으로 식별하였습니다. 우리가 온라인게임매출의 기간귀속과 관련하여 수행한 주요 감사 절차는 다음과 같습니다.- 이연수익 회계정책 이해 및 평가- 외부정보와의 대사를 통한 관련 연결회사 내부 데이터의 신뢰성 평가- 온라인게임과 관련된 프로세스 이해 및 관련 내부통제의 유효성 평가- 이연수익에 적용된 가정 검토 및 이연수익 재계산",,lookback
00348034,2023,(주)액토즈소프트,게임,20240321001839,연결,1,온라인게임매출의 기간귀속,"핵심감사사항은 우리의 전문가적 판단에 따라 당기 연결재무제표감사에서 가장 유의적인 사항입니다. 해당 사항들은 연결재무제표 전체에 대한 감사의 관점에서 우리의 의견형성 시 다루어졌으며, 우리는 이런 사항에 대하여 별도의 의견을 제공하지는 않습니다. 온라인게임매출의 기간귀속 연결회사는 온라인게임 개발 및 관련 서비스의 제공 등을 목적으로 하고 있습니다. 연결회사의 온라인게임매출은 대부분 회사와 소비자 간의 거래로 이루어져 있어, 연결회사가 고객과 체결한 계약의 복잡성 및 다양성은 제한적이지만 처리하여야 할 거래 건수는 매우 많습니다. 또한, 온라인게임매출은 연결회사의 주요 성과지표 중 하나이고 온라인게임매출이 적절하지 않은 기간에 인식되거나 목표 또는 기대치 달성을 위한 부정의 발생 등 고유위험을 불러 일으킬 수 있으므로 우리는 온라인게임매출의 기간귀속을 핵심감사사항으로 식별하였습니다. 우리가 온라인게임매출의 기간귀속과 관련하여 수행한 주요 감사 절차는 다음과 같습니다.- 이연수익 회계정책 이해 및 평가- 외부정보와의 대사를 통한 관련 연결회사 내부 데이터의 신뢰성 평가- 온라인게임과 관련된 프로세스 이해 및 관련 내부통제의 유효성 평가- 이연수익에 적용된 가정 검토 및 이연수익 재계산",,lookback
00348034,2024,(주)액토즈소프트,게임,20250320001182,연결,1,온라인게임매출의 기간귀속,"핵심감사사항은 우리의 전문가적 판단에 따라 당기 연결재무제표감사에서 가장 유의적인사항입니다. 해당 사항들은 연결재무제표 전체에 대한 감사의 관점에서 우리의 의견형성 시 다루어졌으며, 우리는 이런 사항에 대하여 별도의 의견을 제공하지는 않습니다. 온라인게임매출의 기간귀속 연결회사는 온라인게임의 개발 및 관련 서비스의 제공 등을 주요사업으로 하고 있습니다. 연결회사의 온라인게임매출은 대부분 회사와 소비자 간의 거래로 이루어져 있어, 연결회사가 고객과 체결한 계약의 복잡성 및 다양성은 제한적이지만 처리하여야 할 거래 건수는 매우 많습니다. 또한, 온라인게임매출은 회사의 주요 성과지표 중 하나이고 온라인게임매출이 적절하지 않은 기간에 인식되거나 목표 또는 기대치 달성을 위한 부정의 발생등 고유위험을 불러일으킬 수 있으므로 우리는 온라인게임매출의 기간귀속을 핵심감사사항으로 식별하였습니다. 우리가 온라인게임매출의 기간귀속과 관련하여 수행한 주요 감사 절차는 다음과 같습니다.- 이연수익과 관련한 회계정책의 이해- 수익인식과 관련된 프로세스의 이해 및 내부통제의 유효성 평가- 외부정보와의 대사를 통한 관련 회사 내부 데이터의 신뢰성 평가- 이연수익 로직에 대한 가정 및 적정성 검토- 이연수익의 재계산 검토",,lookback
00348292,2020,(주)한빛소프트,게임,20210318001250,연결,1,"관계기업투자 평가의 적정성 (주석9, 18 참조",,관계기업투자 평가 회계처리에 대하여 우리가 수행한 주요 감사절차는 다음과 같습니다. - 추정에 사용된 주요 가정의 합리성 평가 - 평가에 사용된 주요 가정과 중요한 판단에 대해 경영진 및 경영진 전문가와의 논의를 포함한 평가 - 미래 현금흐름 추정액의 검토 - 평가에 사용된 경영진의 사업계획 전망치와 실제치의 비교 - 평가하는데 참여한 경영진 측 전문가의 적격성 및 독립성 평가,subhead
00348292,2021,(주)한빛소프트,게임,20220316001384,연결,1,"전환금융상품 평가 및 회계처리의 적정성 (주석19, 21 참조",,전환금융상품 평가 회계처리에 대하여 우리가 수행한 주요 감사절차는 다음과 같습니다. - 추정에 사용된 주요 가정의 합리성 평가 - 평가에 사용된 주요 가정과 중요한 판단에 대해 경영진 및 경영진 전문가와의 논의를 포함한 평가 - 평가하는데 참여한 경영진 측 전문가의 적격성 및 독립성 평가,subhead
00348292,2022,(주)한빛소프트,게임,20230313000859,연결,1,관계기업투자 손상평가,"핵심감사사항은 우리의 전문가적 판단에 따라 당기 재무제표 감사에서 가장 유의적인 사항들입니다. 해당 사항들은 재무제표 전체에 대한 감사의 관점에서 우리의 의견형성 시 다루어졌으며, 우리는 이런 사항에 대하여 별도의 의견을 제공하지는 않습니다. 관계기업투자 손상평가 2022년 12월 31일 현재 연결회사의 관계기업투자인 (주)아이엠씨게임즈의 장부금액은 826백만원으로 회사 자산총계의 1.9%를 차지하고 있습니다. 연결회사는 해당 관계기업투자의 누적적인 결손으로 유의적인 손상징후가 있다고 판단하여 회수가능액을 평가하였습니다. 연결회사는 해당 관계기업투자의 손상징후에 대하여 할인된 현금흐름법 등에 근거한 사용가치 계산을 활용해 손상검사를 수행하였습니다. 사용가치는 할인율, 성장률 및 미래현금흐름 예측 등 회사 경영진의 유의적인 판단과 추정치를 수반하므로 우리는 회수가능액 검토를 핵심감사사항으로 판단하였습니다. 핵심감사사항이 감사에서 다루어진 방법핵심감사사항에 대응하기 위하여 우리는 다음을 포함한 감사절차를 수행하였습니다. ㆍ관계기업투자 회수가능가액 검토 프로세스 관련 통제의 이해 및 평가 ㆍ경영진이 사용가치 추정에 사용한 가치평가 모델의 적절성을 평가 ㆍ미래현금흐름 추정이 경영진에서 승인한 사업계획과 일치하는지 확인 ㆍ추정치에 낙관적인 가정이 포함되었는지 사후적으로 확인하기 위하여 당기 실제 성과와 전기 추정을 비교 ㆍ사용가치 추정에 사용된 매출성장률, 영업이익률 및 성장률 등 주요 가정의 합리성 평가 ㆍ주요 가정의 변경이 손상 평가에 미치는 영향을 평가하기 위해 경영진이 수행한 할인율 및 영구성장률에 대한 민감도 분석결과 평가",,lookback
00348292,2023,(주)한빛소프트,게임,20240319000743,연결,1,전환사채 공정가치 평가,"전환사채 발행으로 인하여 주석 18(파생상품자산ㆍ부채)과 주석 20(전환사채)에서 설명하고 있는 바와 같이 회사는 2023년 12월 31일 현재 파생상품 부채 5,908,489천원과 전환사채 4,215,685천원을 인식하고 있습니다. 전환사채 발행에는 투자자의 조기상환청구권과 전환권대가 등과 관련한 파생상품의 성격이 포함되어 있으므로 경영진이 선택한 평가기법 및 관측가능하지 않은 투입변수를 어떻게 결정하는지에 따라 측정결과가 유의적으로 변동하게 되므로 회계추정의불확실성이 존재합니다. 우리는 전환사채의 공정가치 평가가 연결재무제표에 미치는영향이 유의적이며 경영진의 가정 및 판단이 수반되는 바 핵심감사사항으로 결정하였습니다.",핵심감사사항에 대응하기 위하여 우리는 다음을 포함한 감사절차를 수행하였습니다. ㆍ전환사채 및 파생상품 공정가치 평가와 관련된 회사의 내부통제 이해 ㆍ회사가 활용한 경영진측 전문가의 적격성 및 독립성 확인 ㆍ전환사채 및 파생상품 공정가치 평가에 적용한 평가방법론 검토 ㆍ평가방법론에 이용된 입력변수의 데이터원천 및 산출기법 검토,subhead
00348292,2024,(주)한빛소프트,게임,20250318000817,연결,1,게임매출의 기간귀속,"주석 32(고객과의 계약에서 생기는 수익)에서 설명하고 있는 바와 같이 연결회사가 2024년 12월 31일로 종료되는 보고기간에 인식한 게임매출은 23,380,138 천원입니 다. 연결회사의 게임매출은 대부분 연결회사와 소비자 간의 거래로 이루어져 있으며, 연결회사가 고객과 체결한 계약의 복잡성 및 다양성은 제한적이지만 처리해야 하는 거래 건수는 매우 많습니다. 이에 따라 게임매출 인식을 위해 전산 시스템의 이용을 포함한 복잡한 내부 프로세스가 필요합니다. 또한, 고객에게 제공되는 게임 서비스의 성격에 따라 고객이 유료 아이템으로부터 얻는 경제적 효익은 다양한 형태로 나타납니다. 이러한 특성으로 인해 유료 아이템 판매 수익이 적절한 기대 사용 기간 동안 이연되지 않으면, 연결회사의 주요 성과 지표 중 하나인 게임매출이 적절하지 않은 기간에 인식될 수 있는 고유 위험이 존재합니다. 따라서 우리는 게임매출의 기간귀속을핵심감사사항으로 식별하였습니다 .",핵심감사사항에 대응하기 위하여 우리는 다음을 포함한 감사절차를 수행하였습니다. ㆍ고객에게 판매하는 아이템의 속성과 수익인식 관련 연결회사의 회계정책에 대한 이해 ㆍ이연수익 산정에 사용된 연결회사의 추정 방법론과 산정논리에 대한 이해와 검토 ㆍ외부정보와의 대사를 통한 관련 연결회사 내부 데이터의 신뢰성 평가 ㆍ내부전문가를 통한 수익인식 관련 연결회사의 전산시스템에 대한 IT 감사 ㆍ게임매출과 관련된 프로세스 이해 및 관련 내부통제의 설계 및 운영 효과성 평가 ㆍ보고기간말 인식한 이연수익에 대한 재계산,subhead
00349097,2019,(주)케이티스카이라이프,콘텐츠,20200330003670,연결,1,계약체결증분원가 및 계약이행원가의 인식,"핵심감사사항은 우리의 전문가적 판단에 따라 당기 재무제표감사에서 가장 유의적인사항들입니다. 해당 사항들은 재무제표 전체에 대한 감사의 관점에서 우리의 의견형성 시 다루어졌으며, 우리는 이런 사항에 대하여 별도의 의견을 제공하지는 않습니 다. (1) 계약체결증분원가 및 계약이행원가의 인식 연결회사는 위탁계약사업자가 위성방송 및 인터넷상품을 고객에게 판매한 실적에 따라 수수료를 지급하고, 단말기 등 설치비용을 부담하고 있으며 이러한 수수료 및 설치비용을 계약체결원가 및 계약이행원가로 인식하고 있습니다. 자산화된 계약체결원가 및 계약이행원가는 2019년 12월 31일 현재 677억원(총자산의 8.0%)이며, 자산화된 계약체결원가 및 계약이행원가는 고객의 예상 평균가입기간에 걸쳐 상각되고 있습니다. 특정 수수료 및 설치비용의 자산화 여부와 자산화된 상각기간 결정은 회사 경영진의 판단을 필요로 하며, 자산화된 계약체결원가 및 계약이행원가는 연결회사의 재무제표에 중요합니다. 따라서 우리는 계약체결증분원가 및 계약이행원가의 인식과 상각에 적용되는 기대가입기간 추정을 핵심감사사항으로 식별하였습니다. 우리가 계약체결증분원가 및 계약이행원가와 관련하여 수행한 주요 ","감사절차는 다음과 같습니다. - 계약체결증분원가 및 계약이행원가의 회계처리 및 관련 정보가 산출되는 프로세스 및 내부통제의 이해 - 위탁계약사업자에 대한 수수료 지급 정책과 고객 가입시 수신장치 및 인터넷 단말기 설치와 관련된 회사의 정책을 확인하고, 회사가 이를 자산화하기 위해 내린 결정이 기업회계기준서의 요구사항을 충족하고 있는지 검사 - 자산화된 계약체결증분원가 및 계약이행원가에서 표본을 추출하여 자산화된 금액과 시기가 적절한지 검사 - 계약체결증분원가 및 계약이행원가의 상각에 적용되는 기대가입기간을 산정하는데 이용한 기초자료의 완전성과 정확성을 검사",lookback
00349097,2020,(주)케이티스카이라이프,콘텐츠,20210323000841,연결,1,단품위성방송 및 관련 서비스 매출채권 손실충당금,"핵심감사사항은 우리의 전문가적 판단에 따라 당기 재무제표감사에서 가장 유의적인사항들입니다. 해당 사항들은 재무제표 전체에 대한 감사의 관점에서 우리의 의견형성 시 다루어졌으며, 우리는 이런 사항에 대하여 별도의 의견을 제공하지는 않습니 다. (1) 단품위성방송 및 관련 서비스 매출채권 손실충당금 매출채권의 회수가능성 평가는 회사 경영진의 판단이 수반되고 추정의 불확실성이 존재하며, 회수가능성에 대한 판단에 따라 당기손익에 중요한 영향을 미칩니다. 또한 주석6에서 공시한 바와 같이 연결회사는 2020년 12월 31일 현재 1,067억원(총자산의 11.6%)의 매출채권에 대하여 302억원(매출채권의 28.3%)의 손실충당금을 계상하고 있으며, 이중 단품위성방송 및 관련 서비스 매출채권과 그 손실충당금은 각각 금액적으로 유의적인 비중을 차지하고 있습니다. 따라서 우리는 단품위성방송 및 관련 서비스 매출채권 손실충당금을 핵심감사사항으로 식별하였습니다. 우리가 단품위성방송 및 관련 서비스 매출채권 손실충당금과 관련하여 수행한 주요 ",감사절차는 다음과 같습니다. - 손실충당금 설정과 관련된 회사의 내부통제의 이해와 평가 - 과거 대손경험 및 대손실적률의 소급적 검토를 통한 손실충당금 설정기준의 신뢰성 검사 - 단품위성방송 및 관련 서비스 매출채권의 손실충당금 설정을 위한 기초자료의 신뢰성 검사 - 대손실적률에 따라 계산한 손실충당금의 정확성 검사 - 당기말 이후 매출채권의 회수내역 검사 - 만기가 도래하였으나 장기간 회수되지 않은 매출채권 중에서 손실충당금을 설정하지 않은 채권에 대한 질문 및 문서 검사,lookback
00349097,2021,(주)케이티스카이라이프,콘텐츠,20220321001037,연결,1,스카이라이프TV상품 및 관련 서비스 매출채권 손실충당금,"핵심감사사항은 우리의 전문가적 판단에 따라 당기 연결재무제표감사에서 가장 유의적인사항들입니다. 해당 사항들은 연결재무제표 전체에 대한 감사의 관점에서 우리의 의견형성 시 다루어졌으며, 우리는 이런 사항에 대하여 별도의 의견을 제공하지는않습니다. (1) 스카이라이프TV상품 및 관련 서비스 매출채권 손실충당금 매출채권의 회수가능성 평가는 회사 경영진의 판단이 수반되고 추정의 불확실성이 존재하며, 회수가능성에 대한 판단에 따라 당기손익에 중요한 영향을 미칩니다. 또한 주석6에서 공시한 바와 같이 연결회사는 2021년 12월 31일 현재 1,429억원(총자산의 11.2%)의 매출채권에 대하여 369억원(매출채권의 25.8%)의 손실충당금을 계상하고 있으며, 이중 스카이라이프TV상품 및 관련 서비스 매출채권과 그 손실충당금은 각각 금액적으로 유의적인 비중을 차지하고 있습니다. 따라서 우리는 스카이라이프TV상품 및 관련 서비스 매출채권 손실충당금을 핵심감사사항으로 식별하였습니다. 우리가 스카이라이프TV상품 및 관련 서비스 매출채권 손실충당금과 관련하여 수행한 주요 ","감사절차는 다음과 같습니다. - 손실충당금 설정과 관련된 회사의 내부통제의 이해와 평가 - 과거 대손경험 및 대손실적률의 소급적 검토를 통한 손실충당금 설정기준의 신뢰성 검사 - 스카이라이프TV상품 및 관련 서비스 매출채권의 손실충당금 설정을 위한 기초자료의 신뢰성 검사 - 대손실적률에 따라 계산한 손실충당금의 정확성 검사 - 당기말 이후 매출채권의 회수내역 검사 - 만기가 도래하였으나 장기간 회수되지 않은 매출채권 중에서 손실충당금을 설정하지 않은 채권에 대한 질문 및 문서 검사 (2) 주식회사 에이치씨엔 사업결합 연결재무제표에 대한 주석 23에 기술되어 있는 바와 같이, 연결회사는 당기 중에 주식회사 에이치씨엔의 지분 100%를 취득함에 따라 지배력을 획득, 한국채택국제회계기준 1103호 '사업결합'에 따라 회계처리하였습니다. 매수가격은 인수한 여러 자산과 부채에 배분되었으며, 이러한 배분은 공정가치 추정에 근거합니다. 연결회사는 인수된 주요 유무형자산의 공정가치를 평가하기 위하여 독립적인 외부전문가를 활용하였습니다. ",lookback
00349097,2021,(주)케이티스카이라이프,콘텐츠,20220321001037,연결,2,주식회사 에이치씨엔 사업결합,"하였습니다. 우리가 스카이라이프TV상품 및 관련 서비스 매출채권 손실충당금과 관련하여 수행한 주요 감사절차는 다음과 같습니다. - 손실충당금 설정과 관련된 회사의 내부통제의 이해와 평가 - 과거 대손경험 및 대손실적률의 소급적 검토를 통한 손실충당금 설정기준의 신뢰성 검사 - 스카이라이프TV상품 및 관련 서비스 매출채권의 손실충당금 설정을 위한 기초자료의 신뢰성 검사 - 대손실적률에 따라 계산한 손실충당금의 정확성 검사 - 당기말 이후 매출채권의 회수내역 검사 - 만기가 도래하였으나 장기간 회수되지 않은 매출채권 중에서 손실충당금을 설정하지 않은 채권에 대한 질문 및 문서 검사 (2) 주식회사 에이치씨엔 사업결합 연결재무제표에 대한 주석 23에 기술되어 있는 바와 같이, 연결회사는 당기 중에 주식회사 에이치씨엔의 지분 100%를 취득함에 따라 지배력을 획득, 한국채택국제회계기준 1103호 '사업결합'에 따라 회계처리하였습니다. 매수가격은 인수한 여러 자산과 부채에 배분되었으며, 이러한 배분은 공정가치 추정에 근거합니다. 연결회사는 인수된 주요 유무형자산의 공정가치를 평가하기 위하여 독립적인 외부전문가를 활용하였습니다. 우리는 이전대가의 규모가 유의적이고, 이전대가의 배분 시 공정가치 평가에 유의적인 경영진의 판단이 수반되는 점을 고려하여 해당 항목을 핵심감사사항에 포함하였습니다. 우리의 연결회사의 사업결합 회계처리를 확인하고, 취득한 자산과 인수한 부채의 공정가치 평가 및 이전대가 배분에 대한 감사절차 수행 시 가치평가 전문가를 감사팀에포함하였습니다. 또한, 공정가치 평가 및 매수가격의 배분 회계처리와 관련하여 수행한 감사 과정은 다음을 포함합니다. - 회사의 인수가격배분 검토 및 승인과 관련된 내부통제의 이해 - 사업결합 시 이전대가의 공정가치 평가 적정성 확인 - 연결회사가 취득한 식별가능한 무형자산, 기타 자산/부채의 공정가치 결정에 사용된 방법론의 적절성을 평가 - 공정가치를 평가하는데 참여한 경영진 측 전문가의 적격성 및 독립성 평가 - 공정가치 결정에 사용된 주요 가정과 중요한 판단에 대해 경영진 및 경영진측 전문가와의 논의를 포함한 평가 - 사업결합과 관련하여 연결재무제표 회계처리 및 주석 공시사항의 적절성을 평가",,lookback
00349097,2022,(주)케이티스카이라이프,콘텐츠,20230323001208,연결,1,유선방송업부문(㈜에이치씨엔) 현금창출단위집단에 배부된 영업권 손상평가,"핵심감사사항은 우리의 전문가적 판단에 따라 당기 연결재무제표감사에서 가장 유의적인 사항들입니다. 해당 사항들은 연결재무제표 전체에 대한 감사의 관점에서 우리의 의견형성 시 다루어졌으며, 우리는 이런 사항에 대하여 별도의 의견을 제공하지는 않습니다. 유선방송업부문(㈜에이치씨엔) 현금창출단위집단에 배부된 영업권 손상평가 연결재무제표에 대한 주석 13에 기술되어 있는 바와 같이, 연결회사는 매 보고기간에 ㈜에이치씨엔(유선방송업부문)의 인수 관련한 영업권에 대하여 손상평가를 진행합니다. 연결회사는 영업권이 속한 현금창출단위의 회수가능액과 장부금액을 비교하여 손상여부를 판단합니다. 연결회사는 현금창출단위의 회수가능액을 산정하기 위해 유선방송 가입자 수, 가입자당 평균 수익 등 예측 정보를 반영한 미래 현금흐름과 할인율 등을 추정하였으며, 추정을 위한 주요 가정의 결정시 경영진의 유의적인 판단이 포함되었습니다. 우리는 현금창출단위에 배분된 자산의 장부금액이 연결재무제표에서 중요하고, 경영진의 가정이 회수가능액 산정에 미치는 영향이 유의적이며 기업가치 평가에 대한 전문 지식, 높은 수준의 판단과 노력이 필요하다고 판단되어 현금창출단위에 배분된 자산 손상을 핵심감사사항으로 식별하였습니다. 핵심감사사항에 대응하기 위하여 우리는 다음을 포함한 감사절차를 수행하였습니다. - 영업권 손상 회계처리 관련 연결회사의 정책, 프로세스 및 내부통제의 이해와 평가 - 연결회사가 활용한 외부전문가의 적격성 및 독립성 평가 - 내부 평가전문가 활용을 통한 사용가치 평가 모델 및 가정의 적정성 평가 - 사용가치 계산에 사용된 미래현금흐름이 경영진에 보고된 사업계획에 근거하여 산정되었는지 비교- 사업계획이 현금 창출단위의 과거성과, 현재의 시장상황과 비교하여 일관성이 있는지 평가 - 사용가치 계산의 정확성 검증",,lookback
00349097,2023,(주)케이티스카이라이프,콘텐츠,20240320001841,연결,1,동 현금창충단위의 사용가치 평가에 포함된 미래현금흐름 추정에는 재무예산의 예측,,"핵심감사사항에 대응하기 위하여 우리는 다음을 포함한 감사절차를 수행하였습니다 . - 현금창출단위 손상 회계처리 관련 회사의 정책, 프로세스 및 내부통제의 이해 - 사용가치 추정에 참여한 경영진측 전문가의 적격성과 독립성을 평가 - 사용가치 추정에 사용된 미래현금흐름이 경영진에 보고된 사업계획에 근거하여 산정되었는지 비교 - 추정치에 낙관적인 가정이 포함되었는지 사후적으로 확인하기 위하여 당기 실제 성과와 전기 추정을 비교 - 사용가치 추정에 사용된 매출성장율, 영업이익율, 장기성장율, 할인율 등 주요 가정의 합리성 평가 - 사용가치 계산의 정확성 검증",subhead
00349097,2024,(주)케이티스카이라이프,콘텐츠,20250318001057,연결,1,"주)케이티에이치씨엔(구, (주)에이치씨엔",,"핵심감사사항에 대응하기 위하여 우리는 다음을 포함한 감사절차를 수행하였습니다.- 현금창출단위 손상 회계처리 관련 회사의 정책, 프로세스 및 내부통제의 이해- 사용가치 추정에 참여한 경영진측 전문가의 적격성과 독립성을 평가- 사용가치 추정에 사용된 미래현금흐름이 경영진에 보고된 사업계획에 근거하여 산정되었는지 비교- 추정치에 낙관적인 가정이 포함되었는지 사후적으로 확인하기 위하여 당기 실제 성과와 전기 추정을 비교- 사용가치 추정에 사용된 매출성장율, 영업이익율, 장기성장율, 할인율 등 주요 가정의 합리성 평가- 사용가치 계산의 정확성 검증",subhead
00353762,2020,(주)키이스트,콘텐츠,20210317000477,연결,1,수익인식,"핵심감사사항은 우리의 전문가적 판단에 따라 당기 연결재무제표감사에서 가장 유의적인 사항들입니다. 해당 사항들은 연결재무제표 전체에 대한 감사의 관점에서 우리의 의견형성 시 다루어졌으며, 우리는 이런 사항에 대하여 별도의 의견을 제공하지는 않습니다. (1) 수익인식 연결재무제표에 대한 주석2에서 기술한 바와 같이 연결회사는 재화나 용역의 통제가 고객에게 이전되었을 때, 해당 재화나 용역의 대가로 받을 권리를 갖게 될 것으로 예상하는 대가를 반영하는 금액으로 수익을 인식하고 있습니다. 연결회사의 매출은 핵심 재무성과 지표 중 하나로, 이러한 특성은 목표성과 또는 기대치를 달성하기 위하여 적절하지 않은 기간에 수익이 인식될 고유위험을 내포하고 있다고 판단하였습니다. 따라서, 우리는 수익인식기간 귀속의 적정성을 핵심감사사항으로 선정하였습니다. 이와 관련하여 ","우리가 수행한 주요 감사절차는 다음과 같습니다. - 당기 중 발생한 매출거래에 대하여 표본추출방식을 이용한 세부실증절차 수행 - 수익인식에 대응되는 매출채권에 대해 표본추출방식을 이용한 외부조회 확인 - 매출유형별로 과거기간과의 실적비교, 월별 실적의 추세 분석 등 분석적절차 수행",lookback
00353762,2021,(주)키이스트,콘텐츠,20220321000859,연결,1,수익인식,"핵심감사사항은 우리의 전문가적 판단에 따라 당기 연결재무제표감사에서 가장 유의적인 사항들입니다. 해당 사항들은 연결재무제표 전체에 대한 감사의 관점에서 우리의 의견형성 시 다루어졌으며, 우리는 이런 사항에 대하여 별도의 의견을 제공하지는 않습니다. (1) 수익인식 연결재무제표에 대한 주석2에서 기술한 바와 같이 회사는 재화나 용역의 통제가 고객에게 이전되었을 때, 해당 재화나 용역의 대가로 받을 권리를 갖게 될 것으로 예상하는 대가를 반영하는 금액으로 수익을 인식하고 있습니다. 연결회사의 매출은 핵심 재무성과 지표 중 하나로, 이러한 특성은 목표성과 또는 기대치를 달성하기 위하여 적절하지 않은 기간에 수익이 인식될 고유위험을 내포하고 있다고 판단하였습니다. 따라서, 우리는 수익인식기간 귀속의 적정성을 핵심감사사항으로 선정하였습니다. 이와 관련하여 ","우리가 수행한 주요 감사절차는 다음과 같습니다. - 당기 중 발생한 매출거래에 대하여 표본추출방식을 이용한 세부실증절차 수행 - 보고기간말 전후 발생한 매출거래에 대한 수익인식의 기간귀속을 확인하는 절차 수행 - 수익인식에 대응되는 매출채권에 대해 표본추출방식을 이용한 외부조회 확인 - 매출유형별로 과거기간과의 실적비교, 월별 실적의 추세 분석 등 분석적절차 수행",lookback
00353762,2022,(주)키이스트,콘텐츠,20230321001077,별도,1,수익인식기간 귀속의 적정성,"핵심감사사항은 우리의 전문가적 판단에 따라 당기 재무제표감사에서 가장 유의적인사항들입니다. 해당 사항들은 재무제표 전체에 대한 감사의 관점에서 우리의 의견형성 시 다루어졌으며,우리는 이런 사항에 대하여 별도의 의견을 제공하지는 않습니다. (1) 수익인식재무제표에 대한 주석2에서 기술한 바와 같이 회사는 재화나 용역의 통제가 고객에게 이전되었을 때, 해당 재화나 용역의 대가로 받을 권리를 갖게 될 것으로 예상하는 대가를 반영하는 금액으로 수익을 인식하고 있습니다. 회사의 매출은 핵심 재무성과 지표 중 하나로, 이러한 특성은 목표성과 또는 기대치를 달성하기 위하여 적절하지 않은 기간에 수익이 인식될 고유위험을 내포하고 있다고 판단하였습니다. 따라서, 우리는 수익인식기간 귀속의 적정성을 핵심감사사항으로 선정하였습니다. 이와 관련하여 ","우리가 수행한 주요 감사절차는 다음과 같습니다. - 당기 중 발생한 매출거래에 대하여 표본추출방식을 이용한 세부실증절차 수행 - 보고기간말 전후 발생한 매출거래에 대한 수익인식의 기간귀속을 확인하는 절차 수행 - 수익인식에 대응되는 매출채권에 대해 표본추출방식을 이용한 외부조회 확인 - 매출유형별로 과거기간과의 실적비교, 월별 실적의 추세 분석 등 분석적절차 수행",decl
00353762,2023,(주)키이스트,콘텐츠,20240318000810,별도,1,수익인식기간 귀속의 적정성,"핵심감사사항은 우리의 전문가적 판단에 따라 당기 재무제표감사에서 가장 유의적인사항들입니다. 해당 사항들은 재무제표 전체에 대한 감사의 관점에서 우리의 의견형성 시 다루어졌으며, 우리는 이런 사항에 대하여 별도의 의견을 제공하지는 않습니다. (1) 수익인식재무제표에 대한 주석2에서 기술한 바와 같이 회사는 재화나 용역의 통제가 고객에게 이전되었을 때, 해당 재화나 용역의 대가로 받을 권리를 갖게 될 것으로 예상하는 대가를 반영하는 금액으로 수익을 인식하고 있습니다. 회사의 매출은 핵심 재무성과 지표 중 하나로, 이러한 특성은 목표성과 또는 기대치를 달성하기 위하여 적절하지 않은 기간에 수익이 인식될 고유위험을 내포하고 있다고 판단하였습니다. 따라서, 우리는 수익인식기간 귀속의 적정성을 핵심감사사항으로 선정하였습니다. 이와 관련하여 ","우리가 수행한 주요 감사절차는 다음과 같습니다. - 당기 중 발생한 매출거래에 대하여 표본추출방식을 이용한 세부실증절차 수행 - 보고기간말 전후 발생한 매출거래에 대한 수익인식의 기간귀속을 확인하는 절차 수행 - 수익인식에 대응되는 매출채권에 대해 표본추출방식을 이용한 외부조회 확인 - 매출유형별로 과거기간과의 실적비교, 월별 실적의 추세 분석 등 분석적절차 수행",decl
00353762,2024,(주)키이스트,콘텐츠,20250314001265,별도,1,수익인식기간 귀속의 적정성,"핵심감사사항은 우리의 전문가적 판단에 따라 당기 재무제표감사에서 가장 유의적인사항들입니다. 해당 사항들은 재무제표 전체에 대한 감사의 관점에서 우리의 의견형성 시 다루어졌으며, 우리는 이런 사항에 대하여 별도의 의견을 제공하지는 않습니다 (1) 수익인식재무제표에 대한 주석2에서 기술한 바와 같이 회사는 재화나 용역의 통제가 고객에게 이전되었을 때, 해당 재화나 용역의 대가로 받을 권리를 갖게 될 것으로 예상하는 대가를 반영하는 금액으로 수익을 인식하고 있습니다.회사의 매출은 핵심 재무성과 지표 중 하나로, 이러한 특성은 목표성과 또는 기대치를 달성하기 위하여 적절하지 않은 기간에 수익이 인식될 고유위험을 내포하고 있다고 판단하였습니다. 따라서, 우리는 수익인식기간 귀속의 적정성을 핵심감사사항으로 선정하였습니다.이와 관련하여 ","우리가 수행한 주요 감사절차는 다음과 같습니다. - 당기 중 발생한 매출거래에 대하여 표본추출방식을 이용한 세부실증절차 수행 - 보고기간말 전후 발생한 매출거래에 대한 수익인식의 기간귀속을 확인하는 절차 수행 - 수익인식에 대응되는 매출채권에 대해 표본추출방식을 이용한 외부조회 확인 - 매출유형별로 과거기간과의 실적비교, 월별 실적의 추세 분석 등 분석적절차 수행",decl
00364467,2019,(주)드림어스컴퍼니,콘텐츠,20200330003890,연결,1,추정하여,"핵심감사사항은 우리의 전문가적 판단에 따라 당기 연결재무제표 감사에서 가장 유의적인 사항들입니다. 해당 사항들은 연결재무제표 전체에 대한 감사의 관점에서 우리의 의견형성 시 다루어졌으며, 우리는 이런 사항에 대하여 별도의 의견을 제공하지는 않습니다. 영업권 손상평가 경영진은 매 보고기간 종료일마다 영업권의 회수가능액을 추정하여 손상 평가를 수행하고 있습니다. 연결재무제표에 대한 주석 12에서 설명한 바와 같이, 연결회사는 영업권의 장부금액이 회수가능액을 초과하는 경우 손상차손을 인식하고 있으며, 당기 중 연결회사는 LIFE DESIGN COMPANY Inc.와 관련한 영업권에 대해 20,594백만원의 손상차손을 인식하였습니다. 당기말 현재 연결회사가 손상평가 후 인식한 영업권의 잔액은 6,618백만원입니다. 당기말 현재 연결회사가 손상평가에 사용한 회수가능액은 사용가치이며, 사용가치는매출액, 영업비용, 성장률과 할인율의 예상치에 근거한 현금흐름을 할인하여 산출됩니다. 연결회사가 사용가치를 추정하는데 있어서 사용한 유의적 판단이 손상차손 금액의 결정에 미치는 잠재적인 영향을 고려 하여 우리는 영업권의 손상 평가를 핵심감사사항으로 식별하였습니다. 우리가 영업권의 손상평가와 관련하여 수행한 주요 ","감사절차는 다음과 같습니다. ① 영업권 평가결과 검토와 관련된 내부 통제 평가 ② 회사의 사업예산 추정의 정확성을 평가하기 위해 할인현금흐름을 포함한 전년도 예측치를 실제 결과와 비교 ③ 종속기업의 최근 사업계획, 과거 실적 비교를 통해 추정 매출, 영업비용 및 성장률을 포함한 사용가치 산정 시 사용된 주요 가정의 합리성 평가 ④ 관측가능한 정보로 재계산한 할인율과의 비교를 통해 적용된 할인율의 적정성을 평가하기 위한 내부의 가치평가 전문가 활용 ⑤ 평가에 사용된 할인율 및 영구성장률에 대한 민감도 분석을 통해 주요 가정의 변동에 따른 경영진의 평가결과에 미치는 영향 확인",lookback
00364467,2020,(주)드림어스컴퍼니,콘텐츠,20210322000628,연결,1,수익인식,"핵심감사사항은 우리의 전문가적 판단에 따라 당기 연결재무제표감사에서 가장 유의적인사항들입니다. 해당 사항들은 연결재무제표 전체에 대한 감사의 관점에서 우리의 의견형성 시 다루어졌으며, 우리는 이런 사항에 대하여 별도의 의견을 제공하지는않습니다. 수익인식 회사가 영위하는 음원판매는 다양한 서비스 및 요금제가 존재하며 고객과의 거래 건수가 많으므로, 수익인식을 위해서 다양한 기준을 적용하고 있습니다. 따라서 우리는회사의 수익인식기준 적용의 다양성으로 인해 회사의 음원판매 수익인식을 핵심감사사항으로 식별하였습니다. 우리가 수익인식과 관련하여 수행한 주요 감사 절차는 다음과 같습니다. - 회사의 음원판매에 대한 수익인식기준의 적정성을 검토하였습니다. - 회사의 음원판매에 대한 전산 자료와 회계자료를 서로 대사하였습니다. - 회사의 음원판매에 대한 고객과의 약정서를 표본추출하여 징구하였으며, 주요 계약조건에 대한 문서 검사를 수행하여 회사의 수익인식정책이 기업회계기준서 제1115호에 부합하는지 확인하였습니다.",,lookback
00364467,2021,(주)드림어스컴퍼니,콘텐츠,20220322000899,연결,1,우선주부채의 공정가치평가,"핵심감사사항은 우리의 전문가적 판단에 따라 당기 재무제표감사에서 가장 유의적인사항들입니다. 해당 사항들은 재무제표 전체에 대한 감사의 관점에서 우리의 의견형성 시 다루어졌으며, 우리는 이런 사항에 대하여 별도의 의견을 제공하지는 않습니다 우선주부채의 공정가치평가 회사는 당기 중에 전환우선주부채의 발행으로 인하여 기업회계기준서 제 1109호에 의하여 전환우선주부채에 대하여 공정가치평가를 수행하였으며, 회사의 경영진은 해당 공정가치 평가를 위하여 독립적인 외부전문가를 활용하였습니다. 우리는 전환우선주부채의 금액이 유의적이며, 공정가치평가에 사용된 가치평가모형의 선택 및 투입변수에는 회사 경영진의 유의적인 판단과 회계추정치를 수반하므로 전환우선주부채의 공정가치평가를 핵심감사사항으로 식별하였습니다. 우리가 수익인식과 관련하여 수행한 주요 감사 절차는 다음과 같습니다. - 외부전문가의 독립성과 적격성 확인 - 가치평가모형의 적정성 평가 - 전환우선주부채 계약의 이해 - 주요가정의 합리성 평가 - 주요 계산의 재수행",,lookback
00364467,2022,(주)드림어스컴퍼니,콘텐츠,20230322001279,연결,1,전환우선주의 공정가치평가 및 계정분류,"핵심감사사항은 우리의 전문가적 판단에 따라 당기 재무제표감사에서 가장 유의적인사항들입니다. 해당 사항들은 재무제표 전체에 대한 감사의 관점에서 우리의 의견형성 시 다루어졌으며, 우리는 이런 사항에 대하여 별도의 의견을 제공하지는 않습니다 전환우선주의 공정가치평가 및 계정분류 핵심감사사항으로 결정한 이유 재무제표에 대한 주석 16에서 기술한 바와 같이 회사는 전환우선주의 전환가격 조정조건이 존재함에 따라 자본 요건을 충족하지 못하는 것으로 판단하여, 당기손익공정가치측정금융부채로 지정하여 공정가액으로 측정하였으나, 당기 중 계약에 따른 전환가액조정한도(최초발행가의 70%)에 도달하여, 기준서1032호에 따른 자기지분상품의 확정가액 및 확정수량의 조건을 충족하여 금융부채에서 자본으로 재분류하였습니다.회사는 전환우선주의 발행을 통하여 자금조달을 수행하였으며, 전환우선주(부채)의 금액이 유의적이며, 공정가치평가에 사용된 가치평가모형의 선택 및 투입변수와 전환우선주(부채)의 계정 재분류에 회사 경영진의 유의적인판단과 회계추정치가 수반되므로 전환우선주(부채)의 공정가치평가와 전환우선주의 계정분류를 핵심감사사항으로 식별하였습니다.핵심감사사항이 감사에서 다루어진 방법우리가 전환우선주(부채)의 공정가치평가 및 계정분류와 관련하여 수행한 주요 감사 절차는 다음과 같습니다.- 전환우선주 계약서의 징구- 외부전문가의 독립성과 적격성 확인- 공정가치평가모형의 가정에 대한 합리성 평가- 전환우선주에 대한 회계정책 징구- 전환우선주에 대한 회계처리의 재수행- 전환우선주에 대한 회계정책에 대한 경영진 및 경영진 전문가와의 논의",,lookback
00364467,2023,(주)드림어스컴퍼니,콘텐츠,20240321000542,연결,1,음원 서비스 매출의 수익인식 기간 귀속,연결재무제표에 대한 주석 4에서 언급된 바와 같이 연결회사는 음원 서비스 매출에 대해서 고객이 계약기간동안 음원 서비스를 제공 받을 수 있도록 음원의 수급을 유지하고 음원을 제공하는 활동을 수행하고 있습니다. 연결재무제표에 대한 주석 4에서 설명하고 있는 바와 같이 연결회사는 음원 서비스 매출에 대해 계약된 기간에 걸쳐 이행하는 수행의무로 판단하고 있으며 잔여일수에 따라 매출을 이연하여 회계처리하고 있습니다. 잔여일수 데이터의 추출 과정에서 부정 또는 오류로 인해 연결재무제표에 왜곡표시가 발생할 위험이 존재함에 따라 경영진이 그 금액을 유의적으로 판단하는 바 음원 서비스 매출의 수익인식 기간귀속을 핵심감사사항으로 선정하였습니다.,음원 서비스 매출의 수익인식 기간귀속과 관련하여 우리가 수행한 주요감사절차는 다음과 같습니다.① 음원 서비스 매출 관련 내부통제활동의 설계 및 이행의 효과성 평가② 음원 서비스 매출의 기간 귀속 정확성을 위한 문서 검사 수행③ 음원 서비스 매출의 수익인식 회계처리의 적정성 검토④ 음원 서비스 매출의 상대계정 검토를 통한 이상항목 분석 및 문서 검사 수행,subhead
00364467,2024,(주)드림어스컴퍼니,콘텐츠,20250320000944,연결,1,플랫폼 사업 현금창출단위 영업권 손상평가,"연 결재무제표에 대한 주석 14에서 언급된 바와 같이 연결회사는 플랫폼 사업 현금창출단위 영업권에 대해 자산손상을 시사하는 징후와 관계없이 매년 회수가능액과 장부금액을 비교하여 손상평가를 수행하고 있습니다. 경영진은 영업권 손상평가시 회수가능액은 사용가치를 기초로 예상되는 미래현금흐름을 할인하여 결정하였습니다. 사용가치는 미래현금흐름의 추정을 위한 미래 영업수익, 인건비에 대해 경영진의 유의적인 판단이 필요합니다. 미래 영업수익과 인건비에 대한 가정의 변동이 연결회사의 회수가능액 추정에 미치는 영향이 유의적이고 불확실성이 존재하며 해당 영업권의 장부금액이 유의적인 점을 고려하여 해당 가정에 대한 검토를 핵심감사사항으로 선정하였습니다.",플랫폼 사업 현금창출단위 영업권 손상평가와 관련하여 우리가 수행한 주요감사절차는 다음과 같습니다.① 미래 영업수익과 인건비 가정에 대한 내부통제활동의 설계 및 운영의 효과성 평가② 미래 영업수익과 인건비에 대해 경영진이 승인한 최근 사업계획과의 비교를 통해 적정성을 평가③ 소급적 검토를 통한 과거 공정가치 평가 시 활용한 과거 시점의 미래 영업수익 및 인건비 추정치를 당기 실적과 비교하여 미래 영업수익 및 인건비 추정의 합리성 평가④ 내부 평가전문가를 활용하여 미래 영업수익 및 인건비 가정의 타당성 및 회수가능액의 적정성을 평가⑤ 경영진 측 외부 전문가의 적격성 및 객관성을 검토,subhead
00364795,2019,(주)레드로버,콘텐츠,20200824000087,연결,1,애니메이션프로젝트관련 주요 자산에 대한 손실충당금,"핵심감사사항은 우리의 전문가적 판단에 따라 당기 연결재무제표감사에서 가장 유의적인 사항입니다. 해당 사항은 연결재무제표 전체에 대한 감사의 관점에서 우리의 의견형성시 다루어졌으며, 우리는 이런 사항에 대하여 별도의 의견을 제공하지는 않습니다. 애니메이션프로젝트관련 주요 자산에 대한 손실충당금 지배회사는 애니메이션 제작 및 판매를 주요 사업으로 영위하여 왔는 바, 애니메이션프로젝트는 외부투자 활성화를 위하여 각 프로젝트별로 특수목적법인인 문화산업전문회사를 설립하여 독립적으로 운영하고 있습니다. 문화산업전문회사는 지배회사 및외부투자로부터 프로젝트투자자금을 조달하여 동 자금을 지배회사에 애니메이션 제작대금으로 지급하고 애니메이션을 제작 완성한 후,이를 상영하여 발생되는 라이센스매출대금으로 프로젝트투자금등을 상환합니다.이러한 과정에서 지배회사와 문화산업전문회사 간 프로젝트투자거래 및 애니메이션제작거래가 발생하며 이에 따라 지배회사는 문화산업전문회사에 대한 프로젝트투자금 및 애니메이션제작 매출채권등 자산이 발생합니다. 이와 같이 애니메이션프로젝트와 관련하여 지배회사는 애니메이션제작 매출채권 및 프로젝트투자금을 주요 자산으로 계상하고 있는 바, 지배회사의 전기말 별도재무상태표를 기준으로 애니메이션프로젝트관련 주요 자산은 자산총계의 68.3%(당기 감사전 별도재무상태표 기준:55.1%)로서 연결재무제표에서의 중요성을 고려할 때 감사사항중 유의적인 항목입니다. 따라서 우리는 애니메이션프로젝트관련 주요 자산에 대한 손실충당금의 적정성을 핵심감사사항으로 선정하였습니다. 핵심감사사항에 대응하기 위한 우리의 감사절차는 다음을 포함하고 있습니다. ㆍ애니메이션프로젝트관련 중요계약서 및 회계장부등 관련문서를 검토하여 애니메이션제작 매출채권 및 프로젝트투자금에 대한 실재성 확인 ㆍ애니메이션프로젝트의 수익실현가능성 및 관련 분배약정등을 검토하여 애니메이션제작 매출채권 및 프로젝트투자금에 대한 손실충당금의 적정성검토",,lookback
00364795,2020,(주)레드로버,콘텐츠,20210322001063,연결,1,애니메이션프로젝트관련 주요 자산에 대한 손실충당금,"핵심감사사항은 우리의 전문가적 판단에 따라 당기 연결재무제표감사에서 가장 유의적인사항입니다. 해당 사항은 연결재무제표 전체에 대한 감사의 관점에서 우리의 의견형성시 다루어졌으며, 우리는 이런 사항에 대하여 별도의 의견을 제공하지는 않습니다. 애니메이션프로젝트관련 주요 자산에 대한 손실충당금 회사는 애니메이션 제작 및 판매를 주요 사업으로 영위하여 왔는 바, 애니메이션프로젝트는 외부투자 활성화를 위하여 각 프로젝트별로 특수목적법인인 문화산업전문회사를 설립하여 독립적으로 운영하고 있습니다. 문화산업전문회사는 회사 및 외부투자로부터 프로젝트투자자금을 조달하여 동 자금을 회사에 애니메이션 제작대금으로 지급하고 애니메이션을 제작 완성한 후,이를 상영하여 발생되는 라이센스매출대금으로 프로젝트투자금등을 상환합니다.이러한 과정에서 회사와 문화산업전문회사 간 프로젝트투자거래 및 애니메이션제작거래가 발생하며 이에 따라 회사는 문화산업전문회사에 대한프로젝트투자금 및 애니메이션제작 매출채권등 자산이 발생합니다. 이와같이 애니메이션프로젝트와 관련하여 회사는 애니메이션제작 매출채권 및 프로젝트투자금을 주요 자산으로 계상하고 있는 바, 당기말 애니메이션프로젝트관련 주요 자산은 총자산의 40.1%(별도 재무상태표 기준)로서 재무제표에서의 중요성을 고려할 때 감사사항중 유의적인 항목입니다. 따라서 우리는 애니메이션프로젝트관련 주요 자산에 대한 손실충당금의 적정성을 핵심감사사항으로 선정하였습니다. 핵심감사사항에 대응하기 위한 우리의 감사절차는 다음을 포함하고 있습니다. ㆍ애니메이션프로젝트관련 중요계약서 및 회계장부등 관련문서를 검토하여 애니메이션제작 매출채권 및 프로젝트투자금에 대한 실재성 확인 ㆍ애니메이션프로젝트의 수익실현가능성 및 관련 분배약정등을 검토하여 애니메이션제작 매출채권 및 프로젝트투자금에 대한 손실충당금의 적정성검토",,lookback
00370006,2020,(주)아이엠비씨,콘텐츠,20210322000753,연결,1,특수관계자 거래의 발생사실과 표시,"핵심감사사항은 우리의 전문가적 판단에 따라 당기 연결재무제표감사에서 가장 유의적인사항들입니다. 해당 사항들은 연결재무제표 전체에 대한 감사의 관점에서 우리의 의견형성시 다루어졌으며, 우리는 이런 사항에 대하여 별도의 의견을 제공하지는 않습니다. 가. 특수관계자 거래의 발생사실과 표시 2020 회계연도 중 회사의 특수관계자와의 영업수익 및 영업비용은 각각 9,887백만원과 10,256백만원입니다. 이는 회사 전체 영업수익 및 영업비용의 약 22%와 24%를 차지하고 있습니다. 우리는 특수관계자와의 유의적인 거래가 재무제표에 미치는 영향에 대하여 관심을 기울였습니다. 따라서 특수관계자와의 거래에 대한 발생사실과 재무제표 표시를 핵심감사사항으로 판단하였습니다. 관련 내용은 재무제표 주석 31에 표시되어 있습니다. 당기말 현재 회사의 특수관계자 거래의 발생사실과 표시에 대하여 ","우리가 수행한 주요 감사절차는 다음과 같습니다. ① 특수관계자로부터의 매출 및 매입거래와 관련하여 경영진이 수행하는 통제활동에 대하여 이해 및 평가를 수행 ② 특수관계자 수익(실재성) 및 비용(완전성)의 확인을 위해 표본추출방법을 이용하 여 계약서, 세금계산서, 정산서, 입출금증 등의 관련 문서와 대사 수행 ③ 특수관계자 거래가 회계처리기준에 따라 적합하게 공시되었는지 검토",lookback
00370006,2021,(주)아이엠비씨,콘텐츠,20220322000895,연결,1,매출 관련 수익의 적정성,"핵심감사사항은 우리의 전문가적 판단에 따라 당기 연결재무제표감사에서 가장 유의적인사항들입니다. 해당 사항들은 연결재무제표 전체에 대한 감사의 관점에서 우리의 의견형성시 다루어졌으며, 우리는 이런 사항에 대하여 별도의 의견을 제공하지는 않습니다. 가. 매출 관련 수익의 적정성 2021 회계연도 중 연결회사의 콘텐츠매출액은 전체 영업수익의 대부분을 차지합니다. 또한 수익의 인식과 관련하여서는 고유한 위험이 존재하며, 이러한 관점에서 수익의 인식과 관련한 기간귀속 및 과대 계상오류의 가능성이 존재한다고 가정합니다. 따라서 매출 관련 수익의 적정성을 핵심감사사항으로 판단하였습니다. 당기말 현재 연결회사의 매출 관련 수익의 적정성에 대하여 ","우리가 수행한 주요 감사절차는 다음과 같습니다. ① 총액 또는 순액 이슈 등 매출수익계상에 관한 인식기준 및 회계처리의 타당성 검토 ② 당기 중 발생한 매출거래에 대하여 표본을 추출하여 제품 수령에 대한 증거로 고객이 서명한 정산서, 거래명세서 등과 일치하는지 문서검사 ③ 보고기간말에 근접하여 발생한 매출의 인식시점이 고객이 서명한 인수증상 기록된 인수일자와 일치하는지 문서검사",lookback
00370006,2022,(주)아이엠비씨,콘텐츠,20230322001119,연결,1,특수관계자와의 거래에 대한 발생사실과 연결재무제표 표시,"핵심감사사항은 우리의 전문가적 판단에 따라 당기 연결재무제표감사에서 가장 유의적인사항들입니다. 해당 사항들은 연결재무제표 전체에 대한 감사의 관점에서 우리의 의견형성시 다루어졌으며, 우리는 이런 사항에 대하여 별도의 의견을 제공하지는 않습니다.가. 특수관계자 거래의 발생사실과 표시 2022 회계연도 중 연결회사의 특수관계자와의 영업수익 및 영업비용은 각각 12,888백만원과 12,270백만원입니다. 이는 연결회사 전체 영업수익 및 영업비용의 약 36%를 차지하고 있습니다. 우리는 특수관계자와의 유의적인 거래가 연결재무제표에 미치는 영향에 대하여 관심을 기울였습니다. 따라서 특수관계자와의 거래에 대한 발생사실과 연결재무제표 표시를 핵심감사사항으로 판단하였습니다. 관련 내용은 연결재무제표 주석 31에 표시되어 있습니다. 당기말 현재 회사의 특수관계자 거래의 발생사실과 표시에 대하여 ","우리가 수행한 주요 감사절차는 다음과 같습니다.① 특수관계자로부터의 매출 및 매입거래와 관련하여 경영진이 수행하는 통제활동에 대하여 이해 및 평가를 수행 ② 특수관계자 수익(실재성) 및 비용(완전성)의 확인을 위해 표본추출방법을 이용하 여 계약서, 세금계산서, 정산서, 입출금증 등의 관련 문서와 대사 수행③ 특수관계자 거래가 회계처리기준에 따라 적합하게 공시되었는지 검토",decl
00370006,2023,(주)아이엠비씨,콘텐츠,20240320001641,연결,1,특수관계자와의 거래에 대한 발생사실과 재무제표 표시,"핵심감사사항은 우리의 전문가적 판단에 따라 당기 연결재무제표 감사에서 가장 유의적인사항들입니다. 해당 사항들은 연결재무제표 전체에 대한 감사의 관점에서 우리의 의견형성시 다루어졌으며, 우리는 이런 사항에 대하여 별도의 의견을 제공하지는 않습니다. (1) 특수관계자 거래의 발생사실과 표시2023회계연도 중 연결회사의 특수관계자와의 영업수익 및 영업비용은 각각 12,400백만원과 12,761백만원입니다. 이는 연결회사 전체 영업수익 및 영업비용의 약 39%를 차지하고 있습니다. 우리는 특수관계자와의 유의적인 거래가 재무제표에 미치는 영향에 대하여 관심을 기울였습니다. 따라서 특수관계자와의 거래에 대한 발생사실과 재무제표 표시를 핵심감사사항으로 판단하였습니다. 관련 내용은 재무제표 주석 32에 표시되어 있습니다.당기말 현재 연결회사의 특수관계자 거래의 발생사실과 표시에 대하여 ",우리가 수행한 주요 감사절차는 다음과 같습니다.- 특수관계자로부터의 매출 및 매입거래와 관련하여 경영진이 수행하는 통제활동에 대하여 이해 및 평가를 수행- 표본추출을 통하여 거래단위 증빙을 확인하는 실증테스트를 수행- 중요한 잔액에 대해 채권채무조회 수행- 특수관계자 거래가 회계처리기준에 따라 적합하게 공시되었는지 확인,decl
00370006,2024,(주)아이엠비씨,콘텐츠,20250320001124,연결,1,"8,254백만원과 9,872백만원","핵심감사사항은 우리의 전문가적 판단에 따라 당기 연결재무제표 감사에서 가장 유의적인사항들입니다. 해당 사항들은 연결재무제표 전체에 대한 감사의 관점에서 우리의 의견형성시 다루어졌으며, 우리는 이런 사항에 대하여 별도의 의견을 제공하지는 않습니다. (1) 특수관계자 거래의 발생사실과 표시2024회계연도 중 연결회사의 특수관계자와의 거래에서 발생한 영업수익 및 영업비용은 각각 8,254백만원과 9,872백만원 입니다. 이는 연결회사 전체 영업수익 및 영업비용의 약 20%를 차지하고 있습니다. 우리는 특수관계자와의 유의적인 거래가 재무제표에 미치는 영향에 대하여 관심을 기울였습니다. 따라서 특수관계자와의 거래에 대한 발생사실과 재무제표 표시를 핵심감사사항으로 판단하였습니다. 관련 내용은 재무제표 주석 33에 표시되어 있습니다.당기말 현재 연결회사의 특수관계자 거래의 발생사실과 표시에 대하여 ",우리가 수행한 주요 감사절차는 다음과 같습니다.- 특수관계자로부터의 매출 및 매입거래와 관련하여 경영진이 수행하는 통제활동에 대하여 이해 및 평가를 수행- 표본추출을 통하여 거래단위 증빙을 확인하는 실증테스트를 수행- 중요한 잔액에 대해 채권채무조회 수행- 특수관계자 거래가 회계처리기준에 따라 적합하게 공시되었는지 확인,lookback
00397058,2020,주식회사 엠게임,게임,20210319000589,연결,1,게임서비스 수익 인식,"핵심감사사항은 우리의 전문가적 판단에 따라 당기 연결재무제표감사에서 가장 유의적인 사항입니다. 해당 사항은 연결재무제표 전체에 대한 감사의 관점에서 우리의 의견형성 시 다루어졌으며, 우리는 이런 사항에 대하여 별도의 의견을 제공하지는 않습니다. 게임서비스 수익 인식 연결재무제표에 대한 주석 3에서 설명하는 바와 같이 연결회사는 고객과의 계약에서구별되는 수행의무를 식별하고 의무를 이행한 시점에 수익을 인식합니다. 연결회사의 영업수익에서 게임서비스 수익이 차지하는 비중이 유의적이며, 대부분 연결회사와 게임을 이용하는 고객 간의 거래로 이루어져 있어 연결회사가 고객과 체결한 계약의 복잡성 및 다양성은 제한적이지만 처리하여야 할 거래 건수는 매우 많습니다. 또한, 게임서비스 수익은 연결회사의 주요 성과지표 중 하나이고 게임서비스 수익이 적절하지 않은 기간에 인식되거나 목표 또는 기대치 달성을 위한 부정의 발생 등 고유위험을 불러일으킬 수 있으므로 우리는 게임서비스 수익 인식을 핵심감사사항으로 식별하였습니다. 우리가 게임서비스 수익 인식과 관련하여 수행한 주요 ",감사절차는 다음과 같습니다. - 연결회사의 회계정책 및 수익인식 프로세스에 대한 이해 - 수익인식 프로세스와 관련된 내부통제의 유효성 평가 - 게임서비스 제공 관련 주요 계약사항에 대한 검토 - 매출로 인식된 금액 중 샘플로 선정된 항목에 대한 관련 증빙 확인 및 회계처리에 대한 입증감사 절차 수행 - 미사용 아이템과 관련된 이연수익의 검토,lookback
00397058,2021,주식회사 엠게임,게임,20220318000409,연결,1,게임서비스 수익 인식,"핵심감사사항은 우리의 전문가적 판단에 따라 당기 연결재무제표감사에서 가장 유의적인 사항입니다. 해당 사항은 연결재무제표 전체에 대한 감사의 관점에서 우리의 의견형성 시 다루어졌으며, 우리는 이런 사항에 대하여 별도의 의견을 제공하지는 않습니다. 게임서비스 수익 인식 연결재무제표에 대한 주석 3에서 설명하는 바와 같이 연결회사는 고객과의 계약에서구별되는 수행의무를 식별하고 의무를 이행한 시점에 수익을 인식합니다. 연결회사의 영업수익에서 게임서비스 수익이 차지하는 비중이 유의적이며, 대부분 연결회사와 게임을 이용하는 고객 간의 거래로 이루어져 있어 연결회사가 고객과 체결한 계약의 복잡성 및 다양성은 제한적이지만 처리하여야 할 거래 건수는 매우 많습니다. 또한, 게임서비스 수익은 연결회사의 주요 성과지표 중 하나이고 게임서비스 수익이 적절하지 않은 기간에 인식되거나 목표 또는 기대치 달성을 위한 부정의 발생 등 고유위험을 불러일으킬 수 있으므로 우리는 게임서비스 수익 인식을 핵심감사사항으로 식별하였습니다. 우리가 게임서비스 수익 인식과 관련하여 수행한 주요 ",감사절차는 다음과 같습니다. - 연결회사의 회계정책 및 수익인식 프로세스에 대한 이해 - 수익인식 프로세스와 관련된 내부통제의 유효성 평가 - 게임서비스 제공 관련 주요 계약사항에 대한 검토 - 매출로 인식된 금액 중 샘플로 선정된 항목에 대한 관련 증빙 확인 및 회계처리에 대한 입증감사 절차 수행 - 미사용 아이템과 관련된 이연수익의 검토,lookback
00397191,2020,(주)팬엔터테인먼트,콘텐츠,20210317000983,연결,1,수익의 발생사실,,상기 핵심감사사항과 관련하여 우리가 수행한 주요 감사절차는 다음과 같습니다. - 회사의 수익인식 회계정책 및 회계처리의 적절성 검토 - 매출 유형별 내부 통제에 대한 이해와 평가 - 보고기간 중 수익으로 기록된 거래를 표본추출하여 거래 원천 증빙과 비교 대사 - 수익인식에 대응되는 매출채권에 대해 표본추출 방식을 이용한 외부조회 확인,subhead
00397191,2021,(주)팬엔터테인먼트,콘텐츠,20220317001238,별도,1,수익의 발생사실,,상기 핵심감사사항과 관련하여 우리가 수행한 주요 감사절차는 다음과 같습니다. - 회사의 수익인식 회계정책 및 회계처리의 적정성 검토 - 매출 유형별 내부 통제에 대한 이해와 평가 - 보고기간 중 수익으로 기록된 거래를 표본추출하여 거래 원천 증빙과 비교 대사 - 수익인식에 대응되는 매출채권에 대해 표본추출 방식을 이용한 외부조회 확인,subhead
00397191,2023,(주)팬엔터테인먼트,콘텐츠,20240320000974,별도,1,복합금융상품의 평가,"핵심감사사항은 우리의 전문가적 판단에 따라 당기 재무제표감사에서 가장 유의적인사항들입니다. 해당 사항들은 재무제표 전체에 대한 감사의 관점에서 우리의 의견형성 시 다루어졌으며 우리는 이런 사항에 대하여 별도의 의견을 제공하지는 않습니다. 복합금융상품의 평가 (1) 핵심감사사항으로 결정한 이유회사는 과거 사모전환사채를 발행, 당기 중 사채의 일부를 상환하였으며, 이후 추가로 사모교환사채를 발행하였습니다. 회사가 발행한 전환사채 및 교환사채는 상환권과 전환권(교환권)이 내재되어 있는 복합금융상품으로 회사는 행사일 및 매 결산시마다 공정가치평가를 수행하고 관련 평가손익을 포괄손익계산서에 당기손익으로 인식하고 있습니다.전환사채 및 교환사채의 공정가치 평가에는 복잡한 가치평가 모델이 사용되며 공정가치에 영향을 미치는 주가변동성, 할인율 등의 주요 가정에 경영진의 판단이 개입되고 관련 평가손익이 재무제표에 미치는 영향이 중요함에 따라 복합금융상품의 평가를 핵심감사사항으로 식별하였습니다.(2) 핵심감사사항이 감사에서 다루어진 방법 상기 핵심감사사항과 관련하여 ","우리가 수행한 주요 감사절차는 다음과 같습니다. - 경영진측 외부전문가의 객관성 및 적격성 평가- 전환사채 및 교환사채 계약서상 명시된 발행금액, 전환(교환)가격 및 전환(교환)주식수의 정확성 확인- 공정가치 평가에 사용된 방법론과 주가변동성, 할인율 등 사용된 가정의 적정성 확인",lookback
00397252,2020,(주)조이시티,게임,20210317000894,연결,1,이연법인세자산의 실현가능성 평가,"연결재무제표에 대한 주석 21에서 기술된 바와 같이, 연결회사는 충분한 가산할 일시적차이가 있 거나 미사용 세무상결손금 등이 사용될 수 있는 충분한 미래 과세 소득이 발생할 것으로 예상되는 부분에 대하여 이연법 인세자산을 인식하고 있습니다. 이연법인세자산의 실현가능성 평가는 예상과세소득 추정에 대해 경영진의 판단을 요구하기 때문에 복잡성을 내포하고 있습니다. 2020년 12월 31일 현재 연결재무상태표에 인식된 이연법인세자산은 5,031백만원입니다. 우리는 예상과세소득의 추정에 사용되는 영업수익 및 영업비용과 같은 주요 변수들의 추정에 경영진의 유의적인 판단이 포함되므로 이연법인세자산의 실현가능성에 관심을 기울였습니다.",이연법인세자산의 실현가능성 평가와 관련하여 우리는 다음을 포함한 주요 감사절차를 수행하였습니다. - 연결회사가 이연법인세 자산성 평가시 적용한 경영계획에 대해 질문 및 검토 수행 - 연결회사가 이연법인세 자산성 평가시 적용한 손익추정자료와 경영진이 승인한 경영계획과의 일치여부 검증 - 연결회사가 제시한 이연법인세자산 데이터의 재계산 검증,subhead
00397252,2021,(주)조이시티,게임,20220321001510,연결,1,이연법인세자산의 실현가능성 평가,"연결재무제표에 대한 주석 23에서 기술된 바와 같이, 연결회사는 충분한 가산할 일시적차이가 있거나 이월세액공제 등이 사용될 수 있는 충분한 미래 과세 소득이 발생할 것으로 예상되는 부분에 대하여 이연법인세자산을 인식하고 있습니다. 이연법인세자산의 실현가능성 평가는 예상과세소득 추정에 대해 경영진의 판단을 요구하기 때문에 복잡성을 내포하고 있습니다. 2021년 12월 31일 현재 연결재무상태표에 인식된 이연법인세자산은 6,315백만원입니다. 우리는 예상과세소득의 추정에 사용되는 영업수익 및 영업비용과 같은 주요 변수들의 추정에 경영진의 유의적인 판단이 포함되므로 이연법인세자산의 실현가능성에 관심을 기울였습니다.","이연법인세자산의 실현가능성 평가와 관련하여 우리는 다음을 포함한 주요 감사절차를 수행하였습니다. - 연결회사가 이연법인세 자산성 평가시 적용한 손익추정자료가 경영진이 승인한 경영계획에 근거하여 작성되었는지 검토 - 과세소득 추정에 사용된 주요 가정이 합리적인지 검토 - 차감할 일시적차이의 예상소멸시기, 이월세액공제의 만기일을 고려한 미래의 과세소득 발생가능성에 대한 검토 - 연결회사가 제시한 이연법인세자산 데이터의 재계산 검토",subhead
00397252,2023,(주)조이시티,게임,20240319000003,연결,1,회사는 충분한 가산할 일시적차이가 있거나 이월세액공제 등이 사용될 수 있는 충분한 미래 과세 소득이 발생할,"핵심감사사항은 우리의 전문가적 판단에 따라 당기 연결재무제표감사에서 가장 유의적인 사항들입니다. 해당 사항들은 연결재무제표 전체에 대한 감사의 관점에서 우리의 의견형성 시 다루어 졌으며, 우리는 이런 사항에 대하여 별도의 의견을 제공하지는 않습니다. (핵심감사사항) 이연법인세자산의 실현가능성 평가연결재무제표에 대한 주석 22에서 기술된 바와 같이, 회사는 충분한 가산할 일시적차이가 있거나 이월세액공제 등이 사용될 수 있는 충분한 미래 과세 소득이 발생할 것으로 예상되는 부분에 대하여 이연법인세자산을 인식하고 있습니다. 이연법인세자산의 실현가능성 평가는 예상과세소득 추정에 대해 경영진의 판단을 요구하기 때문에 복잡성을 내포하고 있습니다. 2023년 12월 31일 현재 연결재무상태표에 인식된 이연법인세자산은 4,328백 만원입니다. 우리는 예상과세소득의 추정에 사용되는 영업수익 및 영업비용과 같은 주요 변수들의 추정에 경영진의 유의적인 판단이 포함되므로,이를 핵심감사사항으로 결정하였습니다. 이연법인세자산의 실현가능성 평가와 관련하여 ","우리가 수행한 주요 감사절차는 다음과 같습니다.- 회사가 이연법인세 자산성 평가 시 적용한 손익추정자료가 경영진이 승인한 경영계획에 근거하여 작성되었는지 검토- 과세소득 추정에 사용된 주요 가정이 합리적인지 검토- 차감할 일시적차이의 예상소멸시기, 이월세액공제의 만기일을 고려한 미래의 과세소득 발생가능성에 대한 검토",paren
00397252,2024,(주)조이시티,게임,20250318001172,연결,1,이연법인세자산의 실현가능성 평가,"연결재무제표에 대한 주석 22에서 기술된 바와 같이, 회사는 충분한 가산할 일시적차이가 있거나 이월세액공제 등이 사용될 수 있는 충분한 미래 과세 소득이 발생할 것으로 예상되는 부분에 대하여 이연법인세자산을 인식하고 있습니다. 이연법인세자산의 실현가능성 평가는 예상과세소득 추정에 대해 경영진의 판단을 요구하기 때문에 복잡성을 내포하고 있습니다. 2024년 12월 31일 현재 연결재무상태표에 인식된 이연법인세자산은 4,371 백만원입니다. 우리는 예상과세소득의 추정에 사용되는 영업수익 및 영업비용과 같은 주요 변수들의 추정에 경영진의 유의적인 판단이 포함되므로,이를 핵심감사사항으로 결정하였습니다.","이연법인세자산의 실현가능성 평가와 관련하여 우리가 수행한 주요 감사절차는 다음과 같습니다.- 회사가 이연법인세 자산성 평가 시 적용한 손익추정자료가 경영진이 승인한 경영계획에 근거하여 작성되었는지 검토- 과세소득 추정에 사용된 주요 가정이 합리적인지 검토- 차감할 일시적차이의 예상소멸시기, 이월세액공제의 만기일을 고려한 미래의 과세소득 발생가능성에 대한 검토",subhead
00405320,2019,(주)웹젠,게임,20200327001194,연결,1,영업권 손상평가,"우리는 영업권 금액의 규모(2019년 12월 31일 현재 28,310백만원)가 유의적이며, 회사의 현금창출단위의 사용가치 평가에 포함된 미래현금흐름 추정에는 미래 사업에 대한 예상과 할인율에 대한 경영진의 판단이 포함되므로 영업권의 손상검사에 관심을 기울였습니다. 관련 내용은 회사의 연결재무제표 주석 16에 표시되어 있습니다. 특히, 우리는 2019년 12월 31일 현재 장부가액이 28,186백만원으로서 영업권 금액 구성항목 중 가장 유의적인 ㈜웹젠 현금창출단위와 관련된 영업권 손상평가에 집중된 감사절차를 수행하였습니다. 우리는 관련된 영업권 잔액의 규모로 인해 이 영역에 관심을 기울였습니다. 우리는 영업권에 대한 손상을 평가하는 과정이 복잡하고, 매출성장률 및 할인율을 포함한 경영진의 판단 및 추정에 따라 손상평가의 결과가 상이하게 결정될 수 있다는 점을 고려하여, ㈜웹젠 현금창출단위의 영업권 손상평가를 핵심감사사항으로 결정하였습니다.","핵심감사사항에 대응하기 위하여 우리는 다음을 포함한 감사절차를 수행하였습니다. - 경영진이 사용가치 추정에 사용한 가치평가모델의 적절성을 평가 - 미래 현금흐름 추정이 이사회(경영진)에서 승인한 사업계획과 일치하는지 확인 - 추정치에 낙관적인 가정이 포함되었는지 사후적으로 확인하기 위하여 당기 실제성과와 전기 추정을 비교 - 사용가치 추정에 사용된 주요 가정의 합리성 평가 ㆍ현금창출단위의 매출성장률, 영업이익률 및 투자활동 예측이 과거성과와 비교하여 일관성이 있는지 확인 ㆍ경제 및 산업 예측과 장기성장율을 비교 ㆍ관측가능한 정보를 사용하여 독립적으로 계산된 할인율을 경영진이 적용한 할인율과 비교",subhead
00405320,2020,(주)웹젠,게임,20210311000605,연결,1,영업권 손상평가,"우리는 영업권 금액의 규모(2020년 12월 31일 현재 28,186백만원)가 유의적이며, 회사의 현금창출단위의 사용가치 평가에 포함된 미래현금흐름 추정에는 미래 사업에 대한 예상과 할인율에 대한 경영진의 판단이 포함되므로 영업권의 손상검사에 관심을 기울였습니다. 관련 내용은 회사의 연결재무제표 주석 16에 표시되어 있습니다. 우리는 영업권에 대한 손상을 평가하는 과정이 복잡하고, 매출성장률 및 할인율을 포함한 경영진의 판단 및 추정에 따라 손상평가의 결과가 상이하게 결정될 수 있다는 점을 고려하여, 주식회사 웹젠 현금창출단위의 영업권 손상평가를 핵심감사사항으로결정하였습니다.","핵심감사사항에 대응하기 위하여 우리는 다음을 포함한 감사절차를 수행하였습니다. - 경영진이 사용가치 추정에 사용한 가치평가모델의 적절성을 평가 - 미래 현금흐름 추정이 이사회(경영진)에서 승인한 사업계획과 일치하는지 확인 - 추정치에 낙관적인 가정이 포함되었는지 사후적으로 확인하기 위하여 당기 실제성과와 전기 추정을 비교 - 사용가치 추정에 사용된 주요 가정의 합리성 평가 ㆍ현금창출단위의 매출성장률, 영업이익률 및 투자활동 예측이 과거성과와 비교하여 일관성이 있는지 확인 ㆍ경제 및 산업 예측과 장기성장율을 비교 ㆍ관측가능한 정보를 사용하여 독립적으로 계산된 할인율을 경영진이 적용한 할인율과 비교",subhead
00405320,2021,(주)웹젠,게임,20220316000678,연결,1,영업권 손상평가,"우리는 영업권 금액의 규모(2021년 12월 31일 현재 28,186백만원)가 유의적이며, 회사의 현금창출단위의 사용가치 평가에 포함된 미래현금흐름 추정에는 미래 사업에 대한 예상과 할인율에 대한 경영진의 판단이 포함되므로 영업권의 손상검사에 관심을 기울였습니다. 관련 내용은 회사의 연결재무제표 주석 16에 표시되어 있습니다. 우리는 영업권에 대한 손상을 평가하는 과정이 복잡하고, 매출성장률 및 할인율을 포함한 경영진의 판단 및 추정에 따라 손상평가의 결과가 상이하게 결정될 수 있다는 점을 고려하여, 주식회사 웹젠 현금창출단위의 영업권 손상평가를 핵심감사사항으로결정하였습니다.","핵심감사사항에 대응하기 위하여 우리는 다음을 포함한 감사절차를 수행하였습니다. - 경영진이 사용가치 추정에 사용한 가치평가모델의 적절성을 평가 - 미래 현금흐름 추정이 이사회(경영진)에서 승인한 사업계획과 일치하는지 확인 - 추정치에 낙관적인 가정이 포함되었는지 사후적으로 확인하기 위하여 당기 실제성과와 전기 추정을 비교 - 사용가치 추정에 사용된 주요 가정의 합리성 평가 ㆍ현금창출단위의 매출성장률, 영업이익률 및 투자활동 예측이 과거성과와 비교하여 일관성이 있는지 확인 ㆍ경제 및 산업 예측과 장기성장율을 비교 ㆍ관측가능한 정보를 사용하여 독립적으로 계산된 할인율을 경영진이 적용한 할인율과 비교",subhead
00405320,2022,(주)웹젠,게임,20230323000286,연결,1,주식회사 웹젠 현금창출단위의 영업권 손상평가,"핵심감사사항은 우리의 전문가적 판단에 따라 당기 연결재무제표감사에서 가장 유의적인 사항입니다. 해당 사항은 연결재무제표 전체에 대한 감사의 관점에서 우리의 의견형성 시 다루어졌으며, 우리는 이런 사항에 대하여 별도의 의견을 제공하지는 않습니다. 영업권 손상평가핵심감사사항으로 결정된 이유 우리는 영업권 금액의 규모(2022년 12월 31일 현재 28,186백만원)가 유의적이며, 회사의 현금창출단위의 사용가치 평가에 포함된 미래현금흐름 추정에는 미래 사업에 대한 예상과 할인율에 대한 경영진의 판단이 포함되므로 영업권의 손상검사에 관심을 기울였습니다. 관련 내용은 회사의 연결재무제표 주석 16에 표시되어 있습니다.우리는 영업권에 대한 손상을 평가하는 과정이 복잡하고, 매출성장률 및 할인율을 포함한 경영진의 판단 및 추정에 따라 손상평가의 결과가 상이하게 결정될 수 있다는 점을 고려하여, 주식회사 웹젠 현금창출단위의 영업권 손상평가를 핵심감사사항으로결정하였습니다. 핵심감사사항이 감사에서 다루어진 방법 핵심감사사항에 대응하기 위하여 우리는 다음을 포함한 감사절차를 수행하였습니다. - 경영진이 사용가치 추정에 사용한 가치평가모델의 적절성을 평가 - 미래 현금흐름 추정이 이사회(경영진)에서 승인한 사업계획과 일치하는지 확인 - 추정치에 낙관적인 가정이 포함되었는지 사후적으로 확인하기 위하여 당기 실제성과와 전기 추정을 비교 - 사용가치 추정에 사용된 주요 가정의 합리성 평가ㆍ현금창출단위의 매출성장률, 영업이익률 및 투자활동 예측이 과거성과와 비교하여 일관성이 있는지 확인ㆍ경제 및 산업 예측과 장기성장율을 비교ㆍ관측가능한 정보를 사용하여 독립적으로 계산된 할인율을 경영진이 적용한 할인율과 비교",,decl
00405320,2023,(주)웹젠,게임,20240313000247,연결,1,영업권 손상평가,"연결재무제표에 대한 주석 15에서 설명한 바와 같이, 연결회사는 매년 영업권에 대한 손상평가를 수행하기 위하여 영업권이 포함된 현금창출단위의 회수가능액을 사용가치계산을 활용해 평가하고 있습니다. 2023년 12월 31일 현재 연결재무제표에 인식하고 있는 영업권 금액은 28,186백만원으로 규모가 유의적입니다.우리는 영업권에 대한 손상을 평가하는 과정이 복잡하고, 사용가치 추정에 사용한 미래현금흐름의 추정과 매출성장률, 할인율 및 영구성장률 등의 가정에 경영진의 유의적인 판단이 미치는 영향을 고려하여, 영업권의 손상평가를 핵심감사사항으로 결정하였습니다.",우리가 수행한 주요 감사 절차는 다음과 같습니다.- 영업권 손상 회계처리와 관련한 연결회사의 프로세스 이해 및 내부통제의 설계 및 이행효과성 평가 - 연결회사가 활용한 외부전문가의 적격성 및 독립성 평가 - 경영진이 사용가치 추정에 사용한 평가방법론의 적정성 검토- 경영진이 사용가치 추정에 사용한 주요 가정의 합리성 검토- 미래현금흐름 추정이 경영진에 보고된 사업계획에 근거하여 합리적으로 산정되었는지 검토- 손상과 관련된 사항에 대한 공시사항의 완전성과 적정성 여부 검토,subhead
00405320,2024,(주)웹젠,게임,20250320000704,연결,1,영업권 손상평가,"연결재무제표에 대한 주석 16에서 설명한 바와 같이, 연결회사는 매년 영업권에 대한 손상평가를 수행하기 위하여 영업권이 포함된 현금창출단위의 회수가능액을 사용가치계산을 활용해 평가하고 있습니다. 2024년 12월 31일 현재 연결재무제표에 인식하고 있는 영업권 금액은 28,186백만원으로 규모가 유의적입니다.우리는 영업권에 대한 손상을 평가하는 과정이 복잡하고, 사용가치 추정에 사용한 미래현금흐름의 추정과 매출성장률, 할인율 및 영구성장률 등의 가정에 경영진의 유의적인 판단이 미치는 영향을 고려하여, 영업권의 손상평가를 핵심감사사항으로 결정하였습니다.",우리가 수행한 주요 감사 절차는 다음과 같습니다.- 영업권 손상 회계처리와 관련한 연결회사의 프로세스 이해 및 내부통제의 설계 및 이행효과성 평가 - 연결회사가 활용한 외부전문가의 적격성 및 독립성 평가 - 경영진이 사용가치 추정에 사용한 평가방법론의 적정성 검토- 경영진이 사용가치 추정에 사용한 주요 가정의 합리성 검토- 미래현금흐름 추정이 경영진에 보고된 사업계획에 근거하여 합리적으로 산정되었는지 검토- 손상과 관련된 사항에 대한 공시사항의 완전성과 적정성 여부 검토,subhead
00444329,2019,(주)위메이드,게임,20200327001813,연결,1,라이선스 매출의 기간귀속,"연결기업의 당기 라이선스 매출액은 58,396백만원입니다. 재무제표 주석 2에서 언급한 바와 같이, 연결기업은 수취한 계약금은 산정된 진행률에 따라 매 기간에 걸쳐 수익으로 인식하고 있으며, 라이선스를 제공한 게임에 대해서는 고객사로부터 해당 게임에 대한 매출액이 확인되는 시점에 계약 내용에 따른 매출액의 일정 비율에 대하여수익을 인식하고, 확인되지 않은 매출액에 대해서는 거래가격을 산정할 수 없으므로 수익을 인식하지 않고 있습니다. 우리는 라이선스 매출액이 전체 매출의 약 50%로 큰 비중을 차지하고, 고객과의 계약에서 보고기간 종료일에 근접한 시기에 고객사로부터 확인되지 않은 매출액이 인식될 가능성으로 인하여 라이선스 매출의 기간귀속을 핵심감사사항으로 결정하였습니다.",상기의 유의적 위험과 관련하여 우리가 수행한 주요 감사절차는 다음과 같습니다. ㆍ주요 라이선스 매출계약 회계정책 및 변경유무에 대한 검토 ㆍ라이선스 매출의 주요 고객 별 계약서 검토 ㆍ라이선스 매출거래에 대해 시사의 방법을 적용하여 관련문서와 대사검증 ㆍ보고기간 종료일 근접하여 발생한 거래에 대한 기간귀속의 적정성 확인,subhead
00444329,2020,(주)위메이드,게임,20210317001252,연결,1,라이선스 매출의 기간귀속,"연결기업의 당기 라이선스 매출액은 55,094백만원이며, 재무제표 주석 2에서 언급한바와 같이, 연결기업은 수취한 계약금을 산정된 진행률에 따라 매 기간에 걸쳐 수익으로 인식하고 있습니다. 고객사로부터 해당 게임에 대한 매출액이 확인되는 시점에 계약 내용에 따른 매출액의 일정 비율에 대하여 수익을 인식하며, 확인되지 않은 매출액에 대해서는 거래가격을 산정할 수 없으므로 수익을 인식하지 않고 있습니다. 우리는 라이선스 매출액이 전체 매출의 약 44%로 큰 비중을 차지하고, 고객과의 계약에서 보고기간 종료일에 근접한 시기에 고객사로부터 확인되지 않은 매출액이 인식될 가능성으로 인하여 라이선스 매출의 기간귀속을 핵심감사사항으로 결정하였습니다.",상기의 유의적 위험과 관련하여 우리가 수행한 주요 감사절차는 다음과 같습니다. ㆍ주요 라이선스 매출계약 회계정책의 일관성에 대한 검토 ㆍ라이선스 매출의 주요 고객 별 계약서 검토 ㆍ라이선스 매출거래에 대해 시사의 방법을 적용하여 관련문서와 대사검증 ㆍ보고기간 종료일 근접하여 발생한 거래에 대한 기간귀속의 적정성 확인,subhead
00444329,2021,(주)위메이드,게임,20220330001704,연결,1,상환전환우선주(㈜라이온하트스튜디오) 공정가치 평가,"핵심감사사항은 우리의 전문가적 판단에 따라 당기 연결재무제표감사에서 가장 유의적인 사항입니다. 해당 사항은 연결재무제표 전체에 대한 감사의 관점에서 우리의 의견형성 시 다루어졌으며, 우리는 이런 사항에 대하여 별도의 의견을 제공하지는 않습니다. 상환전환우선주(㈜라이온하트스튜디오) 공정가치 평가 연결재무제표에 대한 주석 39에서 기술하고 있는 바와 같이, 회사는 금융상품 공정가치 측정 시 사용한 투입변수의 관측가능성에 기초하여 공정가치 수준을 분류하고 있으며, 공정가치 측정 시 하나 이상의 중요 요소가 시장에서 관측 불가능한 정보에 해당하는 경우 수준 3으로 분류하고 있습니다. 2021년 12월 31일 현재 수준 3로 분류되는 공정가치로 측정되는 금융 자산 중 상환전환우선주(㈜라이온하트스튜디오)의 공정가치는 204,571백만원으로, 동 장부금액은 경영진이 평가 기법 및 관측가능하지 않은 투입 변수를 어떻게 결정하는지에 따라측정결과가 유의적으로 변동하게 됩니다. 기초자산의 사용가치 추정에 중요한 영향을 미치는 매출성장율, 할인율 및 영구성장율 등 주요 가정의 결정시 경영진의 판단이 개입되며, 경영진의 편향된 추정의 가능성이 존재합니다. 우리는 이러한 회계추정의 불확실성과, 상환전환우선주의 장부금액이 유의적인 수준임을 고려하여 상환전환우선주(㈜라이온하트스튜디오)의 공정가치 평가를 핵심감사사항으로 식별하였습니다. 동 핵심감사사항과 관련하여 ","우리가 수행한 주요 감사절차는 다음과 같습니다. ㆍ연결실체의 경영진의 외부전문가 활용을 포함한 공정가치 측정프로세스와 관련된 내부통제에 대한 이해 및 평가 ㆍ연결실체가 고용한 외부전문가의 적격성, 독립성 검토 ㆍ과거 가치평가 과정에서 사용된 추정 재무정보와 실제치의 비교 ㆍ사용가치 추정에 사용된 주요 가정, 방법 및 데이터의 적정성 평가 ㆍ연결실체가 사용가치 평가에 적용한 할인율, 영구성장률 등의 제반가정의 적정성 을 확인하기 위하여 해당 감사목적에 필요한 적격성, 역량 및 객관성을 갖춘 우리 의 내부가치평가 전문가팀 활용 ㆍ외부평가값과 회계처리 내역 대사확인",lookback
00444329,2022,(주)위메이드,게임,20230327000993,연결,1,비시장성 지분상품의 공정가치 평가,"핵심감사사항은 우리의 전문가적 판단에 따라 당기 연결재무제표감사에서 가장 유의적인 사항입니다. 해당 사항은 연결재무제표 전체에 대한 감사의 관점에서 우리의 의견 형성 시 다루어졌으며, 우리는 이런 사항에 대하여 별도의 의견을 제공하지는 않습니다. 비시장성 지분상품의 공정가치 평가 연결재무제표에 대한 주석 40. (7)에서 기술하고 있는 바와 같이, 연결실체는 금융상품의 공정가치 측정 시 사용한 투입변수의 관측가능성에 기초하여 공정가치 수준을 분류하고 있으며, 공정가치 측정 시 하나 이상의 중요 요소가 시장에서 관측 불가능한 정보에 해당하는 경우 수준 3로 측정되는 금융상품으로 분류하고 있습니다.2022년 12월 31일 현재 수준 3으로 분류되는 공정가치로 측정되는 금융자산 중 지분상품의 공정가치는 219,775백만원으로, 동 장부금액은 경영진이 평가 기법 및 관측가능하지 않은 투입 변수를 어떻게 결정하는지에 따라 측정결과가 유의적으로 변동하게 됩니다. 기초자산의 사용가치 추정에 중요한 영향을 미치는 매출성장율, 할인율및 영구성장율 등 주요 가정의 결정 시 경영진의 판단이 개입되며, 경영진의 편향된 추정의 가능성이 존재합니다. 우리는 이러한 회계추정의 불확실성과, 수준 3으로 분류되는 공정가치로 측정되는 금융자산 중 지분상품의 장부금액이 유의적인 수준임을고려하여 비시장성 지분상품의 공정가치 평가를 핵심감사사항으로 식별하였습니다. 동 핵심감사사항과 관련하여 ","우리가 수행한 주요 감사절차는 다음과 같습니다.ㆍ연결실체 경영진의 외부전문가 활용을 포함한 공정가치 측정프로세스와 관련된 내 부통제에 대한 이해 및 평가ㆍ연결실체가 고용한 외부전문가의 적격성, 독립성 검토ㆍ과거 가치평가 과정에서 사용된 추정 재무정보와 실제치의 비교ㆍ사용가치 추정에 사용된 주요 가정, 방법 및 데이터의 적정성 평가 ㆍ연결실체가 사용가치 평가에 적용한 할인율, 영구성장률 등의 제반가정의 적정성 을 확인하기 위하여 해당 감사목적에 필요한 적격성, 역량 및 객관성을 갖춘 우리 의 내부가치평가 전문가팀 활용ㆍ외부평가값과 회계처리 내역 대사확인",lookback
00444329,2023,(주)위메이드,게임,20240412003722,연결,1,2023년 12월,"핵심감사사항은 우리의 전문가적 판단에 따라 당기 연결재무제표감사에서 가장 유의적인 사항입니다. 해당 사항은 연결재무제표 전체에 대한 감사의 관점에서 우리의 의견 형성 시 다루어졌으며, 우리는 이런 사항에 대하여 별도의 의견을 제공하지는 않습니다. 비시장성 지분상품의 공정가치 평가 연결재무제표에 대한 주석 40에서 기술하고 있는 바와 같이, 연결회사는 금융상품의공정가치 측정 시 사용한 투입변수의 관측가능성에 기초하여 공정가치 수준을 분류하고 있으며, 공정가치 측정 시 하나 이상의 중요 요소가 시장에서 관측 불가능한 정보에 해당하는 경우 수준 3으로 측정되는 금융상품으로 분류하고 있습니다. 2023년 12월 31일 현재 수준 3으로 분류되는 공정가치로 측정되는 금융자산 중 지분상품의 공정가치는 206,098백만원으로, 동 장부금액은 경영진이 평가 기법 및 관측가능하지 않은 투입 변수를 어떻게 결정하는지에 따라 측정결과가 유의적으로 변동하게 됩니다. 기초자산의 사용가치 추정 에 중요한 영향을 미치는 매출성장율, 할인율및 영구성장율 등 주요 가정의 결정 시 경영진의 판단이 개입되며, 경영진의 편향된 추정의 가능성이 존재합니다. 우리는 이러한 회계추정의 불확실성과, 수준 3으로 분류되는 공정가치로 측정되는 금융자산 중 지분상품의 장부금액이 유의적인 수준임을고려하여 비시장성 지분상품의 공정가치 평가를 핵심감사사항으로 식별하였습니다. 동 핵심감사사항과 관련하여 ","우리가 수행한 주요 감사절차는 다음과 같습니다.ㆍ연결회사 경영진의 외부전문가 활용을 포함한 공정가치 측정프로세스와 관련된 내 부통제에 대한 이해 및 평가ㆍ연결회사가 고용한 외부전문가의 적격성, 독립성 검토ㆍ과거 가치평가 과정에서 사용된 추정 재무정보와 실제치의 비교ㆍ사용가치 추정에 사용된 주요 가정, 방법 및 데이터의 적정성 평가 ㆍ연결회사가 사용가치 평가에 적용한 할인율, 영구성장률 등의 제반가정의 적정성 을 확인하기 위하여 해당 감사목적에 필요한 적격성, 역량 및 객관성을 갖춘 우리 의 내부가치평가 전문가팀 활용ㆍ평가결과와 회계처리 내역 대사확인",lookback
00444329,2024,(주)위메이드,게임,20250320001699,연결,1,공정가치 수준3으로 분류되는 당기손익-공정가치측정 지분상품 공정가치 평가,"연결재무제표에 대한 주석 39에 기술되어 있는 바와 같이, 연결회사는 지분상품 공정가치 측정시 사용한 투입변수의 관측가능성에 기초하여 공정가치 수준을 1, 2 또는 3으로 분류하고 있으며, 공정가치 측정시 하나 이상의 중요 요소가 시장에서 관측불가능한 정보에 해당하는 경우 수준3으로 분류하고 있습니다. 2024년 12월 31일 현재 당기손익-공정가치측정 지분상품 177,633백만원은 시장에서 관측불가능한 투입변수에 근거하여 측정되었으며 공정가치 수준3으로 분류하였습니다. 공정가치 수준3으로 분류한 지분상품은 다양한 평가기법과 변수들을 사용합니다. 이때 경영진이 평가기법 및 관측가능하지 않은 투입변수를 어떻게 결정하는지에 따라 측정결과가 유의적으로 변동하게 되므로 회계추정의 불확실성이 존재합니다. 우리는공정가치 수준3으로 분류된 지분상품의 평가에는 경영진의 가정과 판단이 포함되며,연결재무제표에 끼치는 영향이 유의적이므로, 이 영역에 관심을 기울였습니다.","핵심감사사항에 대응하기 위하여 우리는 다음을 포함한 감사절차를 수행하였습니다. · 경영진의 공정가치 측정프로세스와 관련된 내부통제에 대한 이해 및 평가 · 연결회사가 활용한 경영진측 전문가의 적격성 및 독립성 확인 · 추출한 표본에 대하여 가치평가기법의 적합성, 계약조건을 고려한 투입변수가정의 합리성 평가 · 추출한 표본에 대하여 가치평가에 이용된 주요 투입변수에 대하여 감사인의 독립적 추정치와 경영진의 추정치간 유의적인 차이유무 확인 · 추출한 표본에 대하여 경영진측 전문가의 업무 결과와 연결회사의 회계처리 내역 비교 확인",subhead
00476498,2019,(주)컴투스,게임,20200330004409,연결,1,관계기업투자 손상검토,"주석 13에서 기재한 바와 같이 연결회사는 당기말 16,863백만원의 관계기업투자를 계상하고 있으며, 이는 연결회사 자산의 1.68%를 차지하고 있습니다. 우리는 개별 관계기업투자의 영업실적 및 투자주식의 규모를 고려하여 연결회사의 주요 관계회사인 GAMEVIL COM2US USA Inc.에 대하여 집중하였습니다. 연결회사는 상기 관계기업투자의 손상평가를 위해 독립적인 외부 전문가를 활용하였으며, 동 관계기투자의 회수가능가액과 장부가액 차이 2,705백만원을 당기 중 관계기업투자손상차손으로 인식하였습니다. 우리는 관계기업투자의 규모가 유의적이며, 회수가능가액 평가시 평가방법의 선택, 미래 사업에 대한 예상과 할인율 등에 대한 연결회사 경영진의 판단이 포함되는 점을고려하여 해당 항목을 핵심감사사항에 포함하였습니다.",핵심감사사항에 대응하기 위하여 우리가 수행한 주요 감사절차는 다음과 같습니다. - 회수가능가액 추정에 사용된 주요 가정의 합리성 평가 - 회수가능가액 평가에 사용된 주요 가정과 중요한 판단에 대해 경영진 및 경영진 전 문가와의 논의를 포함한 평가 - 미래 현금흐름 추정액과 경영진이 승인한 사업계획의 검토 - 회수가능액 평가에 사용된 경영진의 사업계획 전망치와 실제치의 비교 - 회수가능가액을 평가하는데 참여한 경영진 측 전문가의 적격성 및 독립성 평가 (2) 사업결합 회계처리 검토,subhead
00476498,2019,(주)컴투스,게임,20200330004409,연결,2,사업결합 회계처리 검토,"연결재무제표에 대한 주석 36에 기술되어 있는 바와 같이, 연결회사는 당기 중에 주식회사 데이세븐, 주식회사 마나코어, 그리고 주식회사 노바팩토리에 대한 지배력을 취득하였습니다. 연결회사의 경영진은 동 지배력의 획득을 한국채택국제회계기준 1103호 '사업결합'에 따라 회계처리하였습니다. 매수가격은 인수한 여러 자산과 부채에 배분되었으며, 이러한 배분은 공정가치 추정에 근거합니다. 연결회사는 인수된 주요 무형자산의 공정가치를 평가하기 위하여 독립적인 외부전문가를 활용하였습니다. 우리는 취득한 금액의 규모와 매수 가격 배분과 관련된 유의적인 연결회사 경영진의 판단이 포함된다는 점을 고려하여 해당 항목을 핵심감사사항에 포함하였습니다.","핵심감사사항에 대응하기 위하여 우리는 다음을 포함한 감사절차를 수행하였습니다. 매수가격의 배분 회계처리와 관련하여 수행한 감사 과정은 다음을 포함합니다. - 이전대가 측정의 적정성을 평가 - 경영진이 취득한 식별가능한 무형자산과 기타 자산 및 부채의 공정가치 결정에 사 용된 방법론의 적정성을 평가 - 공정가치 계산에 사용된 주요 가정과 변수,중요한 판단에 대해 경영진 및 경영진 측 전문가와의 논의를 포함한 평가 - 공정가치 계산의 정확성 확인 - 공정가치를 평가하는데 참여한 경영진측 전문가의 적격성 및 독립성 평가 - 사업결합과 관련하여 주석공시사항의 적합성을 평가",subhead
00476498,2020,(주)컴투스,게임,20210318001263,연결,1,게임매출의 기간귀속,"핵심감사사항은 우리의 전문가적 판단에 따라 당기 연결재무제표감사에서 가장 유의적인 사항입니다. 해당 사항은 연결재무제표 전체에 대한 감사의 관점에서 우리의 의견형성 시 다루어졌으며, 우리는 이런 사항에 대하여 별도의 의견을 제공하지는 않습니다. 게임매출의 기간귀속 연결회사는 모바일게임의 제작 및 서비스 제공사업 등을 목적으로 하고 있습니다. 연결회사의 게임매출은 대부분 연결회사와 소비자 간의 거래로 이루어져 있어, 연결회사가 고객과 체결한 계약의 복잡성 및 다양성은 제한적이지만 처리하여야 할 거래 건수는 매우 많습니다. 또한, 게임매출은 연결회사의 주요 성과지표 중 하나이고 게임매출이 적절하지 않은 기간에 인식되거나 목표 또는 기대치 달성을 위한 부정의 발생등 고유위험을 불러일으킬수 있으므로 우리는 게임매출의 기간귀속을 핵심감사사항으로 식별하였습니다. 우리가 게임매출의 기간귀속과 관련하여 수행한 주요 감사 절차는 다음과 같습니다. - 이연수익 회계정책 이해 및 평가 - 이연수익과 관련된 내부통제의 유효성 평가 - 이연수익에 적용된 가정 검토 및 이연수익 재계산 영업권과 사업결합으로 취득한 무형자산 손상검사 연결재무제표에 대한 주석 10에서 설명하는 바와 같이, 당기말 현재 연결회사의 연결재무상태표 상 영업권과 사업결합으로 취득한 무형자산의 장부금액은 각 33,299백만원과 6,912백만원입니다. 당기 중 연결회사는 영업권 및 사업결합으로 취득한 무형자산와 관련하여 각 5,145백만원 및 1,108백만원의 손상차손을 인식하였습니다. 연결회사는 종속기업의 현금창출단위에 대한 사용가치를 추정하여 손상검사를 수행하였습니다. 현금창출단위의 사용가치 추정에 중요한 영향을 미치는 매출성장률, 할인율 및 영구",,lookback
00476498,2020,(주)컴투스,게임,20210318001263,연결,2,관련하여,"하였습니다. 우리가 게임매출의 기간귀속과 관련하여 수행한 주요 감사 절차는 다음과 같습니다. - 이연수익 회계정책 이해 및 평가 - 이연수익과 관련된 내부통제의 유효성 평가 - 이연수익에 적용된 가정 검토 및 이연수익 재계산 영업권과 사업결합으로 취득한 무형자산 손상검사 연결재무제표에 대한 주석 10에서 설명하는 바와 같이, 당기말 현재 연결회사의 연결재무상태표 상 영업권과 사업결합으로 취득한 무형자산의 장부금액은 각 33,299백만원과 6,912백만원입니다. 당기 중 연결회사는 영업권 및 사업결합으로 취득한 무형자산와 관련하여 각 5,145백만원 및 1,108백만원의 손상차손을 인식하였습니다. 연결회사는 종속기업의 현금창출단위에 대한 사용가치를 추정하여 손상검사를 수행하였습니다. 현금창출단위의 사용가치 추정에 중요한 영향을 미치는 매출성장률, 할인율 및 영구성장률 등의 주요 가정의 결정시 경영진의 판단이 개입되며, 경영진의 편향가능성이 존재하는 바, 우리는 연결회사의 영업권 및 사업결합으로 취득한 무형자산의 손상검사를 핵심감사사항으로 식별하였습니다. 핵심감사사항에 대응하기 위한 우리의 감사절차는 다음을 포함하고 있습니다. - 현금창출단위의 사용가치 평가를 위해 연결회사가 고용한 외부전문가의 자격, 독립성을 포함한 적격성 평가 - 사용가치 산정 시 사용된 추정 매출성장률 및 영구성장률의 합리성 및 할인율의 적정성을 평가하기 위한 내부의 가치평가 전문가 활용 - 평가에 사용된 할인율 및 영구성장률에 대한 민감도 분석을 통해 주요 가정의 변동에 따른 경영진의 평가결과에 미치는 영향 확인 - 연결회사의 추정의 정확성을 평가하기 위해 전년도의 현금흐름예측과 당기 실적 비교",,lookback
00476498,2021,(주)컴투스,게임,20220321001504,연결,1,게임매출의 기간귀속,"핵심감사사항은 우리의 전문가적 판단에 따라 당기 연결재무제표감사에서 가장 유의적인 사항입니다. 해당 사항은 연결재무제표 전체에 대한 감사의 관점에서 우리의 의견형성 시 다루어졌으며, 우리는 이런 사항에 대하여 별도의 의견을 제공하지는 않습니다. 게임매출의 기간귀속 연결회사는 모바일게임의 제작 및 서비스 제공사업 등을 목적으로 하고 있습니다. 연결회사의 게임매출은 대부분 연결회사와 소비자 간의 거래로 이루어져 있어, 연결회사가 고객과 체결한 계약의 복잡성 및 다양성은 제한적이지만 처리하여야 할 거래 건수는 매우 많습니다. 또한, 게임매출은 연결회사의 주요 성과지표 중 하나이고 게임매출이 적절하지 않은 기간에 인식되거나 목표 또는 기대치 달성을 위한 부정의 발생등 고유위험을 불러일으킬수 있으므로 우리는 게임매출의 기간귀속을 핵심감사사항으로 식별하였습니다. 우리가 게임매출의 기간귀속과 관련하여 수행한 주요 감사 절차는 다음과 같습니다. - 이연수익 회계정책 이해 및 평가 - 이연수익과 관련된 내부통제의 유효성 평가 - 이연수익에 적용된 가정 검토 및 이연수익 재계산 영업권과 사업결합으로 취득한 무형자산 손상검사 연결재무제표에 대한 주석 11에서 설명하는 바와 같이, 당기말 현재 연결회사의 연결재무상태표 상 영업권과 사업결합으로 취득한 무형자산의 장부금액은 각 217,413백만원과 116,502백만원입니다. 당기 중 연결회사는 영업권과 관련하여 13,380백만원의 손상차손을 인식하였습니다. 연결회사는 종속기업의 현금창출단위에 대한 사용가치를 추정하여 손상검사를 수행하였습니다. 현금창출단위의 사용가치 추정에 중요한 영향을 미치는 매출성장률, 할인율 및 영구",,lookback
00476498,2021,(주)컴투스,게임,20220321001504,연결,2,영업권과 사업결합으로 취득한 무형자산 손상검사,"하였습니다. 우리가 게임매출의 기간귀속과 관련하여 수행한 주요 감사 절차는 다음과 같습니다. - 이연수익 회계정책 이해 및 평가 - 이연수익과 관련된 내부통제의 유효성 평가 - 이연수익에 적용된 가정 검토 및 이연수익 재계산 영업권과 사업결합으로 취득한 무형자산 손상검사 연결재무제표에 대한 주석 11에서 설명하는 바와 같이, 당기말 현재 연결회사의 연결재무상태표 상 영업권과 사업결합으로 취득한 무형자산의 장부금액은 각 217,413백만원과 116,502백만원입니다. 당기 중 연결회사는 영업권과 관련하여 13,380백만원의 손상차손을 인식하였습니다. 연결회사는 종속기업의 현금창출단위에 대한 사용가치를 추정하여 손상검사를 수행하였습니다. 현금창출단위의 사용가치 추정에 중요한 영향을 미치는 매출성장률, 할인율 및 영구성장률 등의 주요 가정의 결정시 경영진의 판단이 개입되며, 경영진의 편향가능성이 존재하는 바, 우리는 연결회사의 영업권 및 사업결합으로 취득한 무형자산의 손상검사를 핵심감사사항으로 식별하였습니다. 핵심감사사항에 대응하기 위한 우리의 감사절차는 다음을 포함하고 있습니다. - 현금창출단위의 사용가치 평가를 위해 연결회사가 고용한 외부전문가의 적격성, 역량, 객관성 평가 - 사용가치 산정 시 사용된 추정 매출성장률 및 영구성장률의 합리성 및 할인율의 적정성을 평가하기 위한 내부의 가치평가 전문가 활용 - 평가에 사용된 할인율 및 영구성장률에 대한 민감도 분석을 통해 주요 가정의 변동에 따른 경영진의 평가결과에 미치는 영향 확인 - 연결회사의 추정의 정확성을 평가하기 위해 전년도의 현금흐름예측과 당기 실적 비교",,lookback
00476498,2022,(주)컴투스,게임,20230322001134,연결,1,연결회사의 영업권 및 사업결합으로 취득한 무형자산의 손상검사,"하였습니다. 핵심감사사항이 감사에서 다루어진 방법 우리가 게임매출의 기간귀속과 관련하여 수행한 주요 감사 절차는 다음과 같습니다.- 이연수익 회계정책 이해 및 평가- 이연수익과 관련된 내부통제의 유효성 평가- 이연수익에 적용된 가정 검토 및 이연수익 재계산 나. 영업권과 사업결합으로 취득한 무형자산 손상검사핵심감사사항으로 결정한 이유 연결재무제표에 대한 주석 11에서 설명하는 바와 같이, 당기말 현재 연결회사의 연결재무상태표상 영업권과 사업결합으로 취득한 무형자산의 장부금액은 각각 255,932백만원과 99,566백만원입니다. 당기 중 연결회사는 영업권과 사업결합으로 취득한 무형자산 관련하여 각각 26,882백만원과 10,703백만원의 손상차손을 인식하였습니다.연결회사는 종속기업의 현금창출단위에 대한 사용가치를 추정하여 손상검사를 수행하였습니다. 현금창출단위의 사용가치 추정에 중요한 영향을 미치는 매출성장률, 할인율 및 영구성장률 등의 주요 가정의 결정시 경영진의 판단이 개입되며, 경영진의 편향가능성이 존재하는 바, 우리는 연결회사의 영업권 및 사업결합으로 취득한 무형자산의 손상검사를 핵심감사사항으로 식별하였습니다. 핵심감사사항이 감사에서 다루어진 방법 우리가 영업권과 사업결합으로 취득한 무형자산 손상검사 관련하여 수행한 주요 ","감사절차는 다음과 같습니다.- 현금창출단위의 사용가치 평가를 위해 연결회사가 고용한 외부전문가의 자격, 독립성을 포함한 적격성 평가- 사용가치 산정 시 사용된 추정 매출성장률 및 영구성장률의 합리성 및 할인율의 적정성을 평가하기 위한 내부의 가치평가 전문가 활용 - 평가에 사용된 할인율 및 영구성장률에 대한 민감도 분석을 통해 주요 가정의 변동에 따른 경영진의 평가결과에 미치는 영향 확인- 연결회사의 추정의 정확성을 평가하기 위해 전년도의 현금흐름예측과 당기 실적 비교",decl
00543204,2019,(주)아이오케이이엔엠,콘텐츠,20200330000272,연결,1,엔터테인먼트 사업 매출에 대한 수익인식,"연결회사는 엔터테인먼트 사업 매출의 수익인식과 관련하여 방송출연의 경우, 방송촬영 여부와 상관없이 매 월 방송출연횟수에 따라 매출로 인식하고 있습니다. 광고 및 모델활동의 경우 해당 계약기간에 따라 매출로 인식하고 있습니다. 엔터테인먼트 사업 매출에 대한 수익인식과 관련하여 회사 경영진의 유의적인 추정 및 판단이 수반되고, 수익이 재무제표에서 차지하는 금액이 유의적이므로 엔터테인먼트 사업 매출에 대한 수익인식의 회계처리를 핵심감사사항으로 판단하였습니다.",연결회사의 엔터테인먼트 사업 매출의 수익인식에 대한 회계처리와 관련하여 우리가수행한 주요 감사절차는 다음과 같습니다. ㆍ엔터테인먼트매출의 수익인식에 대한 회계정책의 적정성 확인 ㆍ엔터테인먼트매출의 수익인식과 관련된 내부통제에 대한 이해 및 평가 ㆍ경영진이 엔터테인먼트매출의 수익인식 시 적용한 방법론의 적합성 및 주요 가정 에 대한 확인 ㆍ연결회사의 엔터테인먼트매출의 매출인식금액에 대한 재계산 검증 ㆍ엔터테인먼트매출의 인식금액에 대한 재무보고일 이후 후속적 확인 ㆍ엔터테인먼트매출 금액에 대한 분석적 절차,subhead
00543204,2020,(주)아이오케이이엔엠,콘텐츠,20210323000661,연결,1,금융자산의 공정가치 평가,"연결회사는 최근 회계연도 중 여러 건의 지분증권 및 채무증권에 대한 투자를 수행해왔으며, 주석 7에 공시된 바와 같이 보고기간말 현재 회사가 보유한 당기손익-공정가치측정 금융자산의 금액은 64,734백만원입니다. 우리는 이러한 당기손익-공정가치측정 금융자산에 대한 투자 금액의 규모가 유의적인 수준이고, 공정가치 평가에 유의적인 경영진의 판단이 수반되는 점을 고려하여 해당 항목을 핵심감사사항에 포함하였습니다.","우리는 공정가치평가와 연관되어 있는 가치평가 모델, 주요 가정 및 판단에 대한 감사절차를 수행하였으며, 감사 과정은 다음을 포함합니다. - 금융자산의 공정가치 계산에 사용된 가치평가 모델의 적절성을 평가 - 금융자산의 공정가치 계산에 사용된 주요 가정의 타당성을 평가 - 금융자산의 공정가치를 평가하는데 참여한 경영진측 전문가들의 역량과 독립성을 평가 - 금융자산의 공정가치 계산에 사용된 주요 가정과 중요한 판단에 대해 경영진 및 경영진 측 전문가들과의 논의를 포함한 평가",subhead
00543204,2021,(주)아이오케이이엔엠,콘텐츠,20220321001241,연결,1,엔터테인먼트 사업 매출에 대한 수익인식,"연결회사는 엔터테인먼트 사업 매출의 수익인식과 관련하여, 소속 아티스트의 활동 유형에 따라 기간에 걸쳐 이루어지는 수익의 인식이 이연되어 이루어지고 있습니다. 해당 엔터테인먼트 사업 매출에 대한 수익인식과 관련하여 연결회사 경영진의 유의적인 추정 및 판단이 수반되고, 수익 인식이 연결재무제표에서 차지하는 중요성을 고려하여 수익인식의 회계처리를 핵심감사사항으로 판단하였습니다.",연결회사의 엔터테인먼트 사업 매출의 수익인식에 대한 회계처리와 관련하여 우리가수행한 주요 감사절차는 다음과 같습니다. ㆍ엔터테인먼트매출의 수익인식에 대한 회계정책의 적정성 확인 ㆍ엔터테인먼트매출의 수익인식과 관련된 내부통제에 대한 이해 및 평가 ㆍ경영진이 엔터테인먼트매출의 수익인식 시 적용한 방법론의 적합성 및 주요 가정 에 대한 확인 ㆍ회사의 엔터테인먼트매출의 매출인식금액에 대한 재계산 검증,subhead
00543204,2022,(주)아이오케이이엔엠,콘텐츠,20240314001583,연결,1,엔터테인먼트 사업 매출에 대한 수익인식,"핵심감사사항은 우리의 전문가적 판단에 따라 당기 연결재무제표 감사에서 가장 유의적인 사항들입니다. 해당 사항들은 연결재무제표 전체에 대한 감사의 관점에서 우리의 의견형성 시 다루어졌으며, 우리는 이런 사항에 대하여 별도의 의견을 제공하지는 않습니다. 가. 엔터테인먼트 사업 매출에 대한 수익인식 핵심감사사항으로 결정한 이유연결회사는 엔터테인먼트 사업 매출의 수익인식과 관련하여, 소속 아티스트의 활동 유형에 따라 기간에 걸쳐 이루어지는 수익의 인식이 이연되어 이루어지고 있습니다. 해당 엔터테인먼트 사업 매출에 대한 수익인식과 관련하여 연결회사 경영진의 유의적인 추정 및 판단이 수반되고, 수익 인식이 연결재무제표에서 차지하는 중요성을 고려하여 수익인식의 회계처리를 핵심감사사항으로 판단하였습니다. 감사에서 다루어진 방법연결회사의 엔터테인먼트 사업 매출의 수익인식에 대한 회계처리와 관련하여 ",우리가수행한 주요 감사절차는 다음과 같습니다.ㆍ엔터테인먼트매출의 수익인식에 대한 회계정책의 적정성 확인 ㆍ엔터테인먼트매출의 수익인식과 관련된 내부통제에 대한 이해 및 평가 ㆍ경영진이 엔터테인먼트매출의 수익인식 시 적용한 방법론의 적합성 및 주요 가정 에 대한 확인 ㆍ회사의 엔터테인먼트매출의 매출인식금액에 대한 재계산 검증,lookback
00550082,2023,(주)캔버스엔,콘텐츠,20240320001853,별도,1,드라마제작수익의 기간귀속,"핵심감사사항은 우리의 전문가적 판단에 따라 당기 재무제표감사에서 가장 유의적인사항들입니다. 해당 사항들은 재무제표 전체에 대한 감사의 관점에서 우리의 의견형성시 다루어졌으며, 우리는 이러한 사항에 대하여 별도의 의견을 제공하지는 않습니다. 드라마제작수익의 기간귀속 재무제표에 대한 주석 20에서 설명하는 바와 같이, 회사는 드라마를 제작 및 판매하며, 2023년 12월 31일로 종료하는 보고기간에 인식된 드라마 제작수익은 12,231,184천원으로 총 매출에서 유의적인 비중을 차지하고 있습니다. 드라마 제작수익은 실제 제작비용 발생액 및 제작계획 변경 등에 따라 계약금액이 변경되기도 하며, 여러 회계기간동안 드라마가 방영될 경우 잠재적으로 기간귀속에 오류가 발생할 위험이 존재합니다. 우리는 이러한 드라마 제작수익의 기간귀속과 관련한 위험이 재무제표에 유의적인 영향을 미칠 수 있다고 판단하였으며, 이에 따라 드라마 제작 수익의 기간귀속과 관련한 회계처리를 핵심감사사항으로 결정하였습니다 . 핵심감사사항에 대응하기 위하여 우리는 다음을 포함한 감사절차를 수행하였습니다. - 드라마제작 수익인식 관련 회계정책에 대한 이해 - 계약금액 변경 시 승인 프로세스에 대한 이해 - 회사의 주요한 계약금액 변경 시 승인여부에 대한 시사의 방법을 통한 문서검사 - 수익인식 귀속시기에 대응되는 매출채권의 표본추출을 통한 외부조회 - 당기 발생한 매출거래의 귀속시기의 적정성을 테스트하기 위한 표본추출을 통한문서검사 - 보고기간종료일 전후 발생한 매출거래 표본추출을 통한 기간귀속 검토",,lookback
00550082,2024,(주)캔버스엔,콘텐츠,20250314000809,별도,1,용역수익의 발생 및 기간귀속,"핵심감사사항은 우리의 전문가적 판단에 따라 당기 재무제표감사에서 가장 유의적인 사항들입니다. 해당 사항들은 재무제표 전체에 대한 감사의 관점에서 우리의 의견형성 시 다루어졌으며, 우리는 이런 사항에 대하여 별도의 의견을 제공하지는 않습니다. 용역수익의 발생 및 기간귀속 재무제표에 대한 주석1과 주석20에서 설명하는 바와 같이, 회사는 드라마를 제작 및 판매하며, 2024년 12월 31일로 종료하는 보고기간에 인식된 드라마 제작수익은 1,204,500천원입니다. 드라마 제작수익은 계약조건 및 제작환경등의 변경에 따라 수익인식 시점에 경영자의 판단이 요구됩니다. 따라서 우리는 이러한 드라마 제작수익의 발생 및 기간귀속과 관련한 위험이 재무제표에 유의적인 영향을 미칠 수 있다고 판단하였으며, 이에 따라 동 사항을 핵심감사사항으로 결정하였습니다 . 핵심감사사항에 대응하기 위하여 우리는 다음을 포함한 감사절차를 수행하였습니다. - 드라마제작 수익인식 관련 회계정책에 대한 이해 - 계약금액 변경과 관련된 통제에 대한 이해 - 회사의 주요한 계약금액 변경 시 승인여부에 대한 시사의 방법을 통한 문서검사 - 수익인식 귀속시기에 대응되는 매출채권의 표본추출을 통한 외부조회 - 당기 발생한 매출거래의 귀속시기의 적정성을 테스트하기 위한 표본추출을 통한문서검사 - 보고기간종료일 전후 발생한 매출거래 표본추출을 통한 기간귀속 검토",,lookback
00608699,2020,주식회사 탑코미디어,콘텐츠,20210316000553,별도,1,매출채권의 평가,"핵심감사사항은 우리의 전문가적 판단에 따라 당기 재무제표감사에 가장 유의적인 사항들입니다. 해당 사항들은 재무제표 전체에 대한 감사의 관점에서 우리의 의견 형성시 다루어졌으며, 우리는 이런 사항에 대하여 별도의 의견을 제공하지 않습니다. 매출채권의 평가 2020년 12월 31일 현재 회사의 매출채권은 9,032백만원으로 총 자산의 37%를 차지하는 중요한 자산입니다. 회사는 기대신용손실을 손실충당금으로 인식하는 방법을 적용하여 대손충당금을 설정하고 있습니다. 회사의 매출채권 금액이 중요하고, 대손충당금의 결정은 유의적인 경영자의 판단이 포함되므로 우리는 이를 핵심감사사항으로 포함하였습니다. 이와 관련하여 ","우리가 수행한 주요 감사절차는 다음과 같습니다. ㆍ 대손충당금 평가 회계정책의 적정성 검토 ㆍ 대손충당금 설정과 관련된 프로세스에 대한 내부통제의 설계, 이행의 효과성에 대한 평가 ㆍ 대손충당금 설정시 사용된 가정의 적정성 검토 ㆍ 회사가 제시한 대손충당금에 대한 재계산 검증",lookback
00608699,2021,주식회사 탑코미디어,콘텐츠,20240122000375,별도,1,매출채권의 평가,"핵심감사사항은 우리의 전문가적 판단에 따라 당기 재무제표감사에 가장 유의적인 사항들입니다. 해당 사항들은 재무제표 전체에 대한 감사의 관점에서 우리의 의견 형성시 다루어졌으며, 우리는 이런 사항에 대하여 별도의 의견을 제공하지 않습니다. 매출채권의 평가 2021년 12월 31일 현재 회사의 매출채권은 12,529백만원으로 총 자산의 22.7%를 차지하는 중요한 자산입니다. 회사는 기대신용손실을 손실충당금으로 인식하는 방법을 적용하여 대손충당금을 설정하고 있습니다. 회사의 매출채권 금액이 중요하고, 대손충당금의 결정은 유의적인 경영자의 판단이 포함되므로 우리는 이를 핵심감사사항으로 포함하였습니다. 이와 관련하여 ","우리가 수행한 주요 감사절차는 다음과 같습니다. ㆍ 대손충당금 평가 회계정책의 적정성 검토ㆍ 대손충당금 설정과 관련된 프로세스에 대한 내부통제의 설계, 이행의 효과성에 대한 평가ㆍ 대손충당금 설정시 사용된 가정의 적정성 검토ㆍ 회사가 제시한 대손충당금에 대한 재계산 검증",lookback
00608699,2022,주식회사 탑코미디어,콘텐츠,20240122000380,연결,1,매출채권의 평가,"핵심감사사항은 우리의 전문가적 판단에 따라 당기 연결재무제표감사에 가장 유의적인 사항들입니다. 해당 사항들은 연결재무제표 전체에 대한 감사의 관점에서 우리의 의견 형성시 다루어졌으며, 우리는 이런 사항에 대하여 별도의 의견을 제공하지 않습니다. 매출채권의 평가 2022년 12월 31일 현재 연결회사의 매출채권은 15,505백만원으로 총 자산의 26.3%를 차지하는 중요한 자산입니다. 연결회사는 기대신용손실을 손실충당금으로 인식하는 방법을 적용하여 대손충당금을 설정하고 있습니다. 연결회사의 매출채권 금액이 중요하고, 대손충당금의 결정은 유의적인 경영자의 판단이 포함되므로 우리는 이를 핵심감사사항으로 포함하였습니다. 이와 관련하여 ","우리가 수행한 주요 감사절차는 다음과 같습니다. ㆍ 대손충당금 평가 회계정책의 적정성 검토ㆍ 대손충당금 설정과 관련된 프로세스에 대한 내부통제의 설계, 이행의 효과성에 대한 평가ㆍ 대손충당금 설정시 사용된 가정의 적정성 검토ㆍ 회사가 제시한 대손충당금에 대한 재계산 검증",lookback
00608699,2023,주식회사 탑코미디어,콘텐츠,20240320002021,연결,1,수익의 발생사실,"연결재무제표에 대한 주석 2에서 설명한 바와 같이, 연결회사는 웹툰 컨텐츠 제공을 주된 영업으로 하고 있습니다. 연결회사의 수익이 연결재무제표상 차지하는 비중이 유의적이며, 수익인식과 관련한고유한 위험이 존재하기 때문에 수익의 인식에 대한 유의적인 왜곡표시위험이 있는 것으로 판단하였습니다. 따라서, 우리는 수익인식의 적정성(발생사실)을 핵심감사사항으로 판단하였습니다.",연결회사의 수익인식 관련 회계처리에 대하여 우리는 수행한 주요 감사절차는 다음과 같습니다.- 수익인식에 대한 회계정책 및 프로세스의 이해- 보고기간 중 수익으로 기록된 거래를 표본추출하여 거래원천 증빙과의 비교 대사 - 수익인식에 대응되는 매출채권에 대한 표본추출방식을 이용한 외부조회 확인,subhead
00608699,2024,주식회사 탑코미디어,콘텐츠,20250318001254,연결,1,수익의 발생사실,"웹툰 컨텐츠 제공을 주된 영업으로 하고 있습니다. 연결회사의 수익이 연결재무제표상 차지하는 비중이 유의적이며, 수익인식과 관련한고유한 위험이 존재하기 때문에 수익의 인식에 대한 유의적인 왜곡표시위험이 있는 것으로 판단하였습니다. 따라서, 우리는 수익인식의 적정성(발생사실)을 핵심감사사항으로 판단하였습니다. (2) 핵심감사사항이 감사에서 다루어진 방법연결회사의 수익인식 관련 회계처리에 대하여 우리는 수행한 주요 감사절차는 다음과 같습니다. - 수익인식에 대한 회계정책 및 프로세스의 이해 - 보고기간 중 수익으로 기록된 거래를 표본추출하여 거래원천 증빙과의 비교 대사 - 수익인식에 대응되는 매출채권에 대한 표본추출방식을 이용한 외부조회 확인",,subhead
00609661,2023,(주)티쓰리엔터테인먼트,게임,20240319000786,연결,1,연결재무제표에 대한 주석,"핵심감사사항은 우리의 전문가적 판단에 따라 당기 연결재무제표감사에서 가장 유의적인사항들입니다. 해당 사항들은 연결재무제표 전체에 대한 감사의 관점에서 우리의 의견형성시 다루어졌으며, 우리는 이런 사항에 대하여 별도의 의견을 제공하지는 않습니다. (1) 영업권의 손상평가 연결재무제표에 대한 주석 3-(14)에서 설명한 바와 같이, 사용가치와 순자산공정가치 중 큰 금액을 회수가능액으로 결정하고 사용가치는 자산이나 현금창출단위에서 창출될 것으로 기대되는 미래현금흐름을 적절한 할인율로 할인하여 추정합니다. 현금창출단위에 대하여 결정된 사용가치는 현금흐름할인모형에서 사용된 할인율과 영구성장률과 같은 중요 가정에 많은 영향을 받습니다. 또한 손상평가 과정에서는, 해당 회사의 사업계획 등 경영진의 높은 주관성이 수반됩니다. 따라서 우리는 이러한 경영진의 추정치에 개입될 경영진의 판단과 불확실성을 고려하여 주요한 현금창출단위에 배부된 영업권(2023년말 장부가액 : 8,589백만원)에 대한 손상평가를 핵심감사사항으로 결정하였습니다. 연결회사의 영업권 손상평가의 적절성을 확인하기 위하여 ","우리가 수행한 주요 감사절차는 다음과 같습니다. - 현금창출단위의 사용가치 평가를 위해 회사가 고용한 외부전문가의 적격성과 독립성 평가 - 손상평가 및 평가결과 검토와 관련된 내부통제 평가 - 경영진이 제시한 사업계획, 과거 실적 및 산업보고서 비교를 통해 추정 매출성장률의 합리성 평가- 영업권의 손상평가에 사용한 할인율과 관측가능한 정보로 재계산한 할인율과의 비교를 통해 적용된 할인율의 적정성을 평가 - 경영진 추정의 정확성을 평가하기 위해 전년도의 현금흐름예측과 당기 실적 비교 (2) 전환 및 교환 금융상품 평가 및 회계처리의 적정성연결재무제표에 대한 주석21와 주석22에 기술되어 있는 바와 같이 연결회사는 무기명식 무보증 사모 전환사채와 교환사채를 발행하였으며, 연결회사에서 당기말 보유하고 있는 전환사채 및 교환사채 발행금액 8,500백만원은 연결회사의 부채에서 차지하는 비중이 중요합니다. 한편 전환사채와 교환사채는 전환권과 교환권, 조기상환청구권(Put Option) 및 매도청구권(Call Option)등이 포함된 금융상품으로서 전환권과 교환권의 자본요소와 부채요소 판단, 전환권, 교환권, 조기상환청구권 및 매도청구권의 내재파생상품 평가 및 회계처리 검토가 필요합니다.",lookback
00609661,2023,(주)티쓰리엔터테인먼트,게임,20240319000786,연결,2,경영진 추정의 정확성을 평가하기 위해 전년도의 현금흐름예측과 당기 실적 비교,"하였습니다. 연결회사의 영업권 손상평가의 적절성을 확인하기 위하여 우리가 수행한 주요 감사절차는 다음과 같습니다. - 현금창출단위의 사용가치 평가를 위해 회사가 고용한 외부전문가의 적격성과 독립성 평가 - 손상평가 및 평가결과 검토와 관련된 내부통제 평가 - 경영진이 제시한 사업계획, 과거 실적 및 산업보고서 비교를 통해 추정 매출성장률의 합리성 평가- 영업권의 손상평가에 사용한 할인율과 관측가능한 정보로 재계산한 할인율과의 비교를 통해 적용된 할인율의 적정성을 평가 - 경영진 추정의 정확성을 평가하기 위해 전년도의 현금흐름예측과 당기 실적 비교 (2) 전환 및 교환 금융상품 평가 및 회계처리의 적정성연결재무제표에 대한 주석21와 주석22에 기술되어 있는 바와 같이 연결회사는 무기명식 무보증 사모 전환사채와 교환사채를 발행하였으며, 연결회사에서 당기말 보유하고 있는 전환사채 및 교환사채 발행금액 8,500백만원은 연결회사의 부채에서 차지하는 비중이 중요합니다. 한편 전환사채와 교환사채는 전환권과 교환권, 조기상환청구권(Put Option) 및 매도청구권(Call Option)등이 포함된 금융상품으로서 전환권과 교환권의 자본요소와 부채요소 판단, 전환권, 교환권, 조기상환청구권 및 매도청구권의 내재파생상품 평가 및 회계처리 검토가 필요합니다. 이러한 추정 및 평가 관련 위험을 유의적 위험으로 판단하여 전환 및 교환 금융상품 평가 및 회계처리의 적정성을 핵심감사사항으로 판단하였습니다. 연결회사의 전환 및 교환 금융상품 평가 및 회계처리의 적정성을 확인하기 위하여 ",우리가 수행한 주요 감사절차는 다음과 같습니다.- 추정에 사용된 주요 가정의 합리성 평가 - 평가에 사용된 주요 가정과 중요한 판단에 대해 경영진 및 경영진 전문가와의 논의를 포함한 평가 - 평가하는데 참여한 경영진 측 전문가의 적격성 및 독립성 평가,lookback
00609661,2024,(주)티쓰리엔터테인먼트,게임,20250318000594,연결,1,589백만원)에 대한 손상평가,"핵심감사사항은 우리의 전문가적 판단에 따라 당기 연결재무제표감사에서 가장 유의적인사항들입니다. 해당 사항들은 연결재무제표 전체에 대한 감사의 관점에서 우리의 의견형성시 다루어졌으며, 우리는 이런 사항에 대하여 별도의 의견을 제공하지는 않습니다. (1) 영업권의 손상평가 연결재무제표에 대한 주석 3-(14)에서 설명한 바와 같이, 사용가치와 순자산공정가치 중 큰 금액을 회수가능액으로 결정하고 사용가치는 자산이나 현금창출단위에서 창출될 것으로 기대되는 미래현금흐름을 적절한 할인율로 할인하여 추정합니다. 현금창출단위에 대하여 결정된 사용가치는 현금흐름할인모형에서 사용된 할인율과 영구성장률과 같은 중요 가정에 많은 영향을 받습니다. 또한 손상평가 과정에서는, 해당 회사의 사업계획 등 경영진의 높은 주관성이 수반됩니다. 따라서 우리는 이러한 경영진의 추정치에 개입될 경영진의 판단과 불확실성을 고려하여 주요한 현금창출단위에 배부된 영업권(2024년말 장부가액 : 8,589백만원)에 대한 손상평가를 핵심감사사항으로 결정하였습니다.연결회사의 영업권 손상평가의 적절성을 확인하기 위하여 ","우리가 수행한 주요 감사절차는 다음과 같습니다.- 현금창출단위의 사용가치 평가를 위해 회사가 고용한 외부전문가의 적격성과 독립성 평가 - 손상평가 및 평가결과 검토와 관련된 내부통제 평가- 경영진이 제시한 사업계획, 과거 실적 및 산업보고서 비교를 통해 추정 매출성장률의 합리성 평가- 영업권의 손상평가에 사용한 할인율과 관측가능한 정보로 재계산한 할인율과의 비교를 통해 적용된 할인율의 적정성을 평가 - 경영진 추정의 정확성을 평가하기 위해 전년도의 현금흐름예측과 당기 실적 비교",decl
00613318,2019,(주)와이지엔터테인먼트,콘텐츠,20200330003440,연결,1,온라인 음원유통사업,"핵심감사사항은 우리의 전문가적 판단에 따라 당기 재무제표감사에서 가장 유의적인 사항들입니다. 해당 사항들은 재무제표 전체에 대한 감사의 관점에서 우리의 의견형성 시 다루어 졌으며, 우리는 이런 사항에 대하여 별도의 의견을 제공하지는 않습니다. 음반 및 음원매출 보고기간말 현재 연결회사의 음반/음원 관련 매출은 52,368 백만원으로 이는 전체 매출의 20%를 차지합니다. 음반 및 음원 관련 매출의 성격은 다음과 같습니다. 1) 음반의 기획, 제작 및 판매 연결회사는 음반을 직접 제작 및 판매하고 있습니다. 연결회사는 음반 판매 외에 다른 재화나 용역을 제공하지 않으므로 음반이 고객에게 이전되는 시점에 수행의무가 완료된 것으로 판단합니다. 2) 온라인 음원유통사업 연결회사는 음원을 온라인 음원서비스 제공업체를 통하여 음원 제공에 대한 대가가 확정되는 시점에 수행의무가 완료된 것으로 판단합니다. 음반 및 음원매출의 금액이 중요하고, 다양한 음반/음원매출의 매출구조와 음원매출은 정산이라는 과정에 의하여 수익인식을 하므로 우리는 이를 핵심감사사항으로 식별하였습니다. 핵심감사사항에 대응하기 위하여 우리는 다음을 포함한 감사절차를 수행하였습니다. - 연결회사와 음반, 음원저작권자, 제공자와의 계약서를 확인하여 통제와 권리 이전 여부를 검토 - 연결회사와 매출처간의 계약서와 거래 형태를 파악하여 수행의무의 검토 수행 - 연결회사의 거래형태와 내부 프로세스를 확인하여 수익 인식기간의 검토 수행 - 금액변동에 대하여 전기대비 당기 분석적 검토 수행 분석적 검토 수행 - 표본시사 방법에 따른 입증감사 절차 수행 ㆍ 음반/음원사업 매출의 발생사실 확인 ㆍ 음원사업 부분의 저작권 관련 계약서를 확인하여 매출원가 인식의 적정성 검토 ㆍ 매출거래처로부터 수령한 자료의 분석을 통한 수익 인식금액의 적정성 검토 ㆍ 음반/음원사업 매출에 대한 주석 공시의 적정성 검토 연결",,lookback
00613318,2020,(주)와이지엔터테인먼트,콘텐츠,20210318001109,연결,1,온라인 음원유통사업,"핵심감사사항은 우리의 전문가적 판단에 따라 당기 재무제표감사에서 가장 유의적인사항들입니다. 해당 사항들은 재무제표 전체에 대한 감사의 관점에서 우리의 의견형성 시 다루어 졌으며, 우리는 이런 사항에 대하여 별도의 의견을 제공하지는 않습니다. 음반 및 음원매출 보고기간말 현재 연결회사의 음반/음원 관련 매출은 72,736백만원으로 이는 전체 매출의 28%를 차지합니다. 음반 및 음원 관련 매출의 성격은 다음과 같습니다. 1) 음반의 기획, 제작 및 판매 연결회사는 음반을 직접 제작 및 판매하고 있습니다. 연결회사는 음반 판매 외에 다른 재화나 용역을 제공하지 않으므로 음반이 고객에게 이전되는 시점에 수행의무가 완료된 것으로 판단합니다. 2) 온라인 음원유통사업 연결회사는 음원을 온라인 음원서비스 제공업체를 통하여 음원 제공에 대한 대가가 확정되는 시점에 수행의무가 완료된 것으로 판단합니다. 음반 및 음원매출의 금액이 중요하고, 다양한 음반/음원매출의 매출구조와 음원매출은 정산이라는 과정에 의하여 수익인식을 하므로 우리는 이를 핵심감사사항으로 식별하였습니다. 핵심감사사항에 대응하기 위하여 우리는 다음을 포함한 감사절차를 수행하였습니다. - 연결회사와 음반, 음원저작권자, 제공자와의 계약서를 확인하여 통제와 권리 이전 여부를 검토 - 연결회사와 매출거래처간의 계약서와 거래 형태를 파악하여 수행의무의 검토 수행 - 연결회사의 거래형태와 내부 프로세스를 확인하여 수익 인식기간의 검토 수행 - 금액변동에 대하여 전기대비 당기 분석적 검토 수행 - 표본시사 방법에 따른 입증감사 절차 수행 ㆍ 음반/음원사업 매출의 발생사실 확인 ㆍ 음원사업 부분의 저작권 관련 계약서를 확인하여 매출원가 인식의 적정성 검토 ㆍ 매출거래처로부터 수령한 자료의 분석을 통한 수익 인식금액의 적정성 검토 ㆍ 음반/음원사업 매출에 대한 주석 공시의 적정성 검토",,lookback
00613318,2021,(주)와이지엔터테인먼트,콘텐츠,20220317001082,연결,1,온라인 음원유통사업,"핵심감사사항은 우리의 전문가적 판단에 따라 당기 재무제표감사에서 가장 유의적인사항들입니다. 해당 사항들은 재무제표 전체에 대한 감사의 관점에서 우리의 의견형성 시 다루어 졌으며, 우리는 이런 사항에 대하여 별도의 의견을 제공하지는 않습니다. 음반 및 음원매출 보고기간말 현재 연결회사의 음반/음원 관련 매출은 105,662백만원으로 이는 전체 매출의 30%를 차지합니다. 음반 및 음원 관련 매출의 성격은 다음과 같습니다. 1) 음반의 기획, 제작 및 판매 연결회사는 음반을 직접 제작 및 판매하고 있습니다. 연결회사는 음반 판매 외에 다른 재화나 용역을 제공하지 않으므로 음반이 고객에게 이전되는 시점에 수행의무가 완료된 것으로 판단합니다. 2) 온라인 음원유통사업 연결회사는 음원을 온라인 음원서비스 제공업체를 통하여 음원 제공에 대한 대가가 확정되는 시점에 수행의무가 완료된 것으로 판단합니다. 음반 및 음원매출의 금액이 중요하고, 다양한 음반/음원매출의 매출구조와 음원매출은 정산이라는 과정에 의하여 수익인식을 하므로 우리는 이를 핵심감사사항으로 식별하였습니다. 핵심감사사항에 대응하기 위하여 우리는 다음을 포함한 감사절차를 수행하였습니다. - 연결회사와 음반, 음원저작권자, 제공자와의 계약서를 확인하여 통제와 권리 이전 여부를 검토 - 연결회사와 매출거래처간의 계약서와 거래 형태를 파악하여 수행의무의 검토 수행 - 연결회사의 거래형태와 내부 프로세스를 확인하여 수익 인식기간의 검토 수행 - 금액변동에 대하여 전기대비 당기 분석적 검토 수행 - 표본시사 방법에 따른 입증감사 절차 수행 ㆍ 음반/음원사업 매출의 발생사실 확인 ㆍ 음원사업 부분의 저작권 관련 계약서를 확인하여 매출원가 인식의 적정성 검토 ㆍ 매출거래처로부터 수령한 자료의 분석을 통한 수익 인식금액의 적정성 검토 ㆍ 음반/음원사업 매출에 대한 주석 공시의 적정성 검토",,lookback
00628860,2019,(주)네오위즈,게임,20200330003529,연결,1,영업권의 회수가능가액,"핵심감사사항은 우리의 전문가적 판단에 따라 당기 연결재무제표 감사에서 가장 유의적인 사항들입니다. 해당 사항들은 연결재무제표 전체에 대한 감사의 관점에서 우리의 의견형성시 다루어졌으며, 우리는 이런 사항에 대하여 별도의 의견을 제공하지는 않습니다. (1) 게임매출의 발생사실 연결재무제표에 대한 주석2에서 설명하는 바와 같이 회사는 고객과의 계약에서 구별되는 수행의무를 식별하고 의무를 이행한 시점에 수익을 인식합니다. 회사의 게임매출은 대부분 회사와 게임을 이용하는 고객 간의 거래로 이루어져 있으며 회사가 고객과 체결한 계약의 다양성 및 복잡성은 높지 않지만 처리하여야 할 거래 건수는 매우 많으며 게임매출 인식을 위해서 전산시스템의 이용을 포함한 복잡한 내부 프로세스를 필요로 하므로 수익의 발생에 오류가 발생할 고유위험이 있습니다. 따라서 우리는 회사 전체 수익의 주요 부분을 차지하는 온라인 및 모바일을 통한 게임 아이템 매출(“대상 매출”)의 발생사실을 확인하는 데 많은 주의를 기울였습니다. 우리는 회사의 내부통제제도에 대한 이해 및 평가를 바탕으로 다음의 절차를 포함한 통제테스트와 입증감사절차를 수행하였습니다. - 대상 매출 인식 프로세스와 회사의 회계정책 및 관련 통제 이해 및 평가 - 대상 매출 관련 통제의 설계 및 운용 효과성 테스트 수행 - 대상 매출 인식 관련 시스템에 대한 시스템 일반통제 테스트 - 대상 매출 인식을 위한 원천 데이터가 정확하게 회계시스템에 반영되는지에 대한 대사 검증 - 대상 매출 인식을 위한 회사의 데이터와 정산서 및 입금 정보 등 외부 데이터의 비교 - 미사용 아이템 및 기간 미경과 정액요금과 관련된 이연수익 재계산 검증 (2) 영업권의 회수가능가액 연결재무제표에 대한 주석16에 기술되어 있는 바와 같이, 2019년 12월 31일 현재 연결회사의 영업권은 11,571백만원이며, 이중 ㈜겜프스와 관련된 영업권 금액이 11,347백만원으로 연결회사 자산총계 및 영업권의 각각 2.9% 및 98.1%를 차지하고있습니다. 연결회사는 영업권의 회수가능가액 평가를 위해 독립적인 외부 전문가를 활용하였으며, 과거 성과 및 이에 근거한 미래 기간의 추정에 기초하여 영업권의 사용가치와 장부가치 사이에 충분한 여유가 존재한다고 판단하였습니다. 우리는 회수가능가액 평가 대상 영업권의 규모가 유의적이며, 관련 현금창출단위들의 사용가치 평가에 포함된 미래 현금 흐름 추정과 영구성장율 및 할인율 등에 대한 경영진의 판단이 포함되어 있으므로 평가대상 현금창출단위와 관련된 영업권의 회수가능가액 검토를 핵심감사사항에 포함하여 다음의 절차를 포함한 감사절차를 수행하였습니다. - 경영진이 사용한 외부 전문가의 적격성 및 독립성 평가 - 경영진이 사용가치 추정에 사용한 가치평가 모델의 적절성을 평가 - 추정치에 낙관적인 가정이 포함되었는지 사후적으로 확인하기 위하여 당기 실제 성과와 전기 추정을 비교 - 사용가치 추정에 사용된 주요 가정의 합리성 평가 - 현금창출단위의 매출성장률, 영업이익률 및 투자활동 예측이 과거성과, 시장상황과 비교하여 일관성이 있는지 확인 - 경제 및 산업 예측과 장기 성장률을 비교 - 관측가능한 정보를 사용하여 독립적으로 계산된 할인율을 경영진이 적용한 할인율과 비교 - 주요 가정의 변경이 손상 평가에 미치는 영향을 평가하기 위해 경영진이 수행한 할인율 및 영구성장률에 대한 민감도 분석결과 평가",,lookback
00628860,2020,(주)네오위즈,게임,20210317001151,연결,1,위험,,우리가 수행한 주요한 절차는 다음과 같습니다. - 수익인식 회계정책의 이해 - 수익인식 관련 시스템에 대한 시스템 일반통제 테스트 - 수익인식과 관련된 내부통제의 설계 및 운영 효과성 평가 - 수익의 실재성 테스트를 위한 회사 생성 데이터와 외부 데이터의 비교 - 미사용 아이템 및 기간미경과 정액 요금과 관련된 이연수익 재계산,subhead
00628860,2021,(주)네오위즈,게임,20220316001366,연결,1,영업권 손상평가,"핵심감사사항은 우리의 전문가적 판단에 따라 당기 연결재무제표감사에서 가장 유의적인사항들입니다. 해당 사항들은 연결재무제표 전체에 대한 감사의 관점에서 우리의 의견 형성 시 다루어졌으며, 우리는 이런 사항에 대하여 별도의 의견을 제공 하지는 않습니다. 영업권 손상평가 주석 17에서 설명하고 있는 바와 같이, 연결회사의 2021년 12월 31일 현재 영업권 장부금액은 38,018백만원으로 총자산의 6.6%를 차지하고 있으며, 당기 중 8,443백만원의 손상차손을 인식하였습니다. 연결회사는 매년 영업권에 대해서는 손상평가를 수행하고 있습니다. 연결회사의 현금창출단위들의 사용가치 추정에 중요한 영향을 미치는 추정 현금흐름, 할인율 및 영구성장률 등의 주요 가정의 결정시 경영진의 판단이 개입되며, 경영진의 편향가능성이 존재하는 바, 우리는 영업권의 규모가 상대적으로 유의한 (주)네오위즈겜프스의 현금창출단위에 배부된 영업권(2021년말 장부가액 431백만원, 2020년말 장부가액 8,874백만원)에 대한 손상평가를 핵심감사사항으로 식별하였습니다. 영업권 손상평가에 대한 우리의 감사절차는 여러 절차들 중에서 다음을 포함합니다. ㆍ사용가치 평가를 위해 연결회사가 활용한 외부전문가의 적격성 평가 ㆍ사용가치 추정에 사용한 가치평가 모델의 적절성 평가 ㆍ미래현금흐름 추정이 경영진이 승인한 사업계획과 일치하는지 확인 ㆍ당기 실제 성과와 전기 추정을 비교 ㆍ사용가치 추정에 사용된 주요 가정의 합리성을 평가 ㆍ사용가치 계산의 정확성 검토",,lookback
00628860,2022,(주)네오위즈,게임,20230321001558,연결,1,영업권 손상,"핵심감사사항은 우리의 전문가적 판단에 따라 당기 연결재무제표감사에서 가장 유의적인 사항들입니다. 해당 사항들은 연결재무제표 전체에 대한 감사의 관점에서 우리의 의견 형성 시 다루어졌으며, 우리는 이런 사항에 대하여 별도의 의견을 제공 하지는 않습니다. 영업권 손상 주석 18에서 설명하고 있는 바와 같이, 연결회사의 2022년 12월 31일 현재 영업권 장부금액은 34,276백만원으로 총자산의 6.1%를 차지하고 있으며, 당기 중 5,190백만원의 손상차손을 인식하였습니다. 연결회사는 보고기간 말마다 영업권에 대하여 사용가치를 추정하여 손상검사를 수행하고 있습니다. 해당 현금창출단위의 사용가치가 장부금액에 미치지 못하는 경우 현금창출단위의 장부금액을 사용가치로 감액하고 감소금액을 영업권의 손상차손으로 인식하고 있습니다. 사용가치 추정에 추정에 중요한 영향을 미치는 추정 현금흐름, 할인율 및 영구성장률 등의 주요 가정의 결정시 경영진의 판단이 개입되며, 경영진의편향가능성이 존재하는 바, 우리는 영업권의 규모가 상대적으로 유의한 ㈜티앤케이팩토리의 현금창출단위에 배부된 영업권(2022년말 장부가액 22,273백만원)에 대한 손상을 핵심감사사항으로 식별하였습니다. 영업권 손상평가에 대한 우리의 감사절차는 여러 절차들 중에서 다음을 포함합니다. ㆍ사용가치 평가를 위해 연결회사가 활용한 외부전문가의 적격성 평가 ㆍ사용가치 추정에 사용한 가치평가 모델의 적절성 평가 ㆍ미래현금흐름 추정이 경영진이 승인한 사업계획과 일치하는지 확인 ㆍ당기 실제 성과와 전기 추정을 비교 ㆍ사용가치 추정에 사용된 주요 가정의 합리성을 평가 ㆍ사용가치 계산의 정확성 검토",,lookback
00628860,2023,(주)네오위즈,게임,20240320001958,연결,1,사업결합으로 식별한 무형자산의 공정가치 측정,"핵심감사사항은 우리의 전문가적 판단에 따라 당기 연결재무제표감사에서 가장 유의적인 사항들입니다. 해당 사항들은 연결재무제표 전체에 대한 감사의 관점에서 우리의 의견형성 시 다루어졌으며, 우리는 이런 사항에 대하여 별도의 의견을 제공하지는않습니다. (1) 사업결합으로 식별한 무형자산의 공정가치 측정 핵심감사사항으로 결정된 이유연결회사는 당기 중 (주)파우게임즈에 대한 지분 52.61%를 73,656백만원에 인수하였으며, 취득법에 따라 사업결합으로 회계처리 하였습니다. 이와 관련하여 연결회사는 사업결합으로 식별한 무형자산의 공정가치 28,742백만원을 인식하였습니다.당기에 발생한 종속기업 파우게임즈의 취득은 연결재무제표에 유의한 영향을 미치는사건으로, 연결회사 경영진은 유의적인 판단과 회계추정치를 바탕으로 선택한 가치평가기법과 투입변수를 이용하여 사업결합으로 식별한 무형자산의 공정가치를 측정하였습니다. 이에 따라 우리는 연결회사가 식별한 무형자산의 공정가치 측정을 핵심감사사항으로 결정하였습니다. 핵심감사사항이 감사에서 다루어진 방법연결회사가 사업결합으로 식별한 무형자산의 공정가치 측정에 대하여 ","우리가 수행한주요 감사절차는 다음과 같습니다. ㆍ무형자산 공정가치 측정과 관련한 회계추정치의 이해 및 위험평가ㆍ경영진측 전문가의 적격성 및 독립성 평가 ㆍ감사인측 전문가의 적격성 및 독립성 평가ㆍ경영진이 적용한 무형자산 공정가치 측정에 사용된 방법의 적합성 및 투입변수 합리성 평가 (2) 현금창출단위의 회수가능액 측정 핵심감사사항으로 결정된 이유2023년 12월 31일 현재 연결회사는 현금창출단위에 배부된 영업권 78,506백만원을 인식하고 있으며, 기업회계기준서 제 1036호에 따라 영업권이 배부된 현금창출단위에 대한 손상검사를 수행하였습니다. 연결회사는 현금창출단위의 장부금액 중 사용가치에 근거하여 산정한 해당 현금창출단위의 회수가능액에 미달하는 금액을 영업권에 대한 손상차손으로 회계처리하였습니다(주석 14 참조). 현금창출단위의 손상검사를 위한 사용가치에 기반한 회수가능액은 연결회사 경영진의 유의적인 판단과 추정치가 수반되며, 경영진이 적용한 가정에 따라 추정의 결과가달라질 수 있는 불확실성이 내포되어 있습니다.",lookback
00628860,2023,(주)네오위즈,게임,20240320001958,연결,2,현금창출단위의 회수가능액 측정,"하였습니다. 핵심감사사항이 감사에서 다루어진 방법연결회사가 사업결합으로 식별한 무형자산의 공정가치 측정에 대하여 우리가 수행한주요 감사절차는 다음과 같습니다. ㆍ무형자산 공정가치 측정과 관련한 회계추정치의 이해 및 위험평가ㆍ경영진측 전문가의 적격성 및 독립성 평가 ㆍ감사인측 전문가의 적격성 및 독립성 평가ㆍ경영진이 적용한 무형자산 공정가치 측정에 사용된 방법의 적합성 및 투입변수 합리성 평가 (2) 현금창출단위의 회수가능액 측정 핵심감사사항으로 결정된 이유2023년 12월 31일 현재 연결회사는 현금창출단위에 배부된 영업권 78,506백만원을 인식하고 있으며, 기업회계기준서 제 1036호에 따라 영업권이 배부된 현금창출단위에 대한 손상검사를 수행하였습니다. 연결회사는 현금창출단위의 장부금액 중 사용가치에 근거하여 산정한 해당 현금창출단위의 회수가능액에 미달하는 금액을 영업권에 대한 손상차손으로 회계처리하였습니다(주석 14 참조). 현금창출단위의 손상검사를 위한 사용가치에 기반한 회수가능액은 연결회사 경영진의 유의적인 판단과 추정치가 수반되며, 경영진이 적용한 가정에 따라 추정의 결과가달라질 수 있는 불확실성이 내포되어 있습니다. 이에 따라 우리는 연결재무제표에 끼치는 영향이 유의적인 (주)티앤케이팩토리와 (주)파우게임즈의 현금흐름창출단위에 대한 회수가능액 측정을 핵심감사사항으로 식별하였습니다. 핵심감사사항이 감사에서 다루어진 방법 연결회사의 사용가치에 근거한 현금창출단위 회수가능액 측정에 대하여 ",우리가 수행한 주요 감사절차는 다음과 같습니다. ㆍ현금창출단위 회수가능액 측정과 관련한 회계추정치의 이해 및 위험평가 ㆍ경영진이 적용한 회수가능액 측정에 사용된 방법의 적합성 및 투입변수 합리성 평가 ㆍ경영진측 전문가의 적격성 및 독립성 평가 ㆍ감사인측 전문가의 적격성 및 독립성 평가,lookback
00628860,2024,(주)네오위즈,게임,20250319000997,연결,1,현금창출단위의 회수가능액 측정,"2024년 12월 31일 현재 연결회사는 현금창출단위에 배부된 영업권 78,506백만원을 인식하고 있으며, 기업회계기준서 제 1036호에 따라 영업권이 배부된 현금창출단위에 대한 손상검사를 수행하였습니다. 연결회사는 연결재무제표에 대한 주석 15에 기술되어 있는 바와 같이 현금창출단위의 장부금액 중 사용가치에 근거하여 산정한 해당 현금창출단위의 회수가능액에 미달하는 금액을 영업권에 대한 손상차손으로 회계처리하였습니다. 현금창출단위의 손상검사를 위한 사용가치에 기반한 회수가능액은 연결회사 경영진의 유의적인 판단과 추정치가 수반되며, 경영진이 적용한 가정에 따라 추정의 결과가달라질 수 있는 불확실성이 내포되어 있습니다. 이에 따라 우리는 연결재무제표에 미치는 영향이 유의적인 (주)티앤케이팩토리와 (주)파우게임즈의 현금흐름창출단위에 대한 회수가능액 측정을 핵심감사사항으로 식별하였습니다.",연결회사의 사용가치에 근거한 현금창출단위 회수가능액 측정에 대하여 우리가 수행한 주요 감사절차는 다음과 같습니다.ㆍ현금창출단위 회수가능액 측정과 관련한 회계추정치의 이해 및 위험평가ㆍ미래현금흐름 추정이 경영진이 승인한 사업계획과 일치하는지 확인ㆍ경영진이 적용한 회수가능액 측정에 사용된 방법의 적합성 및 투입변수의 합리성 평가ㆍ경영진측 전문가의 적격성 및 독립성 평가,subhead
00643656,2020,(주)위메이드맥스,게임,20210317001213,연결,1,영업권의 손상검사,"2020년 12월 31일 현재 영업권은 2,515백만원이며, 연결회사의 영업권 사용가치 평가에 포함된 미래현금흐름 추정에는 미래 사업에 대한 예상과 할인율에 대한 경영진의 판단이 포함되므로 영업권의 손상검사에 관심을 기울였습니다. 관련 내용은 연결회사의 연결재무제표 주석 10에 표시되어 있습니다. 우리는 상기 영업권 금액의 규모가 유의적이며, 사용가치는 할인율, 성장률 및 미래현금흐름 예측 등 연결회사 경영진의 유의적인 판단과 추정이 수반되는 점을 고려하여 이 영역에 관심을 기울였습니다.","핵심감사사항에 대응하기 위하여 우리는 다음을 포함한 감사절차를 수행하였습니다. ㆍ영업권 손상 회계처리 관련 회사의 정책, 프로세스의 이해평가 ㆍ경영진이 사용가치 추정에 사용한 가치평가 모델의 적절성을 평가 ㆍ미래현금흐름 추정이 경영진이 승인한 사업계획과 일치하는지 확인 ㆍ추정치에 낙관적인 가정이 포함되었는지 사후적으로 확인하기 위하여 당기 실제 성과와 전기 추정을 비교 ㆍ사용가치 추정에 사용된 주요 가정의 합리성 평가 ㆍ주요 가정의 변경이 손상 평가에 미치는 영향을 평가하기 위해 경영진이 수행한 할 인율 및 영구성장률에 대한 민감도 분석결과 평가",subhead
00643656,2021,(주)위메이드맥스,게임,20220323001271,연결,1,게임매출의 실재성과 기간귀속,"핵심감사사항은 우리의 전문가적 판단에 따라 당기 연결재무제표감사에서 가장 유의적인사항입니다. 해당 사항은 연결재무제표 전체에 대한 감사의 관점에서 우리의 의견형성 시다루어졌으며, 우리는 이런 사항에 대하여 별도의 의견을 제공하지는 않습니다. 게임매출의 실재성과 기간귀속 연결재무제표에 대한 주석 3. (17)에서 기술하고 있는 바와 같이, 연결회사는 게임 제작 및 서비스 제공을 주된 목적으로 하고 있습니다. 연결회사의 게임매출은 대부분 회사와 소비자 간의 거래로 이루어져 있어, 연결회사가 고객과 체결한 계약의 복잡성및 다양성은 제한적이지만 처리하여야 할 거래 건수는 매우 많습니다. 또한, 게임매출은 연결회사의 주요 성과지표 중 하나이고, 게임매출이 적절하지 않은 기간에 인식되거나 목표 또는 기대치 달성을 위한 부정의 발생 등 고유위험을 불러 일으킬 수 있으므로 우리는 게임매출의 실재성과 기간귀속을 핵심감사사항으로 식별하였습니다. 우리가 게임매출 인식과 관련하여 수행한 주요 ",감사절차는 다음과 같습니다. ㆍ수익인식 회계정책 이해 및 평가 ㆍ수익인식과 관련된 내부통제의 유효성 평가 ㆍ수익의 실재성 테스트를 위한 회사의 빌링 데이터와 외부 정산서와의 비교 ㆍ이연수익의 재계산 검토,lookback
00643656,2022,(주)위메이드맥스,게임,20230323001423,연결,1,게임매출의 실재성과 기간귀속,"핵심감사사항은 우리의 전문가적 판단에 따라 당기 연결재무제표감사에서 가장 유의적인사항입니다. 해당 사항은 연결재무제표 전체에 대한 감사의 관점에서 우리의 의견형성 시 다루어졌으며, 우리는 이런 사항에 대하여 별도의 의견을 제공하지는 않습니다. 게임매출의 실재성과 기간귀속 연결재무제표에 대한 주석 3. (17)에서 기술하고 있는 바와 같이, 연결회사는 게임 제작 및 서비스 제공을 주된 목적으로 하고 있습니다. 연결회사의 게임매출은 대부분 회사와 소비자 간의 거래로 이루어져 있어, 연결회사가 고객과 체결한 계약의 복잡성및 다양성은 제한적이지만 처리하여야 할 거래 건수는 매우 많습니다. 또한, 게임매출은 연결회사의 주요 성과지표 중 하나이고, 게임매출이 적절하지 않은 기간에 인식되거나 목표 또는 기대치 달성을 위한 부정의 발생 등 고유위험을 불러 일으킬 수 있으므로 우리는 게임매출의 실재성과 기간귀속을 핵심감사사항으로 식별하였습니다.우리가 게임매출 인식과 관련하여 수행한 주요 ",감사절차는 다음과 같습니다.ㆍ수익인식 회계정책 이해 및 평가ㆍ수익인식과 관련된 내부통제의 설계평가ㆍ수익의 실재성 테스트를 위한 회사의 빌링 데이터와 외부 정산서의 비교ㆍ보고기간말에 근접한 매출에 대해 회사의 빌링 데이터와 외부 정산서의 비교ㆍ이연수익의 재계산 검토,lookback
00643656,2023,(주)위메이드맥스,게임,20240321001857,연결,1,이연게임매출의 정확성,"핵심감사사항은 우리의 전문가적 판단에 따라 당기 연결재무제표감사에서 가장 유의적인 사항입니다. 해당 사항은 연결재무제표 전체에 대한 감사의 관점에서 우리의 의견형성 시 다루어졌으며, 우리는 이런 사항에 대하여 별도의 의견을 제공하지는 않습니다. 이연게임매출의 정확성 연결재무제표에 대한 주석 3. (13)에서 기술하고 있는 바와 같이, 연결회사는 게임 제작 및 서비스 제공을 주된 목적으로 하고 있습니다. 연결회사의 게임매출은 대부분 회사와 소비자 간의 거래로 이루어져 있어, 연결회사가 고객과 체결한 계약의 복잡성및 다양성은 제한적이지만 처리하여야 할 거래 건수는 매우 많습니다. 또한, 게임매출은 연결회사의 주요 성과지표 중 하나이고, 게임매출의 이연매출 로직이 부정확하거나 목표 또는 기대치 달성을 위한 부정의 발생 등 고유위험을 불러 일으킬 수 있으므로 우리는 이연게임매출의 정확성을 핵심감사사항으로 식별하였습니다.우리가 게임매출 인식과 관련하여 수행한 주요 ","감사절차는 다음과 같습니다.ㆍ이연수익과 관련한 회계처리에 대한 회사의 정책, 프로세스 및 내부통제의 이해ㆍ수익의 실재성 테스트를 위한 회사의 빌링 데이터와 외부 정산서의 비교ㆍ이연수익 로직에 대한 적정성 검토ㆍ이연수익의 재계산 검토",lookback
00643656,2024,(주)위메이드맥스,게임,20250313001305,연결,1,게임 이연수익의 정확성,"핵심감사사항은 우리의 전문가적 판단에 따라 당기 연결재무제표감사에서 가장 유의적인 사항입니다. 해당 사항은 연결재무제표 전체에 대한 감사의 관점에서 우리의 의견형성 시 다루어졌으며, 우리는 이런 사항에 대하여 별도의 의견을 제공하지는 않습니다. 게임 이연수익의 정확성 연결재무제표에 대한 주석 3. (13)에서 기술하고 있는 바와 같이, 연결회사는 게임 제작 및 서비스 제공을 주된 목적으로 하고 있습니다. 연결회사의 게임수익은 대부분 회사와 소비자 간의 거래로 이루어져 있어, 연결회사가 고객과 체결한 계약의 복잡성및 다양성은 제한적이지만 처리하여야 할 거래 건수는 매우 많습니다. 또한, 게임수익은 연결회사의 주요 성과지표 중 하나이고, 게임수익의 이연수익 로직이 부정확하거나 목표 또는 기대치 달성을 위한 부정의 발생 등 고유위험을 불러 일으킬 수 있으므로 우리는 게임 이연수익의 정확성을 핵심감사사항으로 식별하였습니다.우리가 게임수익 인식과 관련하여 수행한 주요 ","감사절차는 다음과 같습니다.ㆍ이연수익과 관련한 회계처리에 대한 회사의 정책, 프로세스 및 내부통제의 이해ㆍ수익의 실재성 테스트를 위한 회사의 빌링 데이터와 외부 정산서의 비교ㆍ이연수익 로직에 대한 적정성 검토ㆍ이연수익의 재계산 검토",lookback
00650629,2019,SBS미디어홀딩스(주),콘텐츠,20200330003619,연결,1,관계기업투자주식(㈜에스비에스)에 대한 손상검토,"재무제표에 대한 주석 2.3.9에서 언급된 바와 같이 연결회사는 관계기업 및 공동기업투자에 대하여 지분법을 적용하여 회계 처리하고 있습니다. 또한 연결회사는 비금융자산에 대해 매 보고기간종료일에 자산의 손상을 시사하는 징후가존재하는지 검토하고 있으며, 그러한 징후가 존재하는 경우 또는 매년 자산에 대한 손상검사가 요구되는 경우 자산의 회수가능액을 추정하고 있습니다. 주석 16에서 언급된 바와 같이 연결회사는 ㈜에스비에스의 지분을 38.09% 보유하여관계기업으로 분류하고 있으며, 보고기간말 현재 ㈜에스비에스 지분에 대한 장부금액은 257,552백만원입니다. 손상징후에 대한 판단 및 손상검토에는해당 자산의 회수가능액을 추정하기 위해 미래추정현금흐름, 할인율 및 성장률 등의 투입변수에 대한 경영진의 판단이 반영됩니다. 따라서 객관적 관찰이 가능하지 않은 경영진의 투입변수와 판단이 회수가능액과 손상검토의 결과에 따라 자산의 과대계상 등의 유의적인 영향을 미칠 수 있는 위험에 노출되어 있다고 판단되어 우리는 관계기업주식(㈜에스비에스)의 손상검토의 적정성을 핵심감사사항으로 선정하였습니다.","우리는 당기말 ㈜에스비에스 손상검토의 적정성을 검토하기 위해 다음의 감사절차를수행하였습니다. - ㈜에스비에스의 입수가능한 최근 재무정보 및 내외부원천정보를 통한 손상징후 검토 - ㈜에스비에스에 대한 외부 손상평가보고서 수령 및 경영진측 전문가에 대한 적격성 및 독립성 검토 - 경영진의 손상검토에 사용된 현금창출단위의 정의 및 현금창출단위의 자산 및 부채 장부금액배분의 적정성, 손상평가에 사용된 회사가 제공한 사업계획의 적정성에 대한 검토 - 감사인 내부전문가를 활용하여 손상평가보고서에 대한 회사의 평가기준, 평가에 사용된 가정 및 추정, 계산의 적정성에 대해 검토",subhead
00650629,2020,SBS미디어홀딩스(주),콘텐츠,20210317001263,연결,1,주식회사 에스비에스 관계기업투자의 손상평가,"연결재무제표에 대한 주석 15에 기술되어 있는 바와 같이, 연결회사는 당기 중 관계기업 주식회사 에스비에스의 순자산 장부금액이 해당 관계기업의 시가총액을 초과한다는 점과, COVID-19으로 인한 불확실성으로 인하여 시장이자율이 급격하게 상승하였다는 외부정보를 기초로 해당 관계기업 주식에 손상 징후가 존재한다고 판단하고 기업회계기준서 제1036호에 따라 손상검사를 수행하였습니다. 연결회사는 사용가치에 근거하여 산정한 관계기업주식의 회수가능액을 해당 관계기업주식 장부금액과 비교하였으며, 회수가능액이 장부금액에 못 미치는 차이금액을 손상차손으로 회계처리 하였습니다. 연결회사의 경영진은 주식회사 에스비에스의 회수가능액 측정을 위해 독립적인 외부 전문가를 활용하였습니다. 우리는 주식회사 에스비에스의 사용가치 평가에 포함된 미래현금흐름 추정에는 재무예산의 예측, 성장률 및 할인율에 대한 연결회사 경영진의 가정과 판단이 포함되며, 연결재무제표에 끼치는 영향이 유의적이므로, 이 영역에 관심을 기울였습니다.",핵심감사사항에 대응하기 위하여 우리는 다음을 포함한 감사절차를 수행하였습니다. ㆍ경영진이 사용가치 추정에 사용한 가치평가 모델의 적절성을 평가 ㆍ경영진의 미래현금흐름 추정과 관련된 절차 및 통제를 이해하고 평가 ㆍ미래현금흐름 추정이 해당 관계기업의 경영진이 승인한 사업계획과 일치하는지 확 인 ㆍ사용가치 추정에 참여한 경영진측 전문가의 적격성과 독립성을 평가 ㆍ사용가치 추정에 사용된 주요 가정의 합리성 평가 ㆍ관측가능한 정보를 사용하여 독립적으로 계산된 할인율을 경영진이 적용한 할인 율과 비교,subhead
00657987,2019,(주)케이엑스이노베이션,콘텐츠,20200330004672,연결,1,영업권 손상평가,"연결재무제표에 대한 주석 15에 기술되어 있는 바와 같이, 2019년 12월 31일 현재 연결회사의 영업권은 17,571백만원으로, 연결회사는 영업권의 손상검사를 매년 수행하고 있습니다. 연결회사는 영업권에 대하여 손상 여부를 확인하였으며 8,079백만원의 손상차손이 발생하였다고 판단하였습니다. 연결회사는 영업권의 손상평가를 위해 독립적인 외부 전문가를 활용하였으며, 과거 성과 및 이에 근거한 미래 기간의 추정에 기초하여 동 현금창출단위들의 회수가능가액을 평가하였습니다. 그러나,우리는 영업권의 규모가 유의적이며, 회수가능가액 평가시 평가방법의 선택, 미래 사업에 대한 예상과 할인율 등에 대한 연결회사 경영진의 판단이 포함되는 점을고려하여 해당 항목을 핵심감사사항에 포함하였습니다.",핵심감사사항에 대응하기 위하여 우리는 다음을 포함한 감사절차를 수행하였습니다. ㆍ영업권 손상과 관련한 경영진의 평가 방식 이해 및 평가 ㆍ연결회사가 활용한 경영진측 전문가의 적격성 및 독립성 확인 ㆍ연결회사가 고용한 외부전문가의 평가 가정 및 추정사항 적정성 검토 ㆍ투입변수의 변동이 공정가치 측정에 미치는 영향 확인,subhead
00657987,2020,(주)케이엑스이노베이션,콘텐츠,20210322001028,연결,1,영업권 손상평가,"연결재무제표에 대한 주석 15에 기술되어 있는 바와 같이, 2020년 12월 31일 현재 연결회사의 영업권은 14,215백만원으로, 연결회사는 영업권의 손상검사를 매년 수행하고 있습니다. 연결회사는 영업권에 대하여 손상 여부를 확인하였으며 2,614백만원의 손상차손이 발생하였다고 판단하였습니다. 연결회사는 영업권의 손상평가를 위해 독립적인 외부 전문가를 활용하였으며, 과거 성과 및 이에 근거한 미래 기간의 추정에 기초하여 동 현금창출단위들의 회수가능가액을 평가하였습니다. 그러나,우리는 영업권의 규모가 유의적이며, 회수가능가액 평가시 평가방법의 선택, 미래 사업에 대한 예상과 할인율 등에 대한 연결회사 경영진의 판단이 포함되는 점을고려하여 해당 항목을 핵심감사사항에 포함하였습니다.",핵심감사사항에 대응하기 위하여 우리는 다음을 포함한 감사절차를 수행하였습니다. ㆍ영업권 손상과 관련한 경영진의 평가 방식 이해 및 평가 ㆍ연결회사가 활용한 경영진측 전문가의 적격성 및 독립성 확인 ㆍ연결회사가 고용한 외부전문가의 평가 가정 및 추정사항 적정성 검토 ㆍ투입변수의 변동이 공정가치 측정에 미치는 영향 확인 (2) 수준 3으로 분류된 금융자산의 공정가치 측정,subhead
00657987,2020,(주)케이엑스이노베이션,콘텐츠,20210322001028,연결,2,수준 3으로 분류된 금융자산의 공정가치 측정,"2020년 12월 31일 현재 연결회사가 보유한 공정가치로 측정된 금융자산 및 금융부채는 30,498백만원 및 37,113백만원으로 이 중, 관측할 수 없는 투입변수에 근거하여 측정되고 수준 3으로 분류된 금융자산 및 금융부채는 각각 21,869백만원 및 37,113백만원입니다.(주석 6 참조). 수준 3으로 분류되는 금융자산의 금액이 유의적이며, 금융자산 공정가치 측정에 사용된 가치평가기법의 선택 및 투입변수에 대하여 회사 경영진의 유의적인 판단과 회계추정치를 수반하므로 우리는 이 금융자산의 공정가치 측정의 적정성을 핵심감사사항으로 결정하였습니다.",연결회사의 수준 3으로 분류된 금융자산의 공정가치 측정에 대하여 우리가 수행한 주요 감사절차는 다음과 같습니다. ㆍ공정가치로 측정된 금융자산과 관련한 경영진의 평가 방식 이해 및 평가 ㆍ연결회사가 활용한 경영진측 전문가의 적격성 및 독립성 확인 ㆍ연결 회사가 고용한 외부전문가의 평가 가정 및 추정사항 적정성 검토 ㆍ투입변수의 변동이 공정가치 측정에 미치는 영향 확인,subhead
00657987,2021,(주)케이엑스이노베이션,콘텐츠,20220314001170,연결,1,영업권 손상평가,"연결재무제표에 대한 주석 15에 기술되어 있는 바와 같이, 2021년 12월 31일 현재 연결회사의 영업권은 10,096백만원으로, 연결회사는 영업권의 손상검사를 매년 수행하고 있습니다. 연결회사는 영업권에 대하여 손상 여부를 확인하였으며 1,123백만원의 손상차손이 발생하였다고 판단하였습니다. 연결회사는 영업권의 손상평가를 위해 독립적인 외부 전문가를 활용하였으며, 과거 성과 및 이에 근거한 미래 기간의 추정에 기초하여 동 현금창출단위들의 회수가능가액을 평가하였습니다. 그러나,우리는 영업권의 규모가 유의적이며, 회수가능가액 평가시 평가방법의 선택, 미래 사업에 대한 예상과 할인율 등에 대한 연결회사 경영진의 판단이 포함되는 점을고려하여 해당 항목을 핵심감사사항에 포함하였습니다.",핵심감사사항에 대응하기 위하여 우리는 다음을 포함한 감사절차를 수행하였습니다. ㆍ영업권 손상과 관련한 경영진의 평가 방식 이해 및 평가 ㆍ연결회사가 활용한 경영진측 전문가의 적격성 및 독립성 확인 ㆍ연결회사가 고용한 외부전문가의 평가 가정 및 추정사항 적정성 검토 ㆍ투입변수의 변동이 공정가치 측정에 미치는 영향 확인 (2) 수준 3으로 분류된 금융자산의 공정가치 측정,subhead
00657987,2021,(주)케이엑스이노베이션,콘텐츠,20220314001170,연결,2,수준 3으로 분류된 금융자산의 공정가치 측정,"2021년 12월 31일 현재 연결회사가 보유한 공정가치로 측정된 금융자산은 50,081백만원으로 이 중, 관측할 수 없는 투입변수에 근거하여 측정되고 수준 3으로 분류된금융자산은 25,327백만원입니다.(주석 6 참조). 수준 3으로 분류되는 금융자산의 금액이 유의적이며, 공정가치 측정에 사용된 가치평가기법의 선택 및 투입변수에 대하여 회사 경영진의 유의적인 판단과 회계추정치를 수반하므로 우리는 이 금융자산의 공정가치 측정의 적정성을 핵심감사사항으로 결정하였습니다.",연결회사의 수준 3으로 분류된 금융자산의 공정가치 측정에 대하여 우리가 수행한 주요 감사절차는 다음과 같습니다. ㆍ공정가치로 측정된 금융자산 관련한 경영진의 평가 방식 이해 및 평가 ㆍ연결회사가 활용한 경영진측 전문가의 적격성 및 독립성 확인 ㆍ연결 회사가 고용한 외부전문가의 평가 가정 및 추정사항 적정성 검토 ㆍ투입변수의 변동이 공정가치 측정에 미치는 영향 확인,subhead
00760971,2021,주식회사 크래프톤,게임,20220314000894,연결,1,간귀속(주석 22,"회사의 영업수익인 게임매출은 발생시 관여하는 주체가 많고, 전산시스템 이용을 포함한 복잡한 내부 프로세스를 통하여 수익인식이 기록됩니다. 이러한 복잡한 처리과정 및 대량의 데이터 처리로 인하여 수익인식 금액이 적절하지 않을 잠재적 위험이 존재합니다. 따라서 우리는 게임매출 수익의 발생사실과 기간귀속 관련하여 유의적인 위험이 있는 것으로 판단하였습니다.",연결회사의 게임매출 수익인식 회계처리의 적절성을 확인하기 위하여 우리가 수행한주요 감사절차는 다음과 같습니다. ·연결회사의 게임매출 수익인식에 대한 회계정책 이해 및 평가 ·연결회사의 수익인식과 관련된 내부통제의 유효성 평가 ·연결회사의 게임매출 수익의 기간귀속 프로세스에 대한 이해 및 검토 ·연결회사 수익의 기간귀속에 대한 테스트를 위한 이연매출 산출로직의 이해 및 평가 ·표본추출 방법에 의해 근거문서 확인을 통하여 게임매출 수익의 발생사실 및 기간귀속 확인,subhead
00760971,2022,주식회사 크래프톤,게임,20230320000728,연결,1,Inc.) 손상평가,,"핵심감사사항에 대응하기 위하여 우리는 다음을 포함한 감사절차를 수행하였습니다.- 영업권 등 현금창출단위 손상 회계처리에 대한 회사의 정책, 프로세스 및 내부통제의 이해- 회사가 고용한 외부전문가의 적격성 및 독립성 평가- 경영진의 영업권 등 현금창출단위의 손상검사를 위한 미래현금흐름 추정 및 평가에 대한 검토 및 승인에 대한 내부통제의 평가- 경영진이 사용가치 추정에 사용한 가치평가 모델의 적절성을 평가- 경영진이 사용가치 추정에 사용한 할인율 및 성장률 등 주요 가정의 합리성 평가- 추정치에 사용된 현금흐름을 실제 성과와 비교하여 소급 검토함으로써, 추정에 편의가 존재하는지 여부를 평가",subhead
00760971,2023,주식회사 크래프톤,게임,20240318000420,연결,1,Inc.) 손상평가,,"핵심감사사항에 대응하기 위하여 우리는 다음을 포함한 감사절차를 수행하였습니다.- 영업권 등 현금창출단위 손상 회계처리에 대한 회사의 정책, 프로세스 및 내부통제의 이해- 회사가 고용한 외부전문가의 적격성 및 독립성 평가- 경영진의 영업권 등 현금창출단위의 손상검사를 위한 미래현금흐름 추정 및 평가에 대한 검토 및 승인에 대한 내부통제의 평가- 경영진이 사용가치 추정에 사용한 가치평가 모델의 적절성을 평가- 경영진이 사용가치 추정에 사용한 미래현금흐름, 할인율 및 성장률 등 주요 가정의 합리성 평가 - 추정치에 사용된 현금흐름을 실제 성과와 비교하여 소급 검토함으로써, 추정에 편의가 존재하는지 여부를 평가",subhead
00760971,2024,주식회사 크래프톤,게임,20250318001121,연결,1,현금창출단위의,,"핵심감사사항에 대응하기 위하여 우리는 다음을 포함한 감사절차를 수행하였습니다.- 영업권 등 현금창출단위 손상 회계처리에 대한 회사의 정책, 프로세스 및 내부통제의 이해- 회사가 고용한 외부전문가의 적격성 및 독립성 평가- 경영진의 영업권 등 현금창출단위의 손상검사를 위한 미래현금흐름 추정 및 평가에 대한 검토 및 승인에 대한 내부통제의 평가- 경영진이 사용가치 추정에 사용한 가치평가 모델의 적절성을 평가- 경영진이 사용가치 추정에 사용한 미래현금흐름, 할인율 및 성장률 등 주요 가정의 합리성 평가 - 추정치에 사용된 현금흐름을 실제 성과와 비교하여 소급 검토함으로써, 추정에 편의가 존재하는지 여부를 평가",subhead
00814786,2021,(주)티엔엔터테인먼트,콘텐츠,20210917000602,연결,1,건설중인자산의 실재성 및 손상평가,"2021년 6월 30일 현재 연결회사의 유형자산은 19,581백만원이며 이 중 건설중인자산이 9,142백만원으로 자산총액의 19.0%를 차지하고 있습니다. 또한 건설중인자산의 당기 중 취득으로 인한 증가금액은 12,551백만원입니다(주석 14 참조). 연결회사는 설비의 사용가능시점을 판단하여 각 자산에 대한 감가상각을 개시하며 당기 중 3,483백만원의 설비에 대해서 사용가능한 상태에 도달하였다고 판단하고 감가상각을 개시하였으나, 동 설비와 관련된 신사업의 매출액은 발생하지 않았습니다. 연결회사의 투자규모가 크고 재무제표에 미치는 영향이 유의적이므로 우리는 당기 취득한 건설중인자산의 실재성 및 손상검토를 핵심감사사항으로 판단하였습니다.",핵심감사사항에 대응하기 위하여 우리는 다음의 감사절차를 수행하였습니다. - 당기 중 시설투자가 진행된 주요 유형자산에 대한 실사 - 당기 취득내역에 대한 주요 증빙 및 내부통제 검토 - 미대체 건설중인자산의 예상 사용가능시점 질문 및 검토 - 운휴자산에 대한 외부전문가의 공정가액 평가 검토 - 공정가액을 평가하는데 참여한 경영진 측 전문가의 적격성 및 독립성 평가,subhead
00814786,2023,(주)티엔엔터테인먼트,콘텐츠,20240320000545,별도,1,영업권 손상평가,"핵심감사사항은 우리의 전문가적 판단에 따라 당기 재무제표감사에서 가장 유의적인사항들입니다. 해당 사항들은 재무제표 전체에 대한 감사의 관점에서 우리의 의견형성 시 다루어졌으며, 우리는 이런 사항에 대하여 별도의 의견을 제공하지는 않습니 다. 영업권 손상평가 1)핵심감사사항으로 결정한 이유영업권 손상 평가시 회수가능액은 사용가치를 기초로 결정하며 사용가치는 자산의 계속적인 사용으로부터 기대되는 미래현금흐름을 할인하여 결정합니다. 현금창출단위에 대하여 결정된 사용가치는 현금흐름할인모형에서 사용된 할인율과 영구성장률과 같은 중요 가정에 많은 영향을 받습니다. 또한 손상평가 과정에서는, 해당 회사의 사업계획 등 경영진의 높은 주관성이 수반되는 것으로 판단됩니다. 따라서 우리는 영업권 손상 평가시 경영진의 중요한 가정과 추정이 개입되어 회수가능액 측정에 오류 가능성이 있는 바, 우리는 이를 핵심감사사항으로 결정하였습니다. 2)해당 사항이 감사에서 다루어진 방법우리는 회사의 경영진이 영업권 회수가능액을 추정하기 위해 사용한 주요 가정 및 미래현금흐름 추정 모델에 대하여 다음의 감사절차를 수행하였습니다. - 사용가치 측정 및 손상차손 인식 관련 회사의 내부통제 설계에 대한 이해 - 미래현금흐름 추정에 적용된 가입자수, 가입자당수익 가정에 대한 질문과 해당 가정의 실현가능성에 대한 독립적인 확인 - 사용가치 측정에 사용한 미래현금흐름 추정 관련 가정의 적합성 평가에 대한 소급적 검토 및 과거 평균 데이터와의 비교분석 - 미래현금흐름 추정 모델의 합리성 및 수학적 정확성을 확인 - 회사측 외부 가치평가 전문가의 독립성, 객관성, 적격성에 대한 확인 - 할인율 등에 대해 감사인의 내부 가치평가 전문가를 활용하여 검증",,lookback
00815767,2020,(주)위메이드플레이,게임,20210318001377,연결,1,모바일게임매출의 실재성과 기간귀속,"핵심감사사항은 우리의 전문가적 판단에 따라 당기 연결재무제표감사에서 가장 유의적인 사항입니다. 해당 사항은 연결재무제표 전체에 대한 감사의 관점에서 우리의 의견형성 시 다루어졌으며, 우리는 이런 사항에 대하여 별도의 의견을 제공하지는 않습니다. 모바일게임매출의 실재성과 기간귀속 연결회사는 모바일게임의 제작 및 서비스 제공사업 등을 목적으로 하고 있습니다. 연결회사의 모바일게임매출은 대부분 연결회사와 소비자 간의 거래로 이루어져 있어, 연결회사가 고객과 체결한 계약의 복잡성 및 다양성은 제한적이지만 처리하여야 할 거래 건수는 매우 많습니다. 또한, 모바일게임매출은 연결회사의 주요 성과지표 중 하나이고 모바일게임매출이 적절하지 않은 기간에 인식되거나 목표 또는 기대치 달성을 위한 부정의 발생 등 고유위험을 불러일으킬수 있으므로 우리는 모바일게임매출의 실재성과 기간귀속을 핵심감사사항으로 식별하였습니다. 우리가 모바일게임매출인식과 관련하여 수행한 주요 감사 절차는 다음과 같습니다. - 수익인식 회계정책 이해 및 평가 - 수익인식과 관련된 내부통제의 유효성 평가 - 수익의 실재성 테스트를 위한 연결회사 생성 데이터와 외부 데이터의 비교 - 이연수익의 재계산 검토",,lookback
00815767,2021,(주)위메이드플레이,게임,20220323001034,연결,1,주식회사 플라이셔 사업결합의 매수가격배분,"연결재무제표에 대한 주석 34에 기술되어 있는 바와 같이, 연결회사는 당기 중 주식회사 플라이셔 지분 84.35%를 35,981백만원에 취득하였습니다. 연결회사는 지분을 취득한 시점에 피투자자의 식별가능한 자산과 부채의 공정가치를 측정하고 영업권 26,530백만원, 고객가치 9,624백만원을 인식하였습니다. 연결회사는 피투자자의 식별가능한 순자산의 공정가치를 측정하기 위하여 피투자자의 재무제표에 인식되지 않 은 무형자산을 식별하고 할인율, 이탈율 및 미래현금흐름 등 연결회사 경영진의 유의적인 판단과 추정치를 활용하여 무형자산의 공정가치를 측정하였습니다. 식별가능한 자산과 부채의 공정가치 측정에는 경영진의 유의적인 판단과 추정치를 수반하며, 당기 중 연결재무제표에 인식된 영업권과 고객관계의 규모가 유의적이므로 우리는 주식회사 플라이셔 사업결합의 매수가격배분을 핵심감사사항으로 판단하였습니다.","우리는 주식회사 플라이셔 사업결합의 매수가격배분과 평가모델, 주요 가정 및 판단에 대한 감사절차를 다음과 같이 수행하였습니다. 우리는 이와 같은 감사절차 수행 시 가치평가전문가를 감사팀에 포함하였습니다. ㆍ경영진 측 외부전문가의 적격성과 독립성을 평가하였습니다. ㆍ연결회사의 식별한 무형자산이 자산 인식 요건을 충족하였는지 확인하였습니다. ㆍ주식회사 플라이셔의 공정가치 측정 시 활용된 사업계획의 합리성을 검토하였습니다. ㆍ경영진이 공정가치 추정에 사용한 가치평가 모델의 적합성을 평가하였습니다. ㆍ공정가치 측정 시 할인율 및 이탈율 등 주요 가정의 합리성 및 공정가치 계산의 정확성 검토를 수행하였습니다.",subhead
00925295,2020,(주)에프엔씨엔터테인먼트,콘텐츠,20210319001233,연결,1,무형자산(전속계약금)에 대한 손상검사,"연결회사의 무형자산(전속계약금) 손상평가는 전속계약금의 규모(2020년 12월 31일현재 3,339백만원, 주석 14참조)가 유의적이며, 연결재무제표에 대한 주석 3(중요한 회계추정 및 가정)에서 설명한 바와 같이 손상검사 수행 시 사용가치 평가에 미래현금흐름 예측 및 할인율에 대한 경영진의 판단과 추정이 수반되는 점을 고려하여 우리는 상기 무형자산(전속계약금)에 대한 손상검사를 핵심감사사항으로 판단하였습니다.",핵심감사사항에 대응하기 위하여 우리는 다음을 포함한 감사절차를 수행하였습니다. - 경영진이 사용가치 추정에 사용한 가치평가 모델의 적절성을 평가 - 경영진의 미래현금흐름 추정과 관련된 절차 및 통제를 이해하고 평가 - 추정치에 낙관적인 가정이 포함되었는지 사후적으로 확인하기 위하여 당기 실제 성과와 전기 추정을 비교 - 사용가치 추정에 사용된 주요 가정의 합리성 평가 - 사용가치 추정에 참여한 경영진측 전문가의 적격성과 독립성을 평가,subhead
00925295,2021,(주)에프엔씨엔터테인먼트,콘텐츠,20220321001377,연결,1,무형자산(전속계약금)에 대한 손상검사,"연결회사의 무형자산(전속계약금) 손상평가는 전속계약금의 규모(2021년 12월 31일현재 2,659백만원, 주석 14참조)가 유의적이며, 연결재무제표에 대한 주석 3(중요한 회계추정 및 가정)에서 설명한 바와 같이 손상검사 수행 시 사용가치 평가에 미래현금흐름 예측 및 할인율에 대한 경영진의 판단과 추정이 수반되는 점을 고려하여 우리는 상기무형자산(전속계약금)에 대한 손상검사를 핵심감사사항으로 판단하였습니다.",핵심감사사항에 대응하기 위하여 우리는 다음을 포함한 감사절차를 수행하였습니다. - 경영진이 자산손상징후를 검토하는 절차 및 그 결과를 이해하고 평가 - 경영진이 사용가치 추정에 사용한 가치평가 모델의 적절성을 평가 - 경영진의 미래현금흐름 추정과 관련된 절차 및 통제를 이해하고 평가 - 경영진의 미래현금흐름 추정이 가치평가에 적절히 사용되었는지 확인 - 추정치에 낙관적인 가정이 포함되었는지 사후적으로 확인하기 위하여 당기 실제 성과와 전기 추정을 비교 - 사용가치 추정에 사용된 주요 가정의 합리성 평가 - 사용가치 산정시 산술적 정확성에 대한 재계산 검증 - 사용가치 추정에 참여한 경영진측 전문가의 적격성과 독립성을 평가,subhead
00925295,2022,(주)에프엔씨엔터테인먼트,콘텐츠,20230321001361,연결,1,음반 및 음원매출,"핵심감사사항은 우리의 전문가적 판단에 따라 당기 연결재무제표감사에서 가장 유의적인 사항들입니다. 해당 사항들은 연결재무제표 전체에 대한 감사의 관점에서 우리의 의견형성 시 다루어졌으며, 우리는 이런 사항에 대하여 별도의 의견을 제공하지는않습니다. - 음반 및 음원매출 보고기간말 현재 연결실체의 음반 및 음원 관련 매출은 17,299백만원으로 이는 전체매출의 26%를 차지합니다.음반 및 음원 관련 매출의 성격은 다음과 같습니다.연결실체는 음반과 음원을 온라인 음원 유통 제공업체를 통하여 판매하고 있으며, 음반이 고객에게 최종 이전되는 시점 및 음원 제공에 대한 대가가 확정되는 시점에 수행의무가 완료된 것으로 판단합니다. 음반 및 음원매출의 금액이 중요하고, 매출구조가 다양하며, 유통 제공업체에 의해 정산이라는 과정을 통해 수익인식을 하므로, 우리는 이를 핵심감사사항으로 식별하였습니다.핵심감사사항에 대응하기 위하여 우리는 다음을 포함한 감사절차를 수행하였습니다. - 회사와 음반, 음원저작권자, 제공자와의 계약서를 확인하여 통제와 권리 이전 여부를 검토 - 회사와 매출거래처 간의 계약서와 거래 형태를 파악하여 수행의무의 검토 수행 - 회사의 거래형태와 내부 프로세스를 확인하여 수익 인식기간의 검토 수행 - 금액변동에 대하여 전기 대비 당기 분석적 검토 수행- 표본시사 방법에 따른 실증감사 절차 수행 ㆍ 음반 및 음원사업 매출의 발생사실 확인 ㆍ 매출거래처로부터 수령한 자료의 분석을 통한 수익 인식금액의 적정성 검토ㆍ 보고기간말 전후 발생한 매출거래에 대한 기간귀속을 확인하는 절차 수행 ㆍ 음반 및 음원사업 매출에 대한 주석 공시의 적정성 검토",,lookback
00925295,2023,(주)에프엔씨엔터테인먼트,콘텐츠,20240320001148,연결,1,매출에 대한 수익인식,"핵심감사사항은 우리의 전문가적 판단에 따라 당기 연결재무제표감사에서 가장 유의적인 사항들입니다. 해당 사항들은 연결재무제표 전체에 대한 감사의 관점에서 우리의 의견형성 시 다루어졌으며, 우리는 이런 사항에 대하여 별도의 의견을 제공하지는않습니다. - 매출에 대한 수익인식 연결실체는 코스닥시장 상장사로서 수익에 대한 시장참여자의 기대가 존재하며, 수익은 이러한 기대를 충족하기 위해 조정될 수 있는 고유위험이 높은 항목입니다. 연결실체의 당기 매출은 92,154백만원으로 연결재무제표에서 차지하는 금액이 유의적이며전기대비 40% 증가하였으므로, 매출에 대한 수익인식을 핵심감사사항으로 식별하였습니다. 핵심감사사항에 대응하기 위하여 우리는 다음을 포함한 감사절차를 수행하였습니다. - 연결실체의 회계정책 이해와 내부통제의 이해 및 평가- 연결실체와 매출거래처 간의 계약서와 거래 형태를 파악하여 수행의무의 검토 수행- 당기 중 발생한 매출거래에 대하여 세부실증절차 수행- 보고기간 말 전후 발생한 매출거래에 대한 수익인식의 기간귀속을 확인하는 절차 수행- 중요한 잔액에 대한 표본추출방식을 이용한 외부조회 확인- 매출유형별로 과거기간과의 실적비교, 월별 실적의 추세 분석 등 분석적절차 수행",,lookback
00925295,2024,(주)에프엔씨엔터테인먼트,콘텐츠,20250318000973,연결,1,매출에 대한 수익인식,"핵심감사사항은 우리의 전문가적 판단에 따라 당기 연결재무제표감사에서 가장 유의적인 사항들입니다. 해당 사항들은 연결재무제표 전체에 대한 감사의 관점에서 우리의 의견형성 시 다루어졌으며, 우리는 이런 사항에 대하여 별도의 의견을 제공하지는않습니다. - 매출에 대한 수익인식 연결실체는 코스닥시장 상장사로서 수익에 대한 시장참여자의 기대가 존재하며, 수익은 이러한 기대를 충족하기 위해 조정될 수 있는 고유위험이 높은 항목입니다. 연결실체의 당기 매출은 86,224백만원으로 연결재무제표에서 차지하는 금액이 유의적이므로, 매출에 대한 수익인식을 핵심감사사항으로 식별하였습니다. 핵심감사사항에 대응하기 위하여 우리는 다음을 포함한 감사절차를 수행하였습니다. - 연결실체의 회계정책 이해와 내부통제의 이해 및 평가- 연결실체와 매출거래처 간의 계약서와 거래 형태를 파악하여 수행의무의 검토 수행- 당기 중 발생한 매출거래에 대하여 세부실증절차 수행- 보고기간 말 전후 발생한 매출거래에 대한 수익인식의 기간귀속을 확인하는 절차 수행- 중요한 잔액에 대한 표본추출방식을 이용한 외부조회 확인- 매출유형별로 과거기간과의 실적비교, 월별 실적의 추세 분석 등 분석적절차 수행",,lookback
00965813,2019,(주)미투온,게임,20200327000843,연결,1,영업권 및 관계기업투자주식에 대한 손상,"핵심감사사항은 우리의 전문가적 판단에 따라 당기 재무제표감사에서 가장 유의적인사항들입니다. 해당 사항들은 재무제표 전체에 대한 감사의 관점에서 우리의 의견형성 시 다루어졌으며, 우리는 이런 사항에 대하여 별도의 의견을 제공하지는 않습니 다. 영업권 및 관계기업투자주식에 대한 손상 경영진은 매 보고기간 종료일마다 손상을 시사하는 징후가 있는지를 검토하며, 만약그러한 징후가 있다면 회수가능액을 추정하여 손상 평가를 수행하고 있습니다. 재무제표에 대한 주석 2 에서 설명한 바와 같이, 장부금액이 회수가능액을 초과하는 경우손상차손을 인식하고 있습니다. 당기말 현재 손상 평가에 사용된 회수가능액은 사용가치이며, 회수가능액은 매출액, 영업비용, 성장률과 할인율의 예상치에 근거하여 산출됩니다. 대상회사의 사용가치를 추정하는데 있어서 경영진의 유의적 판단과 편향가능성 및 재무제표상 손상의 잠재적인 영향을 고려하여 우리는 영업권 및 관계기업투자주식의 손상 평가를 핵심감사사항으로 식별하였습니다. 핵심감사사항에 대응하기 위한 우리의 감사절차는 다음을 포함합니다. - 손상 평가를 위해 회사가 고용한 외부평가전문가의 적격성 및 독립성 평가 - 과거 사업계획 대비 실적 비교를 통한 소급적 검토 - 회사의 사업계획 상 매출액, 플랫폼수수료 등을 과거실적, 외부 시장전망자료 등을 바탕으로 타당성 확인 - 감사인의 내부 가치평가전문가를 활용하여 평가방법론과 할인율 등 평가에 사용한 주요 가정에 대해 검토",,lookback
00965813,2020,(주)미투온,게임,20210318000974,연결,1,게임매출 수익 인식,"핵심감사사항은 우리의 전문가적 판단에 따라 당기 재무제표감사에서 가장 유의적인사항들입니다. 해당 사항들은 재무제표 전체에 대한 감사의 관점에서 우리의 의견형성 시 다루어졌으며, 우리는 이런 사항에 대하여 별도의 의견을 제공하지는 않습니 다. 게임매출 수익 인식 회사는 게임 소프트웨어의 개발 및 서비스 제공을 주요 사업목적으로 하고 있습니다.회사의 게임매출은 대부분 회사와 소비자 간의 거래로 이루어져 있어, 회사가 고객과체결한 계약의 복잡성 및 다양성은 제한적이지만 처리하여야 할 거래 건수는 매우 많습니다. 이에 게임매출 인식을 위해서 전산시스템의 이용을 포함한 복잡한 내부 프로세스를 필요로 합니다. 또한, 게임매출은 회사의 주요 성과지표 중 하나이고 게임매출이 적절하지 않은 기간에 인식되거나 목표 또는 기대치 달성을 위한 부정의 발생 등 고유위험을 불러일으킬 수 있으므로 감사인은 게임매출의 수익 인식을 핵심감사사항으로 식별하였습니다. 우리가 게임매출 수익 인식과 관련하여 수행한 주요 ",감사절차는 다음과 같습니다. - 수익인식 회계정책 이해 및 평가 - 수익인식과 관련된 내부통제의 유효성 평가 - 수익의 실재성 테스트를 위한 회사 생성 데이터와 외부 데이터의 비교 - 미사용 아이템과 관련된 이연수익 재계산,lookback
00965813,2021,(주)미투온,게임,20220322000426,연결,1,게임매출 수익 인식,"핵심감사사항은 우리의 전문가적 판단에 따라 당기 재무제표감사에서 가장 유의적인사항들입니다. 해당 사항들은 재무제표 전체에 대한 감사의 관점에서 우리의 의견형성 시 다루어졌으며, 우리는 이런 사항에 대하여 별도의 의견을 제공하지는 않습니 다. 게임매출 수익 인식 회사는 게임 소프트웨어의 개발 및 서비스 제공을 주요 사업목적으로 하고 있습니다.회사의 게임매출은 대부분 회사와 소비자 간의 거래로 이루어져 있어, 회사가 고객과체결한 계약의 복잡성 및 다양성은 제한적이지만 처리하여야 할 거래 건수는 매우 많습니다. 이에 게임매출 인식을 위해서 전산시스템의 이용을 포함한 복잡한 내부 프로세스를 필요로 합니다. 또한, 게임매출은 회사의 주요 성과지표 중 하나이고 게임매출이 적절하지 않은 기간에 인식되거나 목표 또는 기대치 달성을 위한 부정의 발생 등 고유위험을 불러일으킬 수 있으므로 감사인은 게임매출의 수익 인식을 핵심감사사항으로 식별하였습니다. 우리가 게임매출 수익 인식과 관련하여 수행한 주요 ",감사절차는 다음과 같습니다. - 수익인식 회계정책 이해 및 평가 - 수익인식과 관련된 내부통제의 유효성 평가 - 수익의 실재성 테스트를 위한 회사 생성 데이터와 외부 데이터의 비교 - 미사용 아이템과 관련된 이연수익 재계산,lookback
00965813,2022,(주)미투온,게임,20230322001177,연결,1,게임매출 수익 인식,"핵심감사사항은 우리의 전문가적 판단에 따라 당기 연결재무제표 감사에서 가장 유의적인사항들입니다. 해당 사항들은 연결재무제표 전체에 대한 감사의 관점에서 우리의 의견형성 시 다루어졌으며, 우리는 이런 사항에 대하여 별도의 의견을 제공하지는 않습니다. 게임매출 수익 인식 연결회사는 게임 소프트웨어의 개발 및 서비스 제공을 주요 사업목적으로 하고 있습니다. 연결회사의 게임매출은 대부분 연결회사와 소비자 간의 거래로 이루어져 있어,연결회사가 고객과체결한 계약의 복잡성 및 다양성은 제한적이지만 처리하여야 할 거래 건수는 매우 많습니다. 이에 게임매출 인식을 위해서 전산시스템의 이용을 포함한 복잡한 내부 프로세스를 필요로 합니다. 또한, 게임매출은 연결회사의 주요 성과지표 중 하나이고 게임매출이 적절하지 않은 기간에 인식되거나 목표 또는 기대치 달성을 위한 부정의 발생 등 고유위험을 불러일으킬 수 있으므로 감사인은 게임매출의 수익 인식을 핵심감사사항으로 식별하였습니다.우리가 게임매출 수익 인식과 관련하여 수행한 주요 ",감사절차는 다음과 같습니다.- 수익인식 회계정책 이해 및 평가- 수익인식과 관련된 내부통제의 유효성 평가- 수익의 실재성 테스트를 위한 회사 생성 데이터와 외부 데이터의 비교- 미사용 아이템과 관련된 이연수익 재계산,lookback
00965813,2023,(주)미투온,게임,20240321001745,연결,1,게임매출 수익 인식,"핵심감사사항은 우리의 전문가적 판단에 따라 당기 연결재무제표 감사에서 가장 유의적인사항들입니다. 해당 사항들은 연결재무제표 전체에 대한 감사의 관점에서 우리의 의견형성 시 다루어졌으며, 우리는 이런 사항에 대하여 별도의 의견을 제공하지는 않습니다. 게임매출 수익 인식 연결회사는 게임 소프트웨어의 개발 및 서비스 제공을 주요 사업목적으로 하고 있습니다. 연결회사의 게임매출은 대부분 연결회사와 소비자 간의 거래로 이루어져 있어,연결회사가 고객과체결한 계약의 복잡성 및 다양성은 제한적이지만 처리하여야 할 거래 건수는 매우 많습니다. 이에 게임매출 인식을 위해서 전산시스템의 이용을 포함한 복잡한 내부 프로세스를 필요로 합니다. 또한, 게임매출은 연결회사의 주요 성과지표 중 하나이고 게임매출이 적절하지 않은 기간에 인식되거나 목표 또는 기대치 달성을 위한 부정의 발생 등 고유위험을 불러일으킬 수 있으므로 감사인은 게임매출의 수익 인식을 핵심감사사항으로 식별하였습니다.우리가 게임매출 수익 인식과 관련하여 수행한 주요 ","감사절차는 다음과 같습니다.- 수익인식 회계정책 이해 및 평가- 회사의 전체 매출액을 유형별로 구분하여, 수익인식 유형별 수익인식기준(기업회 계기준서 제 1115호) 충족여부 검토- 회사의 매출 관련 통제활동에 대한 이해 및 내부통제의 유효성 평가- 당기 중 발생한 매출거래에 대하여 표본추출방식을 이용한 세부실증절차 수행 - 보고기간말 전후 발생한 매출거래에 대한 수익인식의 기간귀속을 확인하는 절차 수행 - 수익인식에 대응되는 매출채권에 대해 표본추출방식을 이용한 외부조회 확인- 미사용 아이템과 관련된 이연수익 재계산- 매출유형별로 과거기간과의 실적비교, 월별 실적의 추세 분석 등 분석적절차 수행",lookback
00965813,2024,(주)미투온,게임,20250320001679,연결,1,게임매출 수익 인식,"핵심감사사항은 우리의 전문가적 판단에 따라 당기 연결재무제표 감사에서 가장 유의적인사항들입니다. 해당 사항들은 연결재무제표 전체에 대한 감사의 관점에서 우리의 의견형성 시 다루어졌으며, 우리는 이런 사항에 대하여 별도의 의견을 제공하지는 않습니다. 게임매출 수익 인식 연결회사는 게임 소프트웨어의 개발 및 서비스 제공을 주요 사업목적으로 하고 있습니다. 연결회사의 게임매출은 대부분 연결회사와 소비자 간의 거래로 이루어져 있어,연결회사가 고객과체결한 계약의 복잡성 및 다양성은 제한적이지만 처리하여야 할 거래 건수는 매우 많습니다. 이에 게임매출 인식을 위해서 전산시스템의 이용을 포함한 복잡한 내부 프로세스를 필요로 합니다. 또한, 게임매출은 연결회사의 주요 성과지표 중 하나이고 게임매출이 적절하지 않은 기간에 인식되거나 목표 또는 기대치 달성을 위한 부정의 발생 등 고유위험을 불러일으킬 수 있으므로 감사인은 게임매출의 수익 인식을 핵심감사사항으로 식별하였습니다.우리가 게임매출 수익 인식과 관련하여 수행한 주요 ","감사절차는 다음과 같습니다.- 수익인식 회계정책 이해 및 평가- 회사의 전체 매출액을 유형별로 구분하여, 수익인식 유형별 수익인식기준(기업회 계기준서 제 1115호) 충족여부 검토- 회사의 매출 관련 통제활동에 대한 이해 및 내부통제의 유효성 평가- 당기 중 발생한 매출거래에 대하여 표본추출방식을 이용한 세부실증절차 수행- 보고기간말 전후 발생한 매출거래에 대한 수익인식의 기간귀속을 확인하는 절차 수행- 수익인식에 대응되는 매출채권에 대해 표본추출방식을 이용한 외부조회 확인- 미사용 아이템과 관련된 이연수익 재계산- 매출유형별로 과거기간과의 실적비교, 월별 실적의 추세 분석 등 분석적절차 수행",lookback
00974927,2019,(주)넥스트엔터테인먼트월드,콘텐츠,20200330004443,연결,1,영화상품매출의 정확성,재무제표에 대한 주석 2에 기재된 바와 같이 연결회사는 고객에게 영화를 상영할 권리를 부여하고 고객이 연결회사의 영화를 상영한 이후에 고객과의 정산을 통해 수익을 인식합니다. 거래의 구조상 고객이 제공하는 수익의 집계가 정확하지 않거나 수익이 적절하지 않은 기간에 인식되는 등의 재무제표 왜곡표시 위험이 존재한다고 판단되어 영화상품매출의 정확성을 핵심감사사항으로 식별하였습니다.,핵심감사사항에 대응하기 위하여 우리는 다음을 포함한 감사절차를 수행하였습니다. ㆍ수익인식 프로세스의 이해 및 관련 통제의 이해 및 평가 ㆍ당기 중 발생한 거래에 대하여 표본추출방식을 이용한 실증절차 ㆍ수익인식에 대응되는 매출채권에 대해 표본추출방식을 이용한 외부조회 확인 ㆍ객관적인 외부데이타의 확인,subhead
00974927,2020,(주)넥스트엔터테인먼트월드,콘텐츠,20210318001309,연결,1,영화상품매출의 발생사실,재무제표에 대한 주석 2에 기재된 바와 같이 연결회사는 고객에게 영화를 상영할 권리를 부여하고 고객이 연결회사의 영화를 상영한 이후에 고객과의 정산을 통해 수익을 인식합니다. 거래의 구조상 고객이 제공하는 수익의 집계가 정확하지 않거나 수익인식 금액에 오류가 발생할 잠재적 위험이 존재하는 등의 재무제표 왜곡표시 위험이 존재한다고 판단되어 영화상품매출의 발생사실을 핵심감사사항으로 식별하였습니다.,핵심감사사항에 대응하기 위하여 우리는 다음을 포함한 감사절차를 수행하였습니다. ㆍ수익인식 프로세스의 이해 및 관련 통제의 이해 및 평가 ㆍ당기 중 발생한 거래에 대하여 표본추출방식을 이용한 실증절차 ㆍ수익인식에 대응되는 매출채권에 대해 표본추출방식을 이용한 외부조회 확인 ㆍ객관적인 외부데이터의 확인,subhead
00974927,2021,(주)넥스트엔터테인먼트월드,콘텐츠,20220317001168,연결,1,영화상품매출의 발생사실,연결재무제표에 대한 주석 2에 기재된 바와 같이 연결회사는 고객에게 영화를 상영할 권리를 부여하고 고객이 회사의 영화를 상영한 이후에 고객과의 정산을 통해 수익을 인식합니다. 거래의 구조상 고객이 제공하는 수익의 집계가 정확하지 않거나 수익인식 금액에 오류가 발생할 잠재적 위험이 존재하는 등의 연결재무제표 왜곡표시 위험이 존재한다고 판단되어 영화상품매출의 발생사실을 핵심감사사항으로 식별하였습니다.,핵심감사사항에 대응하기 위하여 우리는 다음을 포함한 감사절차를 수행하였습니다. ㆍ수익인식 프로세스의 이해 및 관련 통제의 이해 및 평가 ㆍ당기 중 발생한 거래에 대하여 표본추출방식을 이용한 실증절차 ㆍ수익인식에 대응되는 매출채권에 대해 표본추출방식을 이용한 외부조회 확인 ㆍ객관적인 외부데이터 입수 및 확인,subhead
00974927,2022,(주)넥스트엔터테인먼트월드,콘텐츠,20230321001370,연결,1,투입법에따른 수익인식,"연결재무제표에 대한 주석 2에 기재된 바와 같이 연결회사는 드라마 콘텐츠를 제작하여 방영권을 판매하고 있으며, 비정형화된 연결회사의 매출 특성상 계약의 복잡성 및 다양성이 증가하고 있습니다. 특히 투입법에 따른 매출은 연결회사의 주요 성과 지표이고, 총계약수익과 총계약원가 추정치의 변동 및 진행률에 영향을 받고 있습니다. 이에 따라 연결재무제표 왜곡표시 위험이 존재한다고 판단되어 투입법에 따른 수익인식을 핵심감사사항으로 식별하였습니다.","핵심감사사항에 대응하기 위하여 우리는 다음을 포함한 감사절차를 수행하였습니다. ㆍ수익 인식 회계정책의 적정성 검토 ㆍ보고기간 종료일 현재 주요 프로젝트의 현재 진행상황 및 유의적인 변동사항에 대하여 질문 및 증감분석 ㆍ계약금액, 예정원가, 원가율 등 주요 재무지표에 대한 분석적 검토 ㆍ해당 매출 인식과 총계약원가 추정에 관련된 내부통제의 이해와 평가 ㆍ해당 매출 거래 중 표본 추출된 거래에 대하여 계약사항과 실재성, 기간귀속의 적정성을 확인하기 위한 문서검사 ㆍ총 계약원가 중 주요 발생 항목에 대하여 표본 추출하여 외부 증빙 테스트 ㆍ프로젝트 진행률에 대하여 독립적으로 재계산",subhead
00974927,2023,(주)넥스트엔터테인먼트월드,콘텐츠,20240319000700,연결,1,수익인식에 대응되는 매출채권에 대해 표본추출방식을 이용한 외부조회 확인ㆍ객관적인 외부데이터 입수 및 확인,"연결재무제표에 대한 주석 11에 기재된 바와 같이 연결회사는 영화투자 및 배급을 주요 목적사업으로 영위하고 있으며, 영화 제작을 위하여관련 비용을 선지급하고 있으며 연결재무제표상 장,단기 선급금으로 계상하고 있습니다. 연결회사는 영화 제작 관련 선급금의 미래 회수가능액이 장부금액에 미달할 경우 대손충당금을 계상하고 있으며, 영화 개봉시점에 영화상영기간에 걸쳐 영화매출원가로 비용화 되고 있습니다. 해당 선급금의 실재성 및 회수가능성은 연결회사의 선급금 및 영화매출원가에 유의적인 영향을 미칠 수 있으므로 핵심감사사항으로 식별하였습니다.",핵심감사사항에 대응하기 위하여 우리는 다음을 포함한 감사절차를 수행하였습니다.- 선급금 계상에 대한 연결회사의 정책 및 관련 내부통제 검토 - 주요 선급금에 대한 조회절차 수행 - 주요 영화 프로젝트별 담당자 면담 및 외부 자료 확인을 통한 진행 현황 파악 - 주요 영화 프로젝트별 미래 회수가능액을 유의적으로 감소시킬수 있는 손상 징후 검토 및 이에 대한 연결회사의 대응 계획 검토,subhead
00974927,2024,(주)넥스트엔터테인먼트월드,콘텐츠,20250319001098,연결,1,영화상품매출의 발생사실,연결재무제표에 대한 주석 2에 기재된 바와 같이 연결회사는 고객에게 영화를 상영할 권리를 부여하고 고객이 연결회사의 영화를 상영한 이후에 고객과의 정산을 통해 수익을 인식합니다. 거래의 구조상 고객이 제공하는 수익의 집계가 정확하지 않거나 수익인식 금액에 오류가 발생할 잠재적 위험이 존재하는 등의 연결재무제표 왜곡표시 위험이 존재한다고 판단되어 영화상품매출의 발생사실을 핵심감사사항으로 식별하였습니다.,핵심감사사항에 대응하기 위하여 우리는 다음을 포함한 감사절차를 수행하였습니다. ㆍ수익인식 프로세스의 이해 및 관련 통제의 이해 및 평가 ㆍ당기 중 발생한 거래에 대하여 표본추출방식을 이용한 실증절차 ㆍ수익인식에 대응되는 매출채권에 대해 표본추출방식을 이용한 외부조회 확인ㆍ객관적인 외부데이터 입수 및 확인,subhead
00975290,2020,(주)에이스토리,콘텐츠,20210319000884,별도,1,투입법에 따른 수익인식,"핵심감사사항은 우리의 전문가적 판단에 따라 당기 재무제표감사에서 가장 유의적인사항들입니다. 해당 사항들은 재무제표 전체에 대한 감사의 관점에서 우리의 의견 형성 시 다루어졌으며, 우리는 이런 사항에 대하여 별도의 의견을 제공하지는 않습니다. 가. 투입법에 따른 수익인식 회사는 드라마 콘텐츠를 제작하여 방영권을 판매하고 있으며, 비정형화된 회사의 매출 특성상 계약의 복잡성 및 다양성이 증가하고 있습니다. 특히 당기에 발생한 투입법에 따른 매출은 회사의 주요 성과 지표이고, 총계약수익과 총계약원가 추정치의 변동 및 진행율에 영향을 받고 있습니다. 이에 따라 본 감사인은 이를 핵심감사사항으로 식별하였습니다 당기말 회사의 수익인식의 적정성에 대하여 ","우리가 수행한 주요 감사절차는 다음과 같습니다. - 수익 인식 회계정책의 적정성 검토 - 보고기간 종료일 현재 주요 프로젝트의 현재 진행상황 및 유의적인 변동사항에 대하여 질문 및 분석적 검토 - 계약금액, 예정원가, 원가율 등 주요 재무지표에 대한 분석적 검토 - 해당 매출 인식과 총계약원가 추정에 관련된 내부통제의 이해와 평가 - 해당 매출 거래 중 표본 추출된 거래에 대하여 계약사항과 실재성, 기간귀속의 적정성을 확인하기 위한 문서검사 - 총 계약원가 중 주요 항목에 대하여 표본 추출하여 외부 증빙 테스트 - 프로젝트 진행율에 대해 독립적으로 재계산 나. 이연법인세자산의 실현가능성 평가 회사는 이연법인세자산의 장부금액을 매 보고기간 종료일에 검토하고, 이연법인세자산에 대한 혜택이 사용되기에 충분한 과세소득이 발생할 범위를 한도로 이연법인세자산을 인식하고 있습니다. 이연법인세자산의 실현가능성 평가는 예상과세소득 추정과 세액공제 활용시기에 대해 경영진의 판단을 요구하기 때문에 복잡성을 내포하고 있습니다.",lookback
00975290,2020,(주)에이스토리,콘텐츠,20210319000884,별도,2,이연법인세자산의 실현가능성 평가,"하였습니다 당기말 회사의 수익인식의 적정성에 대하여 우리가 수행한 주요 감사절차는 다음과 같습니다. - 수익 인식 회계정책의 적정성 검토 - 보고기간 종료일 현재 주요 프로젝트의 현재 진행상황 및 유의적인 변동사항에 대하여 질문 및 분석적 검토 - 계약금액, 예정원가, 원가율 등 주요 재무지표에 대한 분석적 검토 - 해당 매출 인식과 총계약원가 추정에 관련된 내부통제의 이해와 평가 - 해당 매출 거래 중 표본 추출된 거래에 대하여 계약사항과 실재성, 기간귀속의 적정성을 확인하기 위한 문서검사 - 총 계약원가 중 주요 항목에 대하여 표본 추출하여 외부 증빙 테스트 - 프로젝트 진행율에 대해 독립적으로 재계산 나. 이연법인세자산의 실현가능성 평가 회사는 이연법인세자산의 장부금액을 매 보고기간 종료일에 검토하고, 이연법인세자산에 대한 혜택이 사용되기에 충분한 과세소득이 발생할 범위를 한도로 이연법인세자산을 인식하고 있습니다. 이연법인세자산의 실현가능성 평가는 예상과세소득 추정과 세액공제 활용시기에 대해 경영진의 판단을 요구하기 때문에 복잡성을 내포하고 있습니다. 이러한 불확실성과 유의적 판단이 수반되는 점을 고려하여 본 감사인은 이를 핵심감사사항으로 식별하였습니다. 핵심감사사항에 대응하기 위해 ",우리가 수행한 주요 감사절차는 다음과 같습니다 - 최근 사업계획 및 과거 실적을 통해 예상과세소득 결정 시 사용된 매출액 및 영업비용과 주요 투입 변수에 대한 검토 - 회사의 예상과세소득에 대한 추정이 적절한지 평가하기 위해 감사보고서일 전 이용 가능한 회사의 실제 영업성과와 예상과세소득 비교 검토 - 회사가 제시한 차감할 일시적 차이 및 결손금의 활용시기에 대한 검토,lookback
00975290,2021,(주)에이스토리,콘텐츠,20220321000998,연결,1,투입법에 따른 수익인식,"핵심감사사항은 우리의 전문가적 판단에 따라 당기 재무제표감사에서 가장 유의적인사항들입니다. 해당 사항들은 재무제표 전체에 대한 감사의 관점에서 우리의 의견 형성 시 다루어졌으며, 우리는 이런 사항에 대하여 별도의 의견을 제공하지는 않습니다. 가. 투입법에 따른 수익인식 연결실체는 드라마 콘텐츠를 제작하여 방영권을 판매하고 있으며, 비정형화된 연결실체의 매출 특성상 계약의 복잡성 및 다양성이 증가하고 있습니다. 특히 당기에 발생한 투입법에 따른 매출은 연결실체의 주요 성과 지표이고, 총계약수익과 총계약원가 추정치의 변동 및 진행율에 영향을 받고 있습니다. 이에 따라 본 감사인은 이를 핵심감사사항으로 식별하였습니다 당기말 연결실체의 수익인식의 적정성에 대하여 ","우리가 수행한 주요 감사절차는 다음과 같습니다. - 수익 인식 회계정책의 적정성 검토 - 보고기간 종료일 현재 주요 프로젝트의 현재 진행상황 및 유의적인 변동사항에 대하여 질문 및 증감분석 - 계약금액, 예정원가, 원가율 등 주요 재무지표에 대한 분석적 검토 - 해당 매출 인식과 총계약원가 추정에 관련된 내부통제의 이해와 평가 - 해당 매출 거래 중 표본 추출된 거래에 대하여 계약사항과 실재성, 기간귀속의 적정성을 확인하기 위한 문서검사 - 총 계약원가 중 주요 항목에 대하여 표본 추출하여 외부 증빙 테스트 - 프로젝트 진행율에 대해 독립적으로 재계산 나. 이연법인세자산의 실현가능성 평가 연결실체는 이연법인세자산의 장부금액을 매 보고기간 종료일에 검토하고, 이연법인세자산에 대한 혜택이 사용되기에 충분한 과세소득이 발생할 범위를 한도로 이연법인세자산을 인식하고 있습니다. 이연법인세자산의 실현가능성 평가는 예상과세소득 추정과 세액공제 활용시기에 대해 경영진의 판단을 요구하기 때문에 복잡성을 내포하고 있습니다.",lookback
00975290,2021,(주)에이스토리,콘텐츠,20220321000998,연결,2,이연법인세자산의 실현가능성 평가,"하였습니다 당기말 연결실체의 수익인식의 적정성에 대하여 우리가 수행한 주요 감사절차는 다음과 같습니다. - 수익 인식 회계정책의 적정성 검토 - 보고기간 종료일 현재 주요 프로젝트의 현재 진행상황 및 유의적인 변동사항에 대하여 질문 및 증감분석 - 계약금액, 예정원가, 원가율 등 주요 재무지표에 대한 분석적 검토 - 해당 매출 인식과 총계약원가 추정에 관련된 내부통제의 이해와 평가 - 해당 매출 거래 중 표본 추출된 거래에 대하여 계약사항과 실재성, 기간귀속의 적정성을 확인하기 위한 문서검사 - 총 계약원가 중 주요 항목에 대하여 표본 추출하여 외부 증빙 테스트 - 프로젝트 진행율에 대해 독립적으로 재계산 나. 이연법인세자산의 실현가능성 평가 연결실체는 이연법인세자산의 장부금액을 매 보고기간 종료일에 검토하고, 이연법인세자산에 대한 혜택이 사용되기에 충분한 과세소득이 발생할 범위를 한도로 이연법인세자산을 인식하고 있습니다. 이연법인세자산의 실현가능성 평가는 예상과세소득 추정과 세액공제 활용시기에 대해 경영진의 판단을 요구하기 때문에 복잡성을 내포하고 있습니다. 이러한 불확실성과 유의적 판단이 수반되는 점을 고려하여 본 감사인은 이를 핵심감사사항으로 식별하였습니다. 핵심감사사항에 대응하기 위해 ",우리가 수행한 주요 감사절차는 다음과 같습니다 - 최근 사업계획 및 과거 실적을 통해 예상과세소득 결정 시 사용된 매출액 및 영업비용과 주요 투입 변수에 대한 검토 - 연결실체의 예상과세소득에 대한 추정이 적절한지 평가하기 위해 감사보고서일 전 이용 가능한 연결실체의 실제 영업성과와 예상과세소득 비교 검토,lookback
00975290,2022,(주)에이스토리,콘텐츠,20230321000923,연결,1,불확실성과 유의적 판단이 수반되는 점을 고려하여 본 감사인은 이,"하였습니다당기말 연결회사의 수익인식의 적정성에 대하여 우리가 수행한 주요 감사절차는 다음과 같습니다.- 수익 인식 회계정책의 적정성 검토- 보고기간 종료일 현재 주요 프로젝트의 현재 진행상황 및 유의적인 변동사항에 대하여 질문 및 증감분석- 계약금액, 예정원가, 원가율 등 주요 재무지표에 대한 분석적 검토- 해당 매출 인식과 총계약원가 추정에 관련된 내부통제의 이해와 평가- 해당 매출 거래 중 표본 추출된 거래에 대하여 계약사항과 실재성, 기간귀속의 적정성을 확인하기 위한 문서검사- 총 계약원가 중 주요 항목에 대하여 표본 추출하여 외부 증빙 테스트- 프로젝트 진행율에 대해 독립적으로 재계산 나. 이연법인세자산의 실현가능성 평가연결회사는 이연법인세자산의 장부금액을 매 보고기간 종료일에 검토하고, 이연법인세자산에 대한 혜택이 사용되기에 충분한 과세소득이 발생할 범위를 한도로 이연법인세자산을 인식하고 있습니다. 이연법인세자산의 실현가능성 평가는 예상과세소득 추정과 세액공제 활용시기에 대해 경영진의 판단을 요구하기 때문에 복잡성을 내포하고 있습니다. 이러한 불확실성과 유의적 판단이 수반되는 점을 고려하여 본 감사인은 이를 핵심감사사항으로 식별하였습니다.핵심감사사항에 대응하기 위해 ",우리가 수행한 주요 감사절차는 다음과 같습니다- 최근 사업계획 및 과거 실적을 통해 예상과세소득 결정 시 사용된 매출액 및 영업비용과 주요 투입 변수에 대한 검토- 연결회사의 예상과세소득에 대한 추정이 적절한지 평가하기 위해 감사보고서일 전 이용 가능한 연결회사의 실제 영업성과와 예상과세소득 비교 검토,decl
00975290,2023,(주)에이스토리,콘텐츠,20240321001572,연결,1,불확실성과 유의적 판단이 수반되는 점을 고려하여 본 감사인은 이,"하였습니다당기말 연결회사의 수익인식의 적정성에 대하여 우리가 수행한 주요 감사절차는 다음과 같습니다.- 수익 인식 회계정책의 적정성 검토- 보고기간 종료일 현재 주요 프로젝트의 현재 진행상황 및 유의적인 변동사항에 대하여 질문 및 증감분석- 계약금액, 예정원가, 원가율 등 주요 재무지표에 대한 분석적 검토- 해당 매출 인식과 총계약원가 추정에 관련된 내부통제의 이해와 평가- 해당 매출 거래 중 표본 추출된 거래에 대하여 계약사항과 실재성, 기간귀속의 적정성을 확인하기 위한 문서검사- 총 계약원가 중 주요 항목에 대하여 표본 추출하여 외부 증빙 테스트- 프로젝트 진행율에 대해 독립적으로 재계산 나. 이연법인세자산의 실현가능성 평가연결회사는 이연법인세자산의 장부금액을 매 보고기간 종료일에 검토하고, 이연법인세자산에 대한 혜택이 사용되기에 충분한 과세소득이 발생할 범위를 한도로 이연법인세자산을 인식하고 있습니다. 이연법인세자산의 실현가능성 평가는 예상과세소득 추정과 세액공제 활용시기에 대해 경영진의 판단을 요구하기 때문에 복잡성을 내포하고 있습니다. 이러한 불확실성과 유의적 판단이 수반되는 점을 고려하여 본 감사인은 이를 핵심감사사항으로 식별하였습니다.핵심감사사항에 대응하기 위해 ",우리가 수행한 주요 감사절차는 다음과 같습니다- 최근 사업계획 및 과거 실적을 통해 예상과세소득 결정 시 사용된 매출액 및 영업비용과 주요 투입 변수에 대한 검토- 연결회사의 예상과세소득에 대한 추정이 적절한지 평가하기 위해 감사보고서일 전 이용 가능한 연결회사의 실제 영업성과와 예상과세소득 비교 검토,decl
00975290,2024,(주)에이스토리,콘텐츠,20250320001255,연결,1,불확실성과 유의적 판단이 수반되는 점을 고려하여 본 감사인은 이,"하였습니다당기말 연결회사의 수익인식의 적정성에 대하여 우리가 수행한 주요 감사절차는 다음과 같습니다.- 수익 인식 회계정책의 적정성 검토- 보고기간 종료일 현재 주요 프로젝트의 현재 진행상황 및 유의적인 변동사항에 대하여 질문 및 증감분석- 계약금액, 예정원가, 원가율 등 주요 재무지표에 대한 분석적 검토- 해당 매출 인식과 총계약원가 추정에 관련된 내부통제의 이해와 평가- 해당 매출 거래 중 표본 추출된 거래에 대하여 계약사항과 실재성, 기간귀속의 적정성을 확인하기 위한 문서검사- 총 계약원가 중 주요 항목에 대하여 표본 추출하여 외부 증빙 테스트- 프로젝트 진행율에 대해 독립적으로 재계산 나. 이연법인세자산의 실현가능성 평가연결회사는 이연법인세자산의 장부금액을 매 보고기간 종료일에 검토하고, 이연법인세자산에 대한 혜택이 사용되기에 충분한 과세소득이 발생할 범위를 한도로 이연법인세자산을 인식하고 있습니다. 이연법인세자산의 실현가능성 평가는 예상과세소득 추정과 세액공제 활용시기에 대해 경영진의 판단을 요구하기 때문에 복잡성을 내포하고 있습니다. 이러한 불확실성과 유의적 판단이 수반되는 점을 고려하여 본 감사인은 이를 핵심감사사항으로 식별하였습니다.핵심감사사항에 대응하기 위해 ",우리가 수행한 주요 감사절차는 다음과 같습니다- 최근 사업계획 및 과거 실적을 통해 예상과세소득 결정 시 사용된 매출액 및 영업비용과 주요 투입 변수에 대한 검토- 연결회사의 예상과세소득에 대한 추정이 적절한지 평가하기 위해 감사보고서일 전 이용 가능한 연결회사의 실제 영업성과와 예상과세소득 비교 검토,decl
00983271,2019,엔에이치엔(주),게임,20200330003926,연결,1,게임서비스 수익 인식,"핵심감사사항은 우리의 전문가적 판단에 따라 당기 연결재무제표감사에서 가장 유의적인 사항들입니다. 해당 사항들은 연결재무제표 전체에 대한 감사의 관점에서 우리의 의견형성 시 다루어졌으며, 우리는 이런 사항에 대하여 별도의 의견을 제공하지는않습니다. (1) 게임서비스 수익 인식 연결재무제표에 대한 주석 4에서 설명한 바와 같이, 연결회사는 자체제작 게임 및 퍼블리싱 게임을 이용하는 고객에게 아이템 및 아바타를 판매하고 있으며, 고객이 아이템 및 아바타를 사용하는 시점에 수익을 인식하고 있습니다(주석4 참조). 연결회사가2019년 12월 31일로 종료하는 회계연도에 인식한 영업수익 및 게임서비스 수익은 각각 1,488,597백만원 및 476,809백만원입니다. 연결회사의 영업수익에서 게임서비스 수익이 차지하는 비중이 유의적이며, 대부분 연결회사와 소비자 간의 거래로 이루어져 있어 고객과 체결한 계약의 복잡성 및 다양성은 제한적이지만 처리하여야 할 거래 건수는 매우 많습니다. 게임서비스 수익을 인식하기 위하여 전산시스템의 이용을 포함한 복잡한 내부 프로세스를 필요로 하기에 이러한 게임서비스 수익은 유의적인 왜곡표시위험이 있는 것으로 판단, 우리는 이 유형의 수익인식과 관련한 회계처리를 핵심감사사항으로 결정하였습니다. 우리가 게임서비스 수익인식과 관련하여 수행한 주요 ","감사절차는 다음과 같습니다. - 게임서비스 수익에 대한 회계정책을 확인하고 관련 내부통제에 대한 이해와 평가 수행 - 게임서비스 관련 시스템에 대한 전산일반통제의 적절성 확인 - 게임서비스 관련 시스템으로 부터 회계 시스템까지의 수익관련 데이터 대체에 대 한 완전성과 정확성 확인 - 수익의 실재성 테스트를 위한 회사 생성 데이터와 외부 데이터의 비교 - 게임 내 아이템사용과 관련된 이연수익의 검토 (2) 현금창출단위의 영업권 손상 연결회사는 다양한 사업에 대한 투자를 진행하는 바 2019년 12월 31일 현재 다양한 현금창출단위에 배분된 영업권 371,700백만원을 인 식하고 있습니다(주석15참조). 기업회계기준서 제1036호에서 영업권은 손상징후가 발견되지 않아도 매년 손상 검토를 수행하여야 하는 자산으로 연결회사는 영업권이 배분된 현금창출단위에 대하여매년 회수가능액을 추정합니다. 경영진은 현금창출단위의 회수가능액에 대한 추정을통하여 손상이 발생하였는지 여부를 판단합니다. 우리는 당기 중 연결회사가 식별한 영업권이 배분된 현금창출단위인 Accommate Holdings Ltd. 및 그 종속기업, NHN GLOBAL, INC. 및 ㈜엔에이치엔벅스의 금액이 유의적이며, 연결회사의 손상 검토의 과정은 연결회사 경영진의 유의적인 판단과 회계추정치를 수반하므로 영업권이 배분된 Accommate Holdings Ltd. 및 그 종속기업,NHN GLOBAL, INC.",lookback
00983271,2019,엔에이치엔(주),게임,20200330003926,연결,2,식하고 있습니다(주석15참조).,"하였습니다. 우리가 게임서비스 수익인식과 관련하여 수행한 주요 감사절차는 다음과 같습니다. - 게임서비스 수익에 대한 회계정책을 확인하고 관련 내부통제에 대한 이해와 평가 수행 - 게임서비스 관련 시스템에 대한 전산일반통제의 적절성 확인 - 게임서비스 관련 시스템으로 부터 회계 시스템까지의 수익관련 데이터 대체에 대 한 완전성과 정확성 확인 - 수익의 실재성 테스트를 위한 회사 생성 데이터와 외부 데이터의 비교 - 게임 내 아이템사용과 관련된 이연수익의 검토 (2) 현금창출단위의 영업권 손상 연결회사는 다양한 사업에 대한 투자를 진행하는 바 2019년 12월 31일 현재 다양한 현금창출단위에 배분된 영업권 371,700백만원을 인 식하고 있습니다(주석15참조). 기업회계기준서 제1036호에서 영업권은 손상징후가 발견되지 않아도 매년 손상 검토를 수행하여야 하는 자산으로 연결회사는 영업권이 배분된 현금창출단위에 대하여매년 회수가능액을 추정합니다. 경영진은 현금창출단위의 회수가능액에 대한 추정을통하여 손상이 발생하였는지 여부를 판단합니다. 우리는 당기 중 연결회사가 식별한 영업권이 배분된 현금창출단위인 Accommate Holdings Ltd. 및 그 종속기업, NHN GLOBAL, INC. 및 ㈜엔에이치엔벅스의 금액이 유의적이며, 연결회사의 손상 검토의 과정은 연결회사 경영진의 유의적인 판단과 회계추정치를 수반하므로 영업권이 배분된 Accommate Holdings Ltd. 및 그 종속기업,NHN GLOBAL, INC. 및 ㈜엔에이치엔벅스에 대한 현금창출단위 손상의 적정성을 핵심감사사항으로 결정하였습니다. 연결회사의 영업권이 배분된 현금창출단위의 손상 검토에 대하여 ","우리가 수행한 주요 감사절차는 다음과 같습니다. - 연결회사가 활용한 경영진측 전문가의 적격성 및 독립성 확인 - 손상 검토가 진행된 영업권이 배분된 현금창출단위에 대하여 경영진이 적용한 회 수가능액 추정의 적합성 및 적용한 가정의 합리성 검토 - 중요한 영업권이 배분된 현금창출단위의 손상 검토 결과에 대하여 감사인측 전문 가 활용을 통해 경영진이 사용한 투입변수 등에 대한 독립적 추정치와 경영진의 추 정치간 유의적인 차이여부 확인 - 전기 추정치에 사용된 현금흐름을 당기 실제 성과와 비교하여 소급적으로 검토함 으로서, 추정의 편의가 존재하는지 여부를 확인",lookback
00983271,2020,엔에이치엔(주),게임,20210315001011,연결,1,게임서비스 수익 인식,"핵심감사사항은 우리의 전문가적 판단에 따라 당기 연결재무제표감사에서 가장 유의적인 사항들입니다. 해당 사항들은 연결재무제표 전체에 대한 감사의 관점에서 우리의 의견형성 시 다루어졌으며, 우리는 이런 사항에 대하여 별도의 의견을 제공하지는않습니다. (1) 게임서비스 수익 인식 연결재무제표에 대한 주석 4에서 설명한 바와 같이, 연결회사는 자체제작 게임 및 퍼블리싱 게임을 이용하는 고객에게 아이템 및 아바타를 판매하고 있으며, 고객이 아이템 및 아바타를 사용하는 시점에 수익을 인식하고 있습니다. 연결회사가 2020년 12월 31일로 종료하는 회계연도에 인식한 영업수익 및 게임서비스 수익은 각각 1,675,172백만원 및 459,958백만원입니다. 연결회사의 영업수익에서 게임서비스 수익이 차지하는 비중이 유의적이며, 대부분 연결회사와 소비자 간의 거래로 이루어져 있어 고객과 체결한 계약의 복잡성 및 다양성은 제한적이지만 처리하여야 할 거래 건수는 매우 많습니다. 게임서비스 수익을 인식하기 위하여 전산시스템의 이용을 포함한 복잡한 내부 프로세스를 필요로 하기에 이러한 게임서비스 수익은 유의적인 왜곡표시위험이 있는 것으로 판단, 우리는 이 유형의 수익인식과 관련한 회계처리를 핵심감사사항으로 결정하였습니다. 우리가 게임서비스 수익인식과 관련하여 수행한 주요 ","감사절차는 다음과 같습니다. - 게임서비스 수익에 대한 회계정책을 확인하고 관련 내부통제에 대한 이해와 평가 수행 - 게임서비스 관련 시스템에 대한 전산일반통제의 적절성 확인 - 게임서비스 관련 시스템으로 부터 회계 시스템까지의 수익관련 데이터 대체에 대 한 완전성과 정확성 확인 - 수익의 실재성 테스트를 위한 회사 생성 데이터와 외부 데이터의 비교 - 게임 내 아이템사용과 관련된 이연수익의 검토 (2) 현금창출단위의 영업권 손상 연결회사는 다양한 사업에 대한 투자를 진행하는 바 2020년 12월 31일 현재 다양한 현금창출단위에 배분된 영업권 316,745백만원을 인 식하고 있습니다(주석 16 참조). 기업회계기준서 제1036호에서 영업권은 손상징후가 발견되지 않아도 매년 손상 검토를 수행하여야 하는 자산으로 연결회사는 영업권이 배분된 현금창출단위에 대하여매년 회수가능액을 추정합니다. 경영진은 현금창출단위의 회수가능액에 대한 추정을통하여 손상이 발생하였는지 여부를 판단합니다. 우리는 당기 중 연결회사가 식별한 영업권이 배분된 현금창출단위인 Accommate Holdings Ltd. 및 그 종속기업, NHN GLOBAL, INC. 및 ㈜엔에이치엔벅스의 금액이 유의적이며, 연결회사의 손상 검토의 과정은 연결회사 경영진의 유의적인 판단과 회계추정치를 수반하므로 영업권이 배분된 Accommate Holdings Ltd. 및 그 종속기업,NHN GLOBAL, INC.",lookback
00983271,2020,엔에이치엔(주),게임,20210315001011,연결,2,식하고 있습니다(주석 16 참조).,"하였습니다. 우리가 게임서비스 수익인식과 관련하여 수행한 주요 감사절차는 다음과 같습니다. - 게임서비스 수익에 대한 회계정책을 확인하고 관련 내부통제에 대한 이해와 평가 수행 - 게임서비스 관련 시스템에 대한 전산일반통제의 적절성 확인 - 게임서비스 관련 시스템으로 부터 회계 시스템까지의 수익관련 데이터 대체에 대 한 완전성과 정확성 확인 - 수익의 실재성 테스트를 위한 회사 생성 데이터와 외부 데이터의 비교 - 게임 내 아이템사용과 관련된 이연수익의 검토 (2) 현금창출단위의 영업권 손상 연결회사는 다양한 사업에 대한 투자를 진행하는 바 2020년 12월 31일 현재 다양한 현금창출단위에 배분된 영업권 316,745백만원을 인 식하고 있습니다(주석 16 참조). 기업회계기준서 제1036호에서 영업권은 손상징후가 발견되지 않아도 매년 손상 검토를 수행하여야 하는 자산으로 연결회사는 영업권이 배분된 현금창출단위에 대하여매년 회수가능액을 추정합니다. 경영진은 현금창출단위의 회수가능액에 대한 추정을통하여 손상이 발생하였는지 여부를 판단합니다. 우리는 당기 중 연결회사가 식별한 영업권이 배분된 현금창출단위인 Accommate Holdings Ltd. 및 그 종속기업, NHN GLOBAL, INC. 및 ㈜엔에이치엔벅스의 금액이 유의적이며, 연결회사의 손상 검토의 과정은 연결회사 경영진의 유의적인 판단과 회계추정치를 수반하므로 영업권이 배분된 Accommate Holdings Ltd. 및 그 종속기업,NHN GLOBAL, INC. 및 ㈜엔에이치엔벅스에 대한 현금창출단위 손상의 적정성을 핵심감사사항으로 결정하였습니다. 연결회사의 영업권이 배분된 현금창출단위의 손상 검토에 대하여 ","우리가 수행한 주요 감사절차는 다음과 같습니다. - 연결회사가 활용한 경영진측 전문가의 적격성 및 독립성 확인 - 손상 검토가 진행된 영업권이 배분된 현금창출단위에 대하여 경영진이 적용한 회 수가능액 추정의 적합성 및 적용한 가정의 합리성 검토 - 중요한 영업권이 배분된 현금창출단위의 손상 검토 결과에 대하여 감사인측 전문 가 활용을 통해 경영진이 사용한 투입변수 등에 대한 독립적 추정치와 경영진의 추 정치간 유의적인 차이여부 확인 - 전기 추정치에 사용된 현금흐름을 당기 실제 성과와 비교하여 소급적으로 검토함 으로써, 추정의 편의가 존재하는지 여부를 확인",lookback
00983271,2021,엔에이치엔(주),게임,20220321001453,연결,1,게임서비스 수익 인식,"핵심감사사항은 우리의 전문가적 판단에 따라 당기 연결재무제표감사에서 가장 유의적인 사항들입니다. 해당 사항들은 연결재무제표 전체에 대한 감사의 관점에서 우리의 의견형성 시 다루어졌으며, 우리는 이런 사항에 대하여 별도의 의견을 제공하지는않습니다. (1) 게임서비스 수익 인식 연결재무제표에 대한 주석 4에서 설명한 바와 같이, 연결회사는 자체제작 게임 및 퍼블리싱 게임을 이용하는 고객에게 아이템 및 아바타를 판매하고 있으며, 고객이 아이템 및 아바타를 사용하는 시점에 수익을 인식하고 있습니다. 연결회사가 2021년 12월 31일로 종료하는 회계연도에 인식한 영업수익 및 게임서비스 수익은 각각 1,923,677백만원 및 487,222백만원입니다. 연결회사의 영업수익에서 게임서비스 수익이 차지하는 비중이 유의적이며, 대부분 연결회사와 소비자 간의 거래로 이루어져 있어 고객과 체결한 계약의 복잡성 및 다양성은 제한적이지만 처리하여야 할 거래 건수는 매우 많습니다. 게임서비스 수익을 인식하기 위하여 전산시스템의 이용을 포함한 복잡한 내부 프로세스를 필요로 하기에 이러한 게임서비스 수익은 유의적인 왜곡표시위험이 있는 것으로 판단, 우리는 이 유형의 수익인식과 관련한 회계처리를 핵심감사사항으로 결정하였습니다. 우리가 게임서비스 수익인식과 관련하여 수행한 주요 ","감사절차는 다음과 같습니다. - 게임서비스 수익에 대한 회계정책을 확인하고 관련 내부통제에 대한 이해와 평가 수행 - 게임서비스 관련 시스템에 대한 전산일반통제의 적절성 확인 - 게임서비스 관련 시스템으로 부터 회계 시스템까지의 수익관련 데이터 대체에 대 한 완전성과 정확성 확인 - 수익의 실재성 테스트를 위한 회사 생성 데이터와 외부 데이터의 비교 - 게임 내 아이템사용과 관련된 이연수익의 검토 (2) 현금창출단위의 영업권 손상 연결회사는 다양한 사업에 대한 투자를 진행하는 바 2021년 12월 31일 현재 다양한 현금창출단위에 배분된 영업권 284,602백만원을 인식하고 있습니다(주석 16 참조). 기업회계기준서 제1036호에서 영업권은 손상징후가 발견되지 않아도 매년 손상 검토를 수행하여야 하는 자산으로 연결회사는 영업권이 배분된 현금창출단위에 대하여매년 회수가능액을 추정합니다. 경영진은 현금창출단위의 회수가능액에 대한 추정을통하여 손상이 발생하였는지 여부를 판단합니다. 우리는 당기 중 연결회사가 식별한 영업권이 배분된 현금창출단위인 Accommate Holdings Ltd. 및 그 종속기업, NHN GLOBAL, INC., NHN Techorus Inc. 및 엔에이치엔커머스㈜(구, 엔에이치엔고도㈜)의 금액이 유의적이며, 연결회사의 손상 검토의 과정은 연결회사 경영진의 유의적인 판단과 회계추정치를 수반하므로 영업권이 배분된 Accommate Holdings Ltd. 및 그 종속기업, NHN GLOBAL, INC., NHN Techorus Inc.",lookback
00983271,2021,엔에이치엔(주),게임,20220321001453,연결,2,현금창출단위의 영업권 손상,"하였습니다. 우리가 게임서비스 수익인식과 관련하여 수행한 주요 감사절차는 다음과 같습니다. - 게임서비스 수익에 대한 회계정책을 확인하고 관련 내부통제에 대한 이해와 평가 수행 - 게임서비스 관련 시스템에 대한 전산일반통제의 적절성 확인 - 게임서비스 관련 시스템으로 부터 회계 시스템까지의 수익관련 데이터 대체에 대 한 완전성과 정확성 확인 - 수익의 실재성 테스트를 위한 회사 생성 데이터와 외부 데이터의 비교 - 게임 내 아이템사용과 관련된 이연수익의 검토 (2) 현금창출단위의 영업권 손상 연결회사는 다양한 사업에 대한 투자를 진행하는 바 2021년 12월 31일 현재 다양한 현금창출단위에 배분된 영업권 284,602백만원을 인식하고 있습니다(주석 16 참조). 기업회계기준서 제1036호에서 영업권은 손상징후가 발견되지 않아도 매년 손상 검토를 수행하여야 하는 자산으로 연결회사는 영업권이 배분된 현금창출단위에 대하여매년 회수가능액을 추정합니다. 경영진은 현금창출단위의 회수가능액에 대한 추정을통하여 손상이 발생하였는지 여부를 판단합니다. 우리는 당기 중 연결회사가 식별한 영업권이 배분된 현금창출단위인 Accommate Holdings Ltd. 및 그 종속기업, NHN GLOBAL, INC., NHN Techorus Inc. 및 엔에이치엔커머스㈜(구, 엔에이치엔고도㈜)의 금액이 유의적이며, 연결회사의 손상 검토의 과정은 연결회사 경영진의 유의적인 판단과 회계추정치를 수반하므로 영업권이 배분된 Accommate Holdings Ltd. 및 그 종속기업, NHN GLOBAL, INC., NHN Techorus Inc. 및 엔에이치엔커머스㈜(구, 엔에이치엔고도㈜)에 대한 현금창출단위손상의 적정성을 핵심감사사항으로 결정하였습니다. 연결회사의 영업권이 배분된 현금창출단위의 손상 검토에 대하여 ","우리가 수행한 주요 감사절차는 다음과 같습니다. - 연결회사가 활용한 경영진측 전문가의 적격성 및 독립성 확인 - 손상 검토가 진행된 영업권이 배분된 현금창출단위에 대하여 경영진이 적용한 회 수가능액 추정의 적합성 및 적용한 가정의 합리성 검토 - 중요한 영업권이 배분된 현금창출단위의 손상 검토 결과에 대하여 감사인측 전문 가 활용을 통해 경영진이 사용한 투입변수 등에 대한 독립적 추정치와 경영진의 추 정치간 유의적인 차이여부 확인 - 전기 추정치에 사용된 현금흐름을 당기 실제 성과와 비교하여 소급적으로 검토함 으로써, 추정의 편의가 존재하는지 여부를 확인",lookback
00983271,2022,엔에이치엔(주),게임,20230320001095,연결,1,게임서비스 수익 인식,"핵심감사사항은 우리의 전문가적 판단에 따라 당기 연결재무제표감사에서 가장 유의적인 사항들입니다. 해당 사항들은 연결재무제표 전체에 대한 감사의 관점에서 우리의 의견형성 시 다루어졌으며, 우리는 이런 사항에 대하여 별도의 의견을 제공하지는않습니다. (1) 게임서비스 수익 인식 연결재무제표에 대한 주석 4에서 설명한 바와 같이, 연결회사는 자체제작 게임 및 퍼블리싱 게임을 이용하는 고객에게 아이템 및 아바타를 판매하고 있으며, 고객이 아이템 및 아바타를 사용하는 시점에 수익을 인식하고 있습니다. 연결회사가 2022년 12월 31일로 종료하는 회계연도에 인식한 영업수익 및 게임서비스 수익은 각각 2,114,870백만원 및 474,488백만원입니다.연결회사의 영업수익에서 게임서비스 수익이 차지하는 비중이 유의적이며, 대부분 연결회사와 소비자 간의 거래로 이루어져 있어 고객과 체결한 계약의 복잡성 및 다양성은 제한적이지만 처리하여야 할 거래 건수는 매우 많습니다. 게임서비스 수익을 인식하기 위하여 전산시스템의 이용을 포함한 복잡한 내부 프로세스를 필요로 하기에 이러한 게임서비스 수익은 유의적인 왜곡표시위험이 있는 것으로 판단, 우리는 이 유형의 수익인식과 관련한 회계처리를 핵심감사사항으로 결정하였습니다. 우리가 게임서비스 수익인식과 관련하여 수행한 주요 ","감사절차는 다음과 같습니다.- 게임서비스 수익에 대한 회계정책을 확인하고 관련 내부통제에 대한 이해와 평가 수행- 게임서비스 관련 시스템에 대한 전산일반통제의 적절성 확인- 게임서비스 관련 시스템으로 부터 회계 시스템까지의 수익관련 데이터 대체에 대 한 완전성과 정확성 확인- 수익의 실재성 테스트를 위한 회사 생성 데이터와 외부 데이터의 비교- 게임 내 아이템사용과 관련된 이연수익의 검토 (2) 현금창출단위의 영업권 손상 연결회사는 다양한 사업에 대한 투자를 진행하는 바 2022년 12월 31일 현재 다양한 현금창출단위에 배분된 영업권 303,593백만원을 인식하고 있습니다(주석 16 참조).기업회계기준서 제1036호에서 영업권은 손상징후가 발견되지 않아도 매년 손상 검토를 수행하여야 하는 자산으로 연결회사는 영업권이 배분된 현금창출단위에 대하여매년 회수가능액을 추정합니다. 경영진은 현금창출단위의 회수가능액에 대한 추정을통하여 손상이 발생하였는지 여부를 판단합니다.우리는 당기 중 연결회사가 식별한 영업권이 배분된 현금창출단위인 Accommate Holdings Ltd. 및 그 종속기업, NHN GLOBAL, INC., NHN Techorus Inc., 엔에이치엔커머스㈜ 및 ㈜11시11분의 금액이 유의적이며, 연결회사의 손상 검토의 과정은 연결회사 경영진의 유의적인 판단과 회계추정치를 수반하므로 영업권이 배분된 Accommate Holdings Ltd. 및 그 종속기업, NHN GLOBAL, INC., NHN Techorus Inc.",lookback
00983271,2022,엔에이치엔(주),게임,20230320001095,연결,2,현금창출단위의 영업권 손상,"하였습니다. 우리가 게임서비스 수익인식과 관련하여 수행한 주요 감사절차는 다음과 같습니다.- 게임서비스 수익에 대한 회계정책을 확인하고 관련 내부통제에 대한 이해와 평가 수행- 게임서비스 관련 시스템에 대한 전산일반통제의 적절성 확인- 게임서비스 관련 시스템으로 부터 회계 시스템까지의 수익관련 데이터 대체에 대 한 완전성과 정확성 확인- 수익의 실재성 테스트를 위한 회사 생성 데이터와 외부 데이터의 비교- 게임 내 아이템사용과 관련된 이연수익의 검토 (2) 현금창출단위의 영업권 손상 연결회사는 다양한 사업에 대한 투자를 진행하는 바 2022년 12월 31일 현재 다양한 현금창출단위에 배분된 영업권 303,593백만원을 인식하고 있습니다(주석 16 참조).기업회계기준서 제1036호에서 영업권은 손상징후가 발견되지 않아도 매년 손상 검토를 수행하여야 하는 자산으로 연결회사는 영업권이 배분된 현금창출단위에 대하여매년 회수가능액을 추정합니다. 경영진은 현금창출단위의 회수가능액에 대한 추정을통하여 손상이 발생하였는지 여부를 판단합니다.우리는 당기 중 연결회사가 식별한 영업권이 배분된 현금창출단위인 Accommate Holdings Ltd. 및 그 종속기업, NHN GLOBAL, INC., NHN Techorus Inc., 엔에이치엔커머스㈜ 및 ㈜11시11분의 금액이 유의적이며, 연결회사의 손상 검토의 과정은 연결회사 경영진의 유의적인 판단과 회계추정치를 수반하므로 영업권이 배분된 Accommate Holdings Ltd. 및 그 종속기업, NHN GLOBAL, INC., NHN Techorus Inc., 엔에이치엔커머스㈜ 및 ㈜11시11분에 대한 현금창출단위손상의 적정성을 핵심감사사항으로 결정하였습니다. 연결회사의 영업권이 배분된 현금창출단위의 손상 검토에 대하여 ","우리가 수행한 주요 감사절차는 다음과 같습니다.- 연결회사가 활용한 경영진측 전문가의 적격성 및 독립성 확인- 손상 검토가 진행된 영업권이 배분된 현금창출단위에 대하여 경영진이 적용한 회 수가능액 추정의 적합성 및 적용한 가정의 합리성 검토- 중요한 영업권이 배분된 현금창출단위의 손상 검토 결과에 대하여 감사인측 전문 가 활용을 통해 경영진이 사용한 투입변수 등에 대한 독립적 추정치와 경영진의 추 정치간 유의적인 차이여부 확인 - 전기 추정치에 사용된 현금흐름을 당기 실제 성과와 비교하여 소급적으로 검토함 으로써, 추정의 편의가 존재하는지 여부를 확인",lookback
00983271,2023,엔에이치엔(주),게임,20240319000767,연결,1,현금창출단위의 회수가능액 측정,"2023년 12월 31일 현재 연결회사는 현금창출단위에 배부된 영업권 299,830백만원을 인식하고 있으며, 기업회계기준서 제 1036호에 따라 영업권이 배부된 현금창출단위에 대한 손상검사를 수행하였습니다. 연결회사는 현금창출단위의 장부금액 중 사용가치에 근거하여 산정한 해당 현금창출단위의 회수가능액에 미달하는 금액을 영업권에 대한 손상차손으로 회계처리하였습니다(주석 15 참조).현금창출단위의 손상검사를 위한 사용가치에 기반한 회수가능액은 연결회사 경영진의 유의적인 판단과 추정치가 수반되며, 경영진이 적용한 가정에 따라 추정의 결과 달라질 수 있는 불확실성이 내포되어 있습니다. 이에 따라 우리는 연결재무제표에 끼치는 영향이 유의적인 엔에이치엔케이씨피㈜, NHN Commerce China Co., Ltd. 및 그 종속기업, NHN GLOBAL, INC., IKONIC S.R.L, NHN Techorus Corp., 엔에이치엔커머스㈜ 및 ㈜11시11분의 현금흐름창출단위에 대한 회수가능액 측정을 핵심감사사항으로 식별하였습니다.",연결회사의 사용가치에 근거한 현금창출단위 회수가능액 측정에 대하여 우리가 수행한 주요 감사절차는 다음과 같습니다 . ㆍ현금창출단위 회수가능액 측정과 관련한 회계추정치의 이해 및 위험평가 ㆍ경영진이 적용한 회수가능액 측정에 사용된 방법의 적합성 및 투입변수 합리성 평가 ㆍ경영진측 전문가의 적격성 및 독립성 평가 ㆍ감사인측 전문가의 적격성 및 독립성 평가,subhead
00983271,2023,엔에이치엔(주),게임,20240319000767,연결,2,경영진측 전문가의 적격성 및 독립성 평가 ㆍ감사인측 전문가의 적격성 및 독립성 평가,"연결회사는 당기 중 IKONIC S.R.L의 주식 77.77%를 50,739백만원에 인수하였으며, 취득법에 따라 사업결합으로 회계처리하였습니다. 이와 관련하여 연결회사는 사업결합으로 식별한 무형자산의 공정가치 19,590백만원을 인식하였습니다(주석 6 참조).당기에 발생한 종속기업 IKONIC S.R.L의 취득은 연결재무제표에 유의한 영향을 미치는 사건으로, 연결회사 경영진은 유의적인 판단과 회계추정치를 바탕으로 선택한 가치평가기법과 투입변수를 이용하여 사업결합으로 식별한 무형자산의 공정가치를 측정하였습니다. 이에 따라 우리는 연결회사가 식별한 무형자산의 공정가치 측정을 핵심감사사항으로 결정하였습니다.",연결회사가 사업결합으로 식별한 무형자산의 공정가치 측정에 대하여 우리가 수행한주요 감사절차는 다음과 같습니다 . ㆍ무형자산 공정가치 측정과 관련한 회계추정치의 이해 및 위험평가 ㆍ경영진측 전문가의 적격성 및 독립성 평가 ㆍ감사인측 전문가의 적격성 및 독립성 평가 ㆍ경영진이 적용한 무형자산 공정가치 측정에 사용된 방법의 적합성 및 투입변수 합리성 평가,subhead
00983271,2024,엔에이치엔(주),게임,20250320001574,연결,1,현금창출단위의 회수가능액 측정,"2024년 12월 31일 현재 연결회사는 현금창출단위에 배부된 영업권 247,457백만원을 인식하고 있으며, 기업회계기준서 제 1036호에 따라 영업권이 배부된 현금창출단위에 대한 손상검사를 수행하였습니다. 연결회사는 현금창출단위의 장부금액 중 사용가치에 근거하여 산정한 해당 현금창출단위의 회수가능액에 미달하는 금액을 영업권에 대한 손상차손으로 회계처리하였습니다(주석 15 참조).현금창출단위의 손상검사를 위한 사용가치에 기반한 회수가능액은 연결회사 경영진의 유의적인 판단과 추정치가 수반되며, 경영진이 적용한 가정에 따라 추정의 결과 달라질 수 있는 불확실성이 내포되어 있습니다. 이에 따라 우리는 연결재무제표에 끼치는 영향이 유의적인 엔에이치엔케이씨피㈜, IBT Co.,Limited 및 그 종속기업, NHN GLOBAL, INC., NHN Techorus Corp., 엔에이치엔커머스㈜ 및 엔에이치엔애드㈜의 현금흐름창출단위에 대한 회수가능액 측정을 핵심감사사항으로 식별하였습니다.",연결회사의 사용가치에 근거한 현금창출단위 회수가능액 측정에 대하여 우리가 수행한 주요 감사절차는 다음과 같습니다.ㆍ현금창출단위 회수가능액 측정과 관련한 회계추정치의 이해 및 위험평가ㆍ경영진이 적용한 회수가능액 측정에 사용된 방법의 적합성 및 투입변수 합리성 평가ㆍ경영진측 전문가의 적격성 및 독립성 평가ㆍ감사인측 전문가의 적격성 및 독립성 평가,subhead
00985686,2021,(주)큐브엔터테인먼트,콘텐츠,20220322000648,연결,1,음원매출의 측정,,핵심감사사항에 대응하기 위하여 우리는 다음을 포함한 감사절차를 수행하였습니다. - 수익인식 회계정책에 대한 이해 및 평가 - 연결회사와 매출처 간 계약서 확인하여 수행의무 및 통제와 권리 이전시점 검토 - 유의적인 금액변동에 대하여 전기 대비 당기 분석적 검토 수행 - 표본시사 방법에 따른 입증감사 절차 수행을 통한 음원매출의 발생사실 확인 - 매출처로부터 수령한 정산자료와의 대사를 통한 수익인식금액 측정 적정성 검토,subhead
00985686,2022,(주)큐브엔터테인먼트,콘텐츠,20230322000862,연결,1,음원매출(라이선스 매출) 수익인식 시점 및 측정 적정성,,핵심감사사항에 대응하기 위하여 우리는 다음을 포함한 감사절차를 수행하였습니다.- 수익인식 회계정책에 대한 이해 및 평가 - 연결회사와 매출처 간 계약서 확인하여 수행의무 및 통제와 권리 이전시점 검토- 유의적인 금액변동에 대하여 전기 대비 당기 분석적 검토 수행- 표본시사 방법에 따른 입증감사 절차 수행을 통한 음원매출의 발생사실 확인- 매출처로부터 수령한 정산자료와의 대사를 통한 수익인식금액 측정 적정성 검토,subhead
00985686,2023,(주)큐브엔터테인먼트,콘텐츠,20240320002027,연결,1,음원매출(라이선스 매출) 수익인식 시점 및 측정 적정성,,핵심감사사항에 대응하기 위하여 우리는 다음을 포함한 감사절차를 수행하였습니다. - 연결회사의 라이선스 매출 관련 내부통제의 이해 및 평가- 국내와 국외 대표계약서 분석 및 K-IFRS 제1115호 효과 세부분석- 연결회사의 수익인식 회계정책에 대한 이해 및 평가 - 유의적인 금액변동에 대하여 전기 대비 당기 분석적 검토 수행- 표본시사 방법에 따른 입증감사 절차 수행을 통한 음원매출의 발생사실 확인- 매출처로부터 수령한 정산자료와의 대사를 통한 수익인식금액 측정 적정성 검토,subhead
00985686,2024,(주)큐브엔터테인먼트,콘텐츠,20250319000765,연결,1,수익인식 측정 적정성,"재무제표에 대한 주석 2번에서 설명한 바와 같이 , 연결회사의 수익인식은 계약별 특성에 따라 수행의무를 구별하여 수익을 인식하며, 완료시점과 실제 정산시점의 차이에 따른 수익인식 금액에 대한 경영진의 추정이 반영되므로 우리는 수익인식 측정을 핵심감사사항으로 판단하였습니다. 연결회사의 수익인식시점 및 수익금액 측정은 경영진의 주관적 판단이 개입되며, 재무제표에 미치는 영향이 유의적인 것으로 판단되는 바, 우리는 경영진의 판단을 요하는 수익인식 측정의 적정성을 핵심감사사항으로 결정하였습니다.",,subhead
00990819,2024,(주)아티스트스튜디오,콘텐츠,20250321001869,연결,1,수익인식의 적정성,"연결재무제표에 대한 주석 4에 기술되어 있는 바와 같이, 연결회사는 드라마 콘텐츠를 제작하여 방영권을 판매하고 있으며, 비정형화된 연결회사의 매출 특성상 계약의 복잡성 및 다양성이 증가하고 있습니다. 특히 당기에 발생한 투입법에 따른 매출은 회사의 주요 성과 지표이고, 총계약수익과 총계약원가 추정치의 변동 및 진행율에 영향을 받고 있습니다. 따라서, 우리는 수익인식의 적정성과 관련하여 유의적인 위험이 있는 것으로 보아 이를 핵심감사사항으로 판단하였습니다.","핵심감사사항에 대응하기 위하여 우리는 다음을 포함한 감사절차를 수행하였습니다. ㆍ수익 인식 회계정책의 적정성 검토ㆍ보고기간 종료일 현재 주요 프로젝트의 현재 진행상황 및 유의적인 변동사항에 대하여 질문 및 증감분석ㆍ계약금액, 예정원가, 원가율 등 주요 재무지표에 대한 증감분석 ㆍ해당 매출 인식과 총계약원가 추정에 관련된 내부통제의 이해ㆍ해당 매출 거래 중 표본 추출된 거래에 대하여 계약사항과 실재성, 기간귀속의 적정성을 확인하기 위한 문서검사ㆍ총 계약원가 중 당기 발생 주요 항목에 대하여 표본 추출하여 외부 증빙 테스트ㆍ프로젝트 진행율에 대해 독립적으로 재계산",subhead
01008762,2019,데브시스터즈(주),게임,20200330002626,연결,1,게임서비스 수익인식,"핵심감사사항은 우리의 전문가적 판단에 따라 당기 연결재무제표감사에서 가장 유의적인 사항들입니다. 해당 사항들은 연결재무제표 전체에 대한 감사의 관점에서 우리의 의견형성 시 다루어졌으며, 우리는 이런 사항에 대하여 별도의 의견을 제공하지는않습니다. (1) 게임서비스 수익인식 주석 2에서 공시한 바와 같이, 연결회사는 게임서비스를 통하여 다양한 컨텐츠의 아이템을 판매하고 있으며, 무료게임서비스 제공, 시스템 유지, 서비스 업데이트 등의 수행의무를 인식하고 있습니다. 우리는 연결회사의 주된 영업으로부터 발생하는 게임서비스 매출이 회사의 주요 성과지표 중 하나이고, 게임매출의 목표 또는 기대치 달성을 위한 부정의 발생 등 고유위험을 불러일으킬 수 있으므로 감사인은 게임매출의 발생사실을 핵심감사사항으로 식별하였습니다. 핵심감사사항에 대해 ",우리가 수행한 주요 감사절차는 다음과 같습니다. - 회계정책 및 수익인식 프로세스에 대한 질문과 이해 - 수익 인식 프로세스와 관련한 내부통제활동에 대한 이해 및 설계 적정성에 대한 테스트 - 게임 서비스 제공 관련 주요 계약사항에 대한 이해 - 매출로 인식된 금액 중 샘플로 선정된 항목에 대한 관련 증빙 확인 및 회계처리에 대한 입증감사 절차 수행 - 미사용 아이템과 관련된 이연수익 재계산,lookback
01008762,2020,데브시스터즈(주),게임,20210322001128,연결,1,매출 인식의 적정성 검토,"연결회사는 당기 매출액이 약 32,914백만원이 증가하여 전기대비 약 88%가 증가하였습니다. 우리는 매출액의 증가가 유의적인 수준이고, 수익의 인식과 관련하여 고유한 위험이 존재한다는 점을 고려하여 해당 항목을 핵심감사사항으로 선정하였습니 다.",당기말 현재 연결회사의 수익인식의 적정성에 대하여 우리가 수행한 주요 감사절차는 다음과 같습니다. ㆍ연결회사의 회계정책 및 수익인식 프로세스에 대한 질문과 이해 ㆍ연결회사가 설정한 수익인식 절차를 관리하는 통제의 효과성에 대한 테스트 ㆍ게임 서비스 제공 관련 주요 계약사항에 대한 이해 ㆍ매출로 인식된 금액 중 샘플로 선정된 항목에 대한 관련 증빙 확인 및 회계처리에 대한 입증감사 절차 수행,subhead
01008762,2021,데브시스터즈(주),게임,20220321000880,연결,1,매출 인식의 적정성 검토,"연결회사는 당기 매출액이 약 298,819백만원이 증가하여 전기대비 약 423.8%가 증가하였습니다. 우리는 매출액의 증가가 유의적인 수준이고, 수익의 인식과 관련하여 고유한 위험이 존재한다는 점을 고려하여 해당 항목을 핵심감사사항으로 선정하였습니 다.",당기말 현재 연결회사의 수익인식의 적정성에 대하여 우리가 수행한 주요 감사절차는 다음과 같습니다. ㆍ연결회사의 회계정책 및 수익인식 프로세스에 대한 질문과 이해 ㆍ연결회사가 설정한 수익인식 절차를 관리하는 통제의 효과성에 대한 테스트 ㆍ게임 서비스 제공 관련 주요 계약사항에 대한 이해 ㆍ매출로 인식된 금액 중 샘플로 선정된 항목에 대한 관련 증빙 확인 및 회계처리에 대한 입증감사 절차 수행,subhead
01021949,2020,(주)덱스터스튜디오,콘텐츠,20210318001328,연결,1,수익인식,"연결회사의 매출은 연결회사의 핵심 재무성과 평가지표 중 하나입니다. 연결회사는 매출인식에 있어, VFX 등 사업 매출의 경우 수행의무의 결과를 합리적으로 측정할 수 있을 때까지 발생원가의 범위에서만 수익을 인식하고 있으며, 투자제작사업의 경우 프로젝트투자에 대한 공정가치 변동을 당기 수익 및 비용으로 인식하고 있습니다. 이러한 다양한 매출 유형은 연결회사의 연결재무제표에 중요한 영향을 미칠 수 있습니다.","연결회사의 수익 회계처리에 대하여 우리가 수행한 주요 감사절차는 다음과 같습니다. - 연결회사의 수익인식 회계정책이 기업회계기준서 내용에 적합한지 여부에 대한 검토 - 매출유형별 계약서 검토(수행의무의 식별, 거래금액에 대한 측정, 거래가격의 배분, 수익인식시기의 적정성 검토) - 당기 중 발생한 매출거래에 대하여 표본추출방식을 이용한 세부실증절차 수행 - 보고기간말 전후 발생한 매출거래에 대한 수익인식의 기간귀속을 확인하는 절차 수행 - 수익인식에 대응되는 매출채권에 대해 표본추출방식을 이용한 외부조회 확인 - 매출유형별로 과거기간과의 실적비교, 월별 실적의 추세 분석 등 분석적절차 수행",subhead
01021949,2023,(주)덱스터스튜디오,콘텐츠,20240319000837,연결,1,사업부 CGU 손상검토,"핵심감사사항은 우리의 전문가적 판단에 따라 당기 연결재무제표 감사에서 가장 유의적인 사항들입니다. 해당 사항들은 연결재무제표 전체에 대한 감사의 관점에서 우리의 의견형성 시 다루어졌으며, 우리는 이러한 사항에 대하여 별도의 의견을 제공하지는 않습니다. - VFX, VP사업부 CGU 손상평가연결재무제표에 대한 주석 5에 기술되어 있는 바와 같이 우리는 회사의 경영진이 자산손상을 시사하는 징후가 존재한다고 판단한 VFX,VP 사업부에 속하는 개별자산의장부금액이 유의적이며, 해당 사업부문의 회수가능금액 평가에 포함된 미래 현금흐름 추정에는 미래 사업에 대한 예상과 할인율등에 대한 경영진의 판단이 포함되는 점을 고려하여, 사업부 CGU 손상검토를 핵심감사사항으로 판단하였습니다. 연결회사의 사업부 CGU 손상평가와 관련한 회계처리에 대하여 ",우리가 수행한 주요 감사절차는 다음과 같습니다. - 회수가능금액을 평가하는데 참여한 경영진 측 전문가의 적격성 및 독립성 평가 - 경영진이 회수가능금액 추정에 사용한 가치평가 모델의 적절성 평가 - 미래 현금흐름 추정과 경영진이 승인한 사업계획 간 비교 - 회수가능금액 추정에 사용된 주요 가정의 합리성 평가 - 주요 가정의 변경이 손상 평가에 미치는 영향을 평가하기 위해 경영진이 사용한 할인율 등에 대한 민감도 분석결과 평가 - 관측가능한 정보를 사용하여 독립적으로 계산된 할인율을 경영진이 적용한 할인율과 비교,decl
01021949,2024,(주)덱스터스튜디오,콘텐츠,20250320001205,연결,1,"VFX, VP사업부 CGU 손상평가","연결재무제표에 대한 주석 13에 기술되어 있는 바와 같이 우리는 회사의 경영진이 자산손상을 시사하는 징후가 존재한다고 판단한 VFX, VP사업부에 속하는 개별자산의 장부금액이 유의적이며, 해당 사업부문의 회수가능금액 평가에 포함된 미래 현금흐름 추정에는 미래 사업에 대한 예상과 할인율 등에 대한 경영진의 판단이 포함되는점을 고려하여, 사업부 CGU 손상검토를 핵심감사사항으로 판단하였습니다.",ㆍ 회수가능금액을 평가하는데 참여한 경영진 측 전문가의 적격성 및 독립성 평가 ㆍ 경영진이 회수가능금액 추정에 사용한 가치평가 모델의 적절성 평가 ㆍ 미래 현금흐름 추정과 경영진이 승인한 사업계획 간 비교 ㆍ 회수가능금액 추정에 사용된 주요 가정의 합리성 평가 ㆍ 관측가능한 정보를 사용하여 독립적으로 계산된 할인율을 경영진이 적용한 할인율과 비교,subhead
01046203,2020,(주)로아앤코홀딩스,콘텐츠,20210319001133,연결,1,종속기업투자주식에 대한 검토,"재무제표에 대한 주석 1에 기술되어 있는 바와 같이, 회사의 당기말 현재 연결재무제표에 포함된 종속기업이 전기말 대비 3개 감소하였으며, 당기말 현재 연결재무제표에 대한 종속기업 또한 당기말 현재 매각예정으로 분류된 처분집단으로 구분하였습니다. 우리는 종속기업 투자와 관련한 장부금액이 회사의 재무제표에 미치는 영향이 중요하므로 종속기업에 대한 검토를 핵심감사 사항으로 식별하였습니다.",핵심감사사항에 대응하기 위하여 우리는 다음을 포함한 감사절차를 수행하였습니다. '- 경영진이 자산손상 징후를 검토하는 절차 및 그 결과를 이해하고 평가 '- 종속기업 처분손익의 귀속시기를 검토하는 절차 및 그 결과를 평가 '- 매각예정으로 분류된 처분집단에 대한 검토절차의 타당성 평가 '- 종속기업 처분에 따른 관련 처분손익의 타당성 검토,subhead
01046203,2021,(주)로아앤코홀딩스,콘텐츠,20220324000004,연결,1,관계기업 투자주식에 대한 검토,"관계기업 투자주식의 장부가액은 당기말 현재 연결재무제표 상 총자산 중 19.5%를 차지하고 있으며, 당기 중 관계기업 투자와 관련하여 거액의 관계기업 처분손익 및 평가손익을 인식하였습니다. 우리는 관계기업 투자주식의 취득, 처분 및 평가의 금액이 회사의 재무제표에 미치는 영향이 중요하므로 관계기업 투자주식에 대한 검토를 핵심감사 사항으로 식별하였습니다.","핵심감사사항에 대응하기 위하여 우리는 다음을 포함한 감사절차를 수행하였습니다. - 관계기업 투자주식의 취득 및 처분거래에 대한 절차 및 자금흐름에 대한 검토 - 종속기업 및 관계기업 주식의 취득 및 처분과 관련된 파생상품 거래에 대한 검토 - 종속기업 및 관계기업 투자주식 처분손익의 귀속시기에 대한 검토 및 평가 - 경영진이 자산손상 징후를 검토하는 절차 및 그 결과를 이해하고 평가 (2) 전환사채의 발행, 전환 및 평가",subhead
01046203,2021,(주)로아앤코홀딩스,콘텐츠,20220324000004,연결,2,"전환사채의 발행, 전환 및 평가","재무제표에 대한 주석 16.에 기술되어 있는 바와 같이, 회사의 당기말 현재 재무상태표상 전환사채(무보증사모전환사채)의 액면가액은 46,200백만원으로 전기말 대비 40,200백만원만큼 증가하였습니다. 이로 인하여 당기말 현재 부채총액이 전기말 대비 급격히 상승하였으며, 동 전환사채와 관련된 전환권대가, 전환권조정, 파생상품의 평가 및 처분손익의 금액이 재무상태 및 경영성과에 상당한 영향을 미치고 있습니다. 우리는 전환사채의 발행, 전환 및 평가와 관련된 금액이 회사의 재무제표에 미치는 영향이 중요하므로 이를 핵심감사사항으로 식별하였습니다.","핵심감사사항에 대응하기 위하여 우리는 다음을 포함한 감사절차를 수행하였습니다. - 전환사채의 발행, 전환 및 상환에 관련된 이사회 의사록 검토 및 관련 공시의 적절성 평가 - 전환사채 및 관련 파생상품의 평가 절차 및 그 결과의 이해 및 검토 - 복합금융상품의 평가에 대한 사용된 주요 가정의 합리성 평가 - 전환사채의 전환청구에 따른 관련 자본금 등의 변동과 관련된 절차의 평가",subhead
01046203,2022,(주)로아앤코홀딩스,콘텐츠,20230407003525,연결,1,보고기간 말 특수관계자 거래의 경제적 실질 및 완전성,"핵심감사사항은 우리의 전문가적 판단에 따라 당기 재무제표감사에서 가장 유의적인사항들입니다. 해당 사항들은 재무제표 전체에 대한 감사의 관점에서 우리의 의견형성시 다루어졌으며, 우리는 이런 사항에 대하여 별도의 의견을 제공하지는 않습니다.회사의 특수관계자 거래는 대부분 자금거래이므로 보고기간말 특수관계자 자금거래에 대한 경제적실질 및 완전성에 대하여 고유위험이 높다고 판단하였습니다. 따라서 우리는 보고기간 말 특수관계자 거래의 경제적 실질 및 완전성을 핵심감사사항으로 선정하였습니다. 보고기간말 특수관계자 거래에 대한 경제적실질 및 완전성 검토하기 위한 우리의 감사절차는 다음을 포함합니다. - 연결실체의 투자활동 및 특수관계자 거래에 대한 회사의 주요 내부통제의 설계, 이행 및 운영을 평가- 특수관계자 거래의 완전성을 확인하기 위한 확대된 분개테스트(Journal Entry Test) 수행 - 특수관계자 거래에 대한 경제적 실질 확인을 위한 주요 금전소비대차 계약서 검토- 연결실체의 기중거래 중 1천만원 이상 지출거래에 대한 원시증빙 확인- 디지털포렌식 방식을 사용한 외부조사에 따른 지배회사의 등기감사에 의한 조사보고서 수령 및 검토",,decl
01046203,2023,(주)로아앤코홀딩스,콘텐츠,20240408004101,연결,1,보고기간 말 특수관계자 거래의 경제적 실질 및 완전성,"핵심감사사항은 우리의 전문가적 판단에 따라 당기 재무제표감사에서 가장 유의적인사항들입니다. 해당 사항들은 재무제표 전체에 대한 감사의 관점에서 우리의 의견형성시 다루어졌으며, 우리는 이런 사항에 대하여 별도의 의견을 제공하지는 않습니다.회사의 특수관계자 거래는 대부분 자금거래이므로 보고기간말 특수관계자 자금거래에 대한 경제적실질 및 완전성에 대하여 고유위험이 높다고 판단하였습니다. 따라서 우리는 보고기간 말 특수관계자 거래의 경제적 실질 및 완전성을 핵심감사사항으로 선정하였습니다. 보고기간말 특수관계자 거래에 대한 경제적실질 및 완전성 검토하기 위한 우리의 감사절차는 다음을 포함합니다. - 연결실체의 투자활동 및 특수관계자 거래에 대한 회사의 주요 내부통제의 설계, 이행 및 운영을 평가- 특수관계자 거래의 완전성을 확인하기 위한 확대된 분개테스트(Journal Entry Test) 수행 - 특수관계자 거래에 대한 경제적 실질 확인을 위한 주요 금전소비대차 계약서 검토- 연결실체의 기중거래 중 1천만원 이상 지출거래에 대한 원시증빙 확인- 디지털포렌식 방식을 사용한 외부조사에 따른 지배회사의 등기감사에 의한 조사보고서 수령 및 검토",,decl
01047840,2020,미스터블루(주),콘텐츠,20210317001150,연결,1,온라인매출의 실재성과 기간귀속,"핵심감사사항은 우리의 전문가적 판단에 따라 당기 연결재무제표감사에서 가장 유의적인 사항입니다. 해당 사항은 연결재무제표 전체에 대한 감사의 관점에서 우리의 의견형성 시 다루어졌으며, 우리는 이런 사항에 대하여 별도의 의견을 제공하지는 않습니다. 온라인매출의 실재성과 기간귀속 회사는 온라인 및 오프라인에서의 만화콘텐츠 서비스제공 등을 목적으로 하고 있습니다. 회사의 매출 중 온라인매출은 대부분 회사와 소비자 간의 거래로 이루어져 있어, 회사가 고객과 체결한 계약의 복잡성 및 다양성은 제한적이지만 처리하여야 할 거래 건수는 매우 많습니다. 이에 온라인매출 인식을 위해서 전산시스템의 이용을 포함한 내부 프로세스를 필요로 합니다. 또한, 온라인매출은 회사의 주요 성과지표 중 하나이고 온라인매출이 적절하지 않은 기간에 인식되거나 목표 또는 기대치 달성을 위한 부정의 발생 등 고유위험을 불러일으킬 수 있으므로 감사인은 온라인매출의 실재성과 기간귀속을 핵심감사사항으로 식별하였습니다. 우리가 온라인매출인식과 관련하여 수행한 주요 감사 절차는 다음과 같습니다. - 수익인식 회계정책 이해 및 평가 - 수익의 실재성 테스트를 위한 생성 데이터의 검증 - 콘텐츠 이용에 사용할 수 있는 미사용 온라인 머니와 관련된 이연수익 재계산",,lookback
01047840,2021,미스터블루(주),콘텐츠,20220316001231,연결,1,온라인매출의 실재성과 기간귀속,"핵심감사사항은 우리의 전문가적 판단에 따라 당기 연결재무제표감사에서 가장 유의적인 사항입니다. 해당 사항은 연결재무제표 전체에 대한 감사의 관점에서 우리의 의견형성 시 다루어졌으며, 우리는 이런 사항에 대하여 별도의 의견을 제공하지는 않습니다. 온라인매출의 실재성과 기간귀속 회사는 온라인 및 오프라인에서의 만화콘텐츠 서비스제공 등을 사업목적으로 하고 있습니다. 회사의 매출 중 온라인매출은 대부분 회사와 소비자 간의 거래로 이루어져 있어, 회사가 고객과 체결한 계약의 복잡성 및 다양성은 제한적이지만 처리하여야 할 거래 건수는 매우 많습니다. 이에 온라인매출 인식을 위해서 전산시스템의 이용을 포함한 내부 프로세스를 필요로 합니다. 또한, 온라인매출은 회사의 주요 성과지표 중 하나이고 온라인매출이 적절하지 않은 기간에 인식되거나 목표 또는 기대치 달성을 위한 부정의 발생 등 고유위험을 불러일으킬 수 있으므로 감사인은 온라인매출의 실재성과 기간귀속을 핵심감사사항으로 식별하였습니다. 우리가 온라인매출인식과 관련하여 수행한 주요 감사 절차는 다음과 같습니다. - 수익인식 회계정책 이해 및 평가 - 수익의 실재성 테스트를 위한 생성 데이터의 검증 - 콘텐츠 이용에 사용할 수 있는 미사용 온라인 머니와 관련된 이연수익 재계산",,lookback
01047840,2022,미스터블루(주),콘텐츠,20240228007261,별도,1,온라인매출의 실재성과 기간귀속,"핵심감사사항은 우리의 전문가적 판단에 따라 당기 재무제표감사에서 가장 유의적인사항입니다. 해당 사항은 재무제표 전체에 대한 감사의 관점에서 우리의 의견형성 시다루어졌으며, 우리는 이런 사항에 대하여 별도의 의견을 제공하지는 않습니다. 온라인매출의 실재성과 기간귀속 회사는 온라인 및 오프라인에서의 만화콘텐츠 서비스제공 등을 사업목적으로 하고 있습니다. 회사의 매출 중 온라인매출은 대부분 회사와 소비자 간의 거래로 이루어져 있어, 회사가 고객과 체결한 계약의 복잡성 및 다양성은 제한적이지만 처리하여야 할 거래 건수는 매우 많습니다. 이에 온라인매출 인식을 위해서 전산시스템의 이용을 포함한 내부 프로세스를 필요로 합니다. 또한, 온라인매출은 회사의 주요 성과지표 중 하나이고 온라인매출이 적절하지 않은 기간에 인식되거나 목표 또는 기대치 달성을 위한 부정의 발생 등 고유위험을 불러일으킬 수 있으므로 감사인은 온라인매출의 실재성과 기간귀속을 핵심감사사항으로 식별하였습니다. 우리가 온라인매출인식과 관련하여 수행한 주요 감사 절차는 다음과 같습니다. - 회사의 수익인식 프로세스와 관련된 IT를 포함한 주요 내부 통제의 설계의 적정성 및 운영의 효과성에 대하여 확인하였습니다.- 수익의 실재성 테스트를 위한 생성 데이터의 검증 및 회계기간 중 발생한 결제수단별 매출금액 중 추출된 샘플건에 대하여 제3자(지급결제 대행사 등)의 시스템 상 매출집계 금액 등의 외부증빙과 회사의 매출금액 간의 일치 여부를 확인하였습니다.- 콘텐츠 이용에 사용할 수 있는 미사용 온라인 머니와 관련된 이연수익 재계산했으며, 특정시점 전후로 발생한 매출거래 중 추출된 샘플거래에 대하여 적절한 기간에 매출을 인식하였는지 테스트를 수행하였습니다.",,lookback
01047840,2023,미스터블루(주),콘텐츠,20240313001753,연결,1,온라인매출의 실재성과 기간귀속,"핵심감사사항은 우리의 전문가적 판단에 따라 당기 연결재무제표감사에서 가장 유의적인사항입니다. 해당 사항은 연결재무제표 전체에 대한 감사의 관점에서 우리의 의견형성 시 다루어졌으며, 우리는 이런 사항에 대하여 별도의 의견을 제공하지는 않습니다. 온라인매출의 실재성과 기간귀속 (1) 핵심감사 사항으로 결정한 사유연결회사는 온라인 및 오프라인에서의 만화콘텐츠 서비스제공 등을 사업목적으로 하고 있습니다. 연결회사의 온라인 매출은 고객이 콘텐츠를 구독하는 시점에 인식되며 이후 연결회사가 권리를 갖게 되는 금액으로 조정 반영됩니다.연결회사의 영업수익에서 온라인매출이 차지하는 비중이 유의적이며, 연결회사와 소비자 간의 거래로 이루어져 있고 표준화된 계약에 따라 거래가 이뤄져 복잡성 및 다양성은 제한적이지만 처리하여야 할 거래 건수는 매우 많습니다. 이에 온라인매출의 실재성과 정확성에 유의적인 왜곡표시위험이 있는 것으로 판단, 우리는 이 유형의 수익인식과 관련한 회계처리를 핵심감사사항으로 선정하였습니다. (2) 온라인매출인식과 관련하여 수행한 주요 감사절차- 온라인매출 수익인식 회계정책을 확인하고 수익인식 프로세스 관련하여 주요 내부통제의 설계의 적정성 및 운영의 효과성에 대한 확인- 수익의 실재성 테스트를 위하여 회계기간 중 발생한 결제수단별 매출금액 중 추출된 샘플건에 대하여 제3자(지급결제 대행사 등)의 시스템 상 매출집계 금액 등의 외부증빙과 연결회사의 매출금액 간의 일치 여부 확인- 콘텐츠 이용에 사용할 수 있는 미사용 온라인 머니와 관련된 이연수익 재계산했으며, 특정시점 전후로 발생한 매출거래 중 추출된 샘플거래에 대하여 적절한 기간에 매출을 인식하였는지 테스트를 수행",,lookback
01047840,2024,미스터블루(주),콘텐츠,20250312000988,연결,1,이 유형의 수익인식과 관련한 회계처리,"핵심감사사항은 우리의 전문가적 판단에 따라 당기 연결재무제표감사에서 가장 유의적인사항입니다. 해당 사항은 연결재무제표 전체에 대한 감사의 관점에서 우리의 의견형성 시 다루어졌으며, 우리는 이런 사항에 대하여 별도의 의견을 제공하지는 않습니다. 온라인매출의 실재성과 기간귀속(1) 핵심감사 사항으로 결정한 사유연결회사는 온라인 및 오프라인에서의 만화 및 게임콘텐츠 서비스제공 등을 사업목적으로 하고 있습니다. 연결회사의 온라인 매출은 고객이 콘텐츠를 구독하는 시점에 인식되며 이후 연결회사가 권리를 갖게 되는 금액으로 조정 반영됩니다.연결회사의 영업수익에서 온라인매출이 차지하는 비중이 유의적이며, 연결회사와 소비자 간의 거래로 이루어져 있고 표준화된 계약에 따라 거래가 이뤄져 복잡성 및 다양성은 제한적이지만 처리하여야 할 거래 건수는 매우 많습니다. 이에 온라인매출의 실재성과 정확성에 유의적인 왜곡표시위험이 있는 것으로 판단, 우리는 이 유형의 수익인식과 관련한 회계처리를 핵심감사사항으로 선정하였습니다.(2) 온라인매출인식과 관련하여 수행한 주요 감사절차- 온라인매출 수익인식 회계정책을 확인하고 수익인식 프로세스 관련하여 주요 내부통제의 설계의 적정성 및 운영의 효과성에 대한 확인- 수익의 실재성 테스트를 위하여 회계기간 중 발생한 결제수단별 매출금액 중 추출된 샘플건에 대하여 제3자(지급결제 대행사 등)의 시스템 상 매출집계 금액 등의 외부증빙과 연결회사의 매출금액 간의 일치 여부 확인- 콘텐츠 이용에 사용할 수 있는 미사용 온라인 머니와 관련된 이연수익 재계산했으며, 특정시점 전후로 발생한 매출거래 중 추출된 샘플거래에 대하여 적절한 기간에 매출을 인식하였는지 테스트를 수행",,decl
01067516,2019,(주)골프존,게임,20200330004449,연결,1,기업회계기준서 제1116호 '리스' 최초 적용,"핵심감사사항은 우리의 전문가적 판단에 따라 당기 연결재무제표감사에서 가장 유의적인 사항들입니다. 해당 사항들은 연결재무제표 전체에 대한 감사의 관점에서 그리고 우리의 의견형성시 다루어졌으며, 우리는 이러한 사항에 대하여 별도의 의견을 제공하지는 않습니다. (1) 기업회계기준서 제1116호 '리스' 최초 적용 연결실체는 주석 2와 13에서 기술한 바와 같이, 새로운 리스 기준서 도입에 따라 리스 기초효과로 사용권자산 및 리스부채로 각각 22,881,049천원과 21,141,164천원을인식하였습니다. 새로운 리스 기준서의 도입은 연결실체의 2019년 1월 1일의 부채비율을 30.34%에서 41.19%로 증가시키는 등 연결재무제표에 미치는 영향이 유의적입니다. 또한 사용권자산 및 리스부채 측정시 사용되는 리스기간 및 할인율 산정시에는경영진의 유의적인 판단과 추정이 요구됩니다. 따라서 리스의 금액적 중요성과 경영진의 유의적인 판단과 추정에 따른 재무제표의 왜곡표시 위험을 고려하여 우리는 리스 회계처리 적정성을 핵심감사사항으로 결정하였습니다. 해당 핵심감사사항에 대하여 ",우리가 수행한 주요 감사절차는 다음과 같습니다. - 기업회계기준서 제1116호 도입에 따라 변경된 리스 회계정책의 이해 - 사용권자산 및 리스부채 측정에 사용된 리스기간 및 할인율의 가정 검토 - 기초전환일의 리스계약 목록을 통해 기초 사용권자산 및 리스부채 누락 여부 검토 - 기중 리스 관련 비용 원장의 전체적인 검토를 통해 사용권자산 및 리스부채 계상 누락 여부 검토 - 기업회계기준서 제1116호 최초 도입영향 및 주석사항 공시의 적절성 검토,lookback
01067516,2020,(주)골프존,게임,20210318001313,연결,1,변동대가 및 고객에게 지급할 대가 인식 오류로 인한 수익의 과대 인식,"핵심감사사항은 우리의 전문가적 판단에 따라 당기 연결재무제표감사에서 가장 유의적인 사항들입니다. 해당 사항들은 연결재무제표 전체에 대한 감사의 관점에서 우리의 의견형성시 다루어졌으며, 우리는 이러한 사항에 대하여 별도의 의견을 제공하지는 않습니다. (1) 변동대가 및 고객에게 지급할 대가 인식 오류로 인한 수익의 과대 인식 연결실체는 주요 매출로 골프시뮬레이터 판매와 온라인서비스를 제공하고 있습니다.연결실체는 이러한 매출을 증대시키기 위해 다양한 판매촉진활동(포인트 및 쿠폰지급, 할인정책, 보상판매 등)을 시행하고 있으며, 매출액은 변동대가 및 고객에게 지급하는 대가를 고려하여 결산시 매출의 조정항목으로 회계처리하고 있습니다. 매출은 회사 경영진의 주요 성과 지표이며, 다양한 판매촉진활동으로 인해 고의 또는 오류에 의한 수익의 과대 인식 위험이 존재합니다. 따라서, 우리는 골프시뮬레이터 판매 및 온라인서비스와 관련된 변동대가 및 고객에게 지급할 대가와 관련한 매출조정 회계처리를 핵심감사사항으로 선정하였습니다. 이와 관련하여 ",우리가 수행한 주요 감사절차는 다음과 같습니다. - 판매촉진활동 유형 및 매출조정 회계처리에 대한 이해 - 판매촉진비 및 매출조정금액의 월별 추세 분석 등 분석적 절차 수행 - 판매촉진비 및 매출조정금액의 유형별 검토를 통해 비정상적인 유형이 존재하는지 검토 - 판매촉진비 및 광고선전비 계정 중 매출조정 항목에 해당하는 추가적인 금액이 있 는지 시사의 방법을 통해 관련 문서 및 계약 검토 - 연결실체의 판매촉진 유형 중 암묵적인 약속 성격의 판매촉진비가 있는지 검토,lookback
01067516,2021,(주)골프존,게임,20220317001233,연결,1,변동대가 및 고객에게 지급할 대가 인식 오류로 인한 수익의 과대 인식,"핵심감사사항은 우리의 전문가적 판단에 따라 당기 연결재무제표감사에서 가장 유의적인 사항들입니다. 해당 사항들은 연결재무제표 전체에 대한 감사의 관점에서 우리의 의견형성시 다루어졌으며, 우리는 이러한 사항에 대하여 별도의 의견을 제공하지는 않습니다. (1) 변동대가 및 고객에게 지급할 대가 인식 오류로 인한 수익의 과대 인식 연결실체는 주요 매출로 골프시뮬레이터 판매와 온라인서비스를 제공하고 있습니다.연결실체는 이러한 매출을 증대시키기 위해 다양한 판매촉진활동(포인트 및 쿠폰지급, 할인정책, 보상판매 등)을 시행하고 있으며, 매출액은 변동대가 및 고객에게 지급하는 대가를 고려하여 결산시 매출의 조정항목으로 회계처리하고 있습니다. 매출은 회사 경영진의 주요 성과 지표이며, 다양한 판매촉진활동으로 인해 고의 또는 오류에의한 수익의 과대 인식 위험이 존재합니다. 따라서, 우리는 골프시뮬레이터 판매 및 온라인서비스와 관련된 변동대가 및 고객에게 지급할 대가와 관련한 매출조정 회계처리를 핵심감사사항으로 선정하였습니다. 이와 관련하여 ",우리가 수행한 주요 감사절차는 다음과 같습니다. - 판매촉진활동 유형 및 매출조정 회계처리에 대한 이해 - 판매촉진비 및 매출조정금액의 월별 추세 분석 등 분석적 절차 수행 - 판매촉진비 및 매출조정금액의 유형별 검토를 통해 비정상적인 유형이 존재하는지 검토 - 판매촉진비 및 광고선전비 계정 중 매출조정 항목에 해당하는 추가적인 금액이 있 는지 시사의 방법을 통해 관련 문서 및 계약 검토 - 연결실체의 판매촉진 유형 중 암묵적인 약속 성격의 판매촉진비가 있는지 검토,lookback
01067516,2022,(주)골프존,게임,20230323001498,연결,1,변동대가 및 고객에게 지급할 대가 인식 오류로 인한 수익의 과대 인식,"핵심감사사항은 우리의 전문가적 판단에 따라 당기 연결재무제표감사에서 가장 유의적인 사항들입니다. 해당 사항들은 연결재무제표 전체에 대한 감사의 관점에서 우리의 의견형성시 다루어졌으며, 우리는 이러한 사항에 대하여 별도의 의견을 제공하지는 않습니다. (1) 변동대가 및 고객에게 지급할 대가 인식 오류로 인한 수익의 과대 인식 연결실체는 주요 매출로 골프시뮬레이터 판매와 온라인서비스를 제공하고 있습니다.연결실체는 이러한 매출을 증대시키기 위해 다양한 판매촉진활동(포인트 및 쿠폰지급, 할인정책, 보상판매 등)을 시행하고 있으며, 매출액은 변동대가 및 고객에게 지급하는 대가를 고려하여 결산시 매출의 조정항목으로 회계처리하고 있습니다. 매출은 회사 경영진의 주요 성과 지표이며, 다양한 판매촉진활동으로 인해 고의 또는 오류에의한 수익의 과대 인식 위험이 존재합니다. 따라서, 우리는 골프시뮬레이터 판매 및 온라인서비스와 관련된 변동대가 및 고객에게 지급할 대가와 관련한 매출조정 회계처리를 핵심감사사항으로 선정하였습니다. 이와 관련하여 ",우리가 수행한 주요 감사절차는 다음과 같습니다. - 판매촉진활동 유형 및 매출조정 회계처리에 대한 이해 - 판매촉진비 및 매출조정금액의 월별 추세 분석 등 분석적 절차 수행 - 판매촉진비 및 매출조정금액의 유형별 검토를 통해 비정상적인 유형이 존재하는지 검토 - 판매촉진비 및 광고선전비 계정 중 매출조정 항목에 해당하는 추가적인 금액이 있 는지 시사의 방법을 통해 관련 문서 및 계약 검토,lookback
01067516,2023,(주)골프존,게임,20240321001611,연결,1,연결실체 매출액의 대부분은 골프시뮬레이터 판매 및 온라인서비스 거래로 구성되어있으며,"핵심감사사항은 우리의 전문가적 판단에 따라 당기 연결재무제표감사에서 가장 유의적인 사항들입니다. 해당 사항들은 연결재무제표 전체에 대한 감사의 관점에서 우리의 의견형성시 다루어졌으며, 우리는 이러한 사항에 대하여 별도의 의견을 제공하지는 않습니다. (1) 변동대가 및 고객에게 지급할 대가 인식 오류로 인한 수익의 과대 인식 연결실체 매출액의 대부분은 골프시뮬레이터 판매 및 온라인서비스 거래로 구성되어있으며 , 연결실체는 매출액 증대를 위해 다양한 판매촉진제도(포인트 및 쿠폰지급, 할인정책, 보상판매 등)를 시행하고 있습니다. 이러한 판매촉진제도의 적용에 따라 발생하는 변동대가 및 고객에게 지급하는 대가는 매출액의 조정항목으로 회계처리되고 있습니다. 연결실체의 매출액은 회사 경영진의 주요 성과 지표임과 동시에 판매촉진제도의 복잡성으로 인해 고의 또는 오류로 인한 과대계상위험이 존재합니다 . 따라서, 우리는골프시뮬레이터 판매 및 온라인서비스와 관련된 변동대가 및 고객에게 지급할 대가와 관련한 매출조정 회계처리를 핵심감사사항으로 선정하였습니다. 이와 관련하여 ",우리가 수행한 주요 감사절차는 다음과 같습니다. - 판매촉진활동 유형 및 매출조정 회계처리에 대한 이해 - 판매촉진비 및 매출조정금액의 월별 추세 분석 등 분석적 절차 수행 - 판매촉진비 및 매출조정금액의 유형별 검토를 통해 비정상적인 유형이 존재하는지 검토 - 판매촉진비 및 광고선전비 계정 중 매출조정 항목에 해당하는 추가적인 금액이 있 는지 시사의 방법을 통해 관련 문서 및 계약 검토,lookback
01082418,2022,(주)에스에이엠지엔터테인먼트,콘텐츠,20230317000881,연결,1,수준 3 파생상품 공정가치 평가의 적정성,"핵심감사사항은 우리의 전문가적 판단에 따라 당기 연결재무제표감사에서 가장 유의적인사항들입니다. 해당 사항들은 연결재무제표 전체에 대한 감사의 관점에서 우리의 의견형성 시 다루어졌으며, 우리는 이런 사항에 대하여 별도의 의견을 제공하지는않습니다. (1) 수준 3 파생상품 공정가치 평가의 적정성 연결재무제표에 대한 주석 31(5)에 기재된 바와 같이, 회사는 당기 중 상환전환우선주를 보통주로 전환하였습니다. 회사는 상환전환우선주에 대하여 부채요소와 자본요소(파생상품)를 분리하여 각각 금융부채로 인식하였으며, 보통주 전환 시 자본요소(파생상품)에 대해 공정가치 평가 후 자본으로 대체하고 있습니다. 해당 자본요소는 공정가치 수준3으로 분류되는 항목이며, 수준3으로 분류한 금융상품의 공정가치 측정에는 복잡한 평가모형과 관측 가능하지 않은 투입변수들이 사용됩니다. 이 경우 경영진이 사용한 평가모형 및 관측 가능하지 않은 투입변수에 따라 측정결과가 유의적으로 변동할 수 있어 회계추정의 불확실성이 존재합니다. 우리는 수준3 파생상품의 규모와 적용 가능한 평가 기법의 채택 및 관측 가능하지 않은 투입 변수의 영향을 고려하여 수준3으로 분류된 파생상품에 대한 공정가치 평가를 핵심감사사항으로 결정하였습니다. 핵심감사사항에 대응하기 위해 우리는 다음을 포함한 감사절차를 수행하였습니다. - 수준 3 파생상품 공정가치 평가 관련 회사의 내부통제에 대한 이해 및 평가 - 수준 3 파생상품 공정가치 평가를 위하여 경영진이 활용한 외부평가기관의 적격성과 독립성 평가- 경영진의 공정가치 평가방법론 및 주요 가정의 합리성 평가 - 회사가 자체적으로 산출한 공정가치 평가결과와 감사인이 독립적으로 추정한 결과가 유의적인 차이가 있는지 비교 검증",,lookback
01082418,2023,(주)에스에이엠지엔터테인먼트,콘텐츠,20240318000675,연결,1,연결재무제표에 대한 주석,"핵심감사사항은 우리의 전문가적 판단에 따라 당기 연결재무제표감사에서 가장 유의적인사항들입니다. 해당 사항들은 연결재무제표 전체에 대한 감사의 관점에서 우리의 의견형성 시 다루어졌으며, 우리는 이런 사항에 대하여 별도의 의견을 제공하지는않습니다. (1) 전환사채 파생상품 공정가치 평가의 적정성 연결재무제표에 대한 주석 15와 31(5)에 기재된 바와 같이, 회사는 당기 중 전환사채 300억원을 발행하였습니다. 동 전환사채에 내재된 파생상품자산과 파생상품부채가 재무제표에서 차지하는 비율이 유의적입니다. 이와 같은 금액의 중요성과 인식 및 측정의 과정에서 요구되는 추정 및 계산의 복잡성을 고려하여 우리는 전환사채 파생상품의 평가를 핵심감사사항으로 결정하였습니다. 핵심감사사항에 대응하기 위해 우리는 다음을 포함한 감사절차를 수행하였습니다. - 회사의 파생상품 공정가치 평가에 대한 내부통제 이해 - 경영진측 외부전문가의 객관성 및 적격성 평가- 경영진측 외부전문가가 사용한 평가모형 및 주요 투입변수의 적정성 확인 - 회사가 자체적으로 산출한 공정가치 평가결과와 감사인이 독립적으로 추정한 결과가 유의적인 차이가 있는지 비교 검증",,lookback
01082418,2024,(주)에스에이엠지엔터테인먼트,콘텐츠,20250318001024,연결,1,전환사채 파생상품 공정가치 평가의 적정성,"핵심감사사항은 우리의 전문가적 판단에 따라 당기 연결재무제표감사에서 가장 유의적인사항들입니다. 해당 사항들은 연결재무제표 전체에 대한 감사의 관점에서 우리의 의견형성 시 다루어졌으며, 우리는 이런 사항에 대하여 별도의 의견을 제공하지는않습니다. (1) 전환사채 파생상품 공정가치 평가의 적정성 연결재무제표에에 대한 주석 15와 31(5)에 기재된 바와 같이, 연결회사가 발행한 전환사채에 내재된 파생상품이 존재합니다. 수준3으로 분류한 금융상품의 공정가치 측정에는 복잡한 평가모형과 관측가능하지 않은 투입변수들이 사용됩니다. 이때 경영진이 어떤 평가모형 및 관측가능하지 않은 투입변수를 사용하는지에 따라 측정결과가 유의적으로 변동할 수 있으므로 회계추정의 불확실성이 존재합니다. 우리는 수준3 파생상품의 규모와 적용 가능한 평가 기법의 채택 및 관측가능하지 않은 투입 변수의 영향을 고려하여 수준3으로 분류된 파생상품에 대한 공정가치 평가를 핵심감사사항으로 결정하였습니다. 핵심감사사항에 대응하기 위해 우리는 다음을 포함한 감사절차를 수행하였습니다. - 회사의 파생상품 공정가치 평가에 대한 내부통제 이해 - 경영진측 외부전문가의 객관성 및 적격성 평가- 경영진측 외부전문가가 사용한 평가모형 및 주요 투입변수의 적정성 확인 - 회사가 자체적으로 산출한 공정가치 평가결과와 감사인이 독립적으로 추정한 결과가 유의적인 차이가 있는지 비교 검증",,lookback
01116502,2021,(주)아티스트컴퍼니,콘텐츠,20220322000825,연결,1,네트워크 광고서비스 수익의 인식,"2021년 중 발생한 네트워크 광고서비스 수익은 28,817백만원으로, 회사의 영업수익에서 차지하는 비중 및 복잡성을 고려하였습니다. 네트워크 광고수익은 다수의 광고주 및 광고대행사와의 계약조건에 따라 결정되며 영업시스템에 집계된 다수의 고객정보 및 다양한 계약조건 등 대량의 데이터를 기반으로 복잡한 처리과정을 통해 회사의 광고서비스수익 금액이 결정되고 재무시스템에 기록됩니다. 이러한 복잡한 처리과정 및 대량의 데이터 처리로 인하여 수익인식금액이 적절하지 않을 잠재적 위험이 존재합니다. 따라서 우리는 네트워크 광고서비스 수익의 발생사실과 관련하여 유의적인 위험이 있는 것으로 판단하였습니다.",핵심감사사항에 대응하기 위하여 우리는 다음을 포함한 감사절차를 수행하였습니다. · 회사의 네트워크 광고서비스 수익인식에 대한 회계정책 및 통제를 이해하고 평가 · 표본추출을 통하여 영업시스템의 비과금액을 모니터링하는 통제절차의 적절성을 확인 · 회사의 영업시스템과 재무회계시스템에서 인식한 영업수익금액의 대사 · 표본추출 방법에 의해 근거문서 대사를 통한 영업수익 인식액의 정확성 확인,subhead
01116502,2024,(주)아티스트컴퍼니,콘텐츠,20250320001407,연결,1,수익의 인식,"연결회사는 최대주주 변경 및 당기 중 상호 변경 등을 통해, 기존 네트워크 서비스 매출 중심의 회사에서 엔터테인먼트 산업을 위주로 하는 회사로 그 사업 목적이 변경되었고, 이에 따라 신규 사업 매출이 발생하였습니다. 연결회사의 매출이 연결재무제표에서 차지하는 금액이 중요하며, 수익인식의 발생사실을 유의적인 위험으로 식별하고 감사인의 유의적인 주의가 필요하다고 판단하여 핵심감사사항으로 결정하였습니다.","질문 및 문서검사를 통해, 극장 관련 매출 프로세스의 이해 및 평가 서비스매출과 극장매출의 수익인식기준 적용 적정성 검토 회사 영업시스템과 장부에 인식된 서비스매출 금액의 대사 표본추출에 의한 당기 극장 관련 매출 관련 문서검사를 통한 매출 발생사실 및 기간귀속의 적정성 확인",subhead
01137383,2020,(주)카카오게임즈,게임,20210318001118,연결,1,게임매출 수익의 인식,"2020년 중 발생한 게임매출은 428,964백만원으로, 연결기업의 영업수익에서 차지하는 비중 및 복잡성을 고려하였습니다. 게임매출은 대부분 연결기업과 게임 유저 간의 거래로 이루어져 있어, 연결기업이 고객과 체결한 계약의 복잡성 및 다양성은 제한적이지만 대량의 거래 건수가 전산시스템 이용을 포함한 복잡한 내부 프로세스를 통하여 수익인식이 기록됩니다. 이러한 복잡한 처리과정 및 대량의 데이터 처리로 인하여 수익인식금액이 적절하지 않을 잠재적 위험이 존재합니다. 따라서 우리는 게임매출의 발생사실과 관련하여 유의적인 위험이 있는 것으로 판단하였습니다.","연결기업의 게임매출 수익인식 회계처리의 적절성을 확인하기 위하여 우리가 수행한 주요 감사절차는 다음과 같습니다. · 연결기업의 게임매출 수익인식에 대한 회계정책 및 통제를 이해하고 평가 · 연결기업의 영업시스템에 대한 전산 일반통제활동(프로그램개발, 프로그램변경, 프로그램접근 및 보안, 컴퓨터운영) 및 자동통제에 대한 통제활동 절차의 적절성 확인 · 표본추출 방법에 의해 근거문서 대사를 통한 게임매출 수익인식액의 발생사실 확인",subhead
01137383,2021,(주)카카오게임즈,게임,20220328000756,연결,1,게임매출 수익의 인식,"2021년 중 발생한 게임매출의 연결기업 영업수익에서 차지하는 비중 및 복잡성을 고려하였습니다. 게임매출은 대부분 연결기업과 게임 유저 간의거래로 이루어져 있어, 연결기업이 고객과 체결한 계약의 복잡성 및 다양성은 제한적이지만 대량의 거래 건수가 전산시스템 이용을 포함한 복잡한 내부 프로세스를 통하여 수익인식이 기록됩니다. 이러한 복잡한 처리과정 및 대량의 데이터 처리로 인하여수익인식금액이 적절하지 않을 잠재적 위험이 존재합니다. 따라서 우리는 게임매출의 발생사실과 관련하여 유의적인 위험이 있는 것으로 판단하였습니다.","연결기업의 게임매출 수익인식 회계처리의 적절성을 확인하기 위하여 우리가 수행한 주요 감사절차는 다음과 같습니다. · 연결기업의 게임매출 수익인식에 대한 회계정책 및 통제를 이해하고 평가 · 연결기업의 영업시스템에 대한 전산 일반통제활동(프로그램개발, 프로그램변경, 프로그램접근 및 보안, 컴퓨터운영) 및 자동통제에 대한 통제활동 절차의 적절성 확인 · 표본추출 방법에 의해 근거문서 대사를 통한 게임매출 수익인식액의 발생사실 확인",subhead
01152470,2019,주식회사 펄어비스,게임,20200327001721,연결,1,Pearl Abyss Iceland ehf. 현금창출단위와 관련한 영업권 손상평가,"우리는 영업권 금액의 규모(당기말 현재 164,269백만원)가 유의적이며, 회사의 현금창출단위들의 사용가치 평가에 포함된 미래현금흐름 추정에는 미래 사업에 대한 예상과 할인율에 대한 경영진의 판단이 포함되므로 영업권의 손상검사에 관심을 기울였습니다. 관련 내용은 회사의 재무제표 주석 17에 표시되어 있습니다. 특히, 우리는 전기에 취득한 Pearl Abyss Iceland ehf. 현금창출단위와 관련한 영업권 잔액에 집중된 감사절차를 수행하였습니다. 회사는 Pearl Abyss Iceland ehf.을 2018년에 취득하였으며, 당기말 현재 손상되지 않은 영업권 잔액은 164,269백만원입니다. 연결재무제표에서 계상된 금액 규모가 커 재무제표에 미치는 영향이 유의적이며 손상평가를 위한 사용가치 추정에 중요한 영향을 미치는 매출성장률, 할인율 및 영구성장률 등의 주요 가정의 결정시 경영진의 판단이 개입되어 경영진의 편향가능성이 존재할 수 있으므로 우리는 Pearl Abyss Iceland ehf. 현금창출단위와 관련한 영업권 손상평가를 핵심감사사항으로 판단하였습니다.","핵심감사사항에 대응하기 위하여 우리는 다음을 포함한 감사절차를 수행하였습니다. - 미래현금흐름 추정이 이사회(경영진)에서 승인한 사업계획과 일치하는지 확인 - 추정치에 낙관적인 가정이 포함되었는지 사후적으로 확인하기 위하여 당기 실제 성과와 전기 추정을 비교 - 사용가치 추정에 사용된 주요 가정의 합리성 평가 - 현금창출단위의 매출성장률 및 투자활동 예측이 과거성과, 시장상황과 비교하여 일관성이 있는지 확인 - 관측가능한 정보를 사용하여 독립적으로 계산된 할인율을 경영진이 적용한 할인율과 비교 - 주요 가정의 변경이 손상평가에 미치는 영향을 평가하기 위해 경영진이 수행한 할인율 및 영구성장률에 대한 민감도 분석 결과 평가",subhead
01152470,2020,주식회사 펄어비스,게임,20210322001111,연결,1,Pearl Abyss Iceland ehf. 현금창출단위와 관련한 영업권 손상평가,"우리는 영업권 금액의 규모(당기말 현재 154,209백만원)가 유의적이며, 회사의 현금창출단위들의 사용가치 평가에 포함된 미래현금흐름 추정에 미래 사업에 대한 예상과 할인율 및 영구성장률에 대한 경영진의 판단이 포함되므로 영업권의 손상검사에 관심을 기울였습니다. 관련 내용은 회사의 연결재무제표 주석 17에 표시되어 있습니다. 특히, 우리는 회사가 전전기에 취득한 Pearl Abyss Iceland ehf. 현금창출단위와 관련한 영업권 잔액에 집중된 감사절차를 수행하였습니다. 회사는 Pearl Abyss Iceland ehf.을 2018년에 취득하였으며, 당기말 현재 손상되지 않은 영업권 잔액은 154,209백만원입니다. Pearl Abyss Iceland ehf. 현금창출단위와 관련한 영업권 잔액은 그 규모를 고려할 때, 연결재무제표에 미치는 영향이 유의적이며 손상평가를 위한 사용가치 추정에 중요한 영향을 미치는 매출성장률, 할인율 및 영구성장률 등의 주요 가정의 결정시 경영진의 판단이 개입되어 경영진의 편향된 추정의 가능성이 존재할 수 있으므로 우리는 Pearl Abyss Iceland ehf. 현금창출단위와 관련한 영업권 손상평가를 핵심감사사항으로 판단하였습니다.","핵심감사사항에 대응하기 위하여 우리는 다음을 포함한 감사절차를 수행하였습니다. - 미래현금흐름 추정이 이사회(경영진)에서 승인한 사업계획과 일치하는지 확인 - 추정치에 낙관적인 가정이 포함되었는지 사후적으로 확인하기 위하여 당기 실제 성과와 전기 추정을 비교 - 사용가치 추정에 사용된 주요 가정의 합리성 평가 - 현금창출단위의 매출성장률 및 투자활동 예측이 과거성과, 시장상황과 비교하여 일관성이 있는지 확인 - 관측가능한 정보를 사용하여 독립적으로 계산된 할인율을 경영진이 적용한 할인율과 비교 - 주요 가정의 변경이 손상평가에 미치는 영향을 평가하기 위해 경영진이 수행한 할인율 및 영구성장률에 대한 민감도 분석 결과 평가",subhead
01152470,2021,주식회사 펄어비스,게임,20220322001101,연결,1,Pearl Abyss Iceland ehf. 현금창출단위와 관련한 영업권 손상평가,"연결재무제표에 대한 주석 17에서 설명하는 바와 같이, 연결회사의 연결재무상태표상 Pearl Abyss Iceland ehf. 영업권의 장부가액은 168,028백만원(전기말: 154,209백만원)입니다. 연결회사는 매년 영업권을 포함하는 현금창출단위에 대한 손상평가를 수행하고 있습니다. 연결회사는 손상이 필요한 영업권을 포함하는 현금창출단위와 관련된 손상금액을 현금창출단위의 사용가치와 순공정가치 중 큰 금액과 장부금액의 차액으로 결정합니다. 현금창출단위의 사용가치 추정에 중요한 영향을 미치는 매출성장률, 할인율 및 영구성장률 등의 주요 가정의 결정시 경영진의 판단이 개입되어 경영진의 편향된 추정의 가능성이 존재합니다. 또한, 해당 영업권의 장부금액이 유의적인 수준임을고려하여 우리는 Pearl Abyss Iceland ehf. 현금창출단위와 관련된 영업권 손상평가를 핵심감사사항으로 식별하였습니다.","핵심감사사항에 대응하기 위하여 우리는 다음을 포함한 감사절차를 수행하였습니다. - 미래현금흐름 추정이 이사회(경영진)에서 승인한 사업계획과 일치하는지 확인 - 추정치에 낙관적인 가정이 포함되었는지 사후적으로 확인하기 위하여 당기 실제 성과와 전기 추정을 비교 - 사용가치 추정에 사용된 주요 가정의 합리성 평가 - 현금창출단위의 매출성장률 및 투자활동 예측이 과거성과, 시장상황과 비교하여 일관성이 있는지 확인 - 관측가능한 정보를 사용하여 독립적으로 계산된 할인율을 경영진이 적용한 할인율과 비교 - 주요 가정의 변경이 손상평가에 미치는 영향을 평가하기 위해 경영진이 수행한 할인율 및 영구성장률에 대한 민감도 분석 결과 평가",subhead
01152470,2022,주식회사 펄어비스,게임,20230322001273,연결,1,Pearl Abyss Iceland ehf. 현금창출단위와 관련한 영업권 손상평가,"연결재무제표에 대한 주석 17에서 설명하는 바와 같이, 연결회사의 연결재무상태표상 Pearl Abyss Iceland ehf. 영업권의 장부가액은 115,085백만원(전기말: 168,029백만원)입니다. 연결회사는 매년 영업권을 포함하는 현금창출단위에 대한 손상평가를 수행하고 있습니다. 연결회사는 손상이 필요한 영업권을 포함하는 현금창출단위와 관련된 손상금액을 현금창출단위의 사용가치와 순공정가치 중 큰 금액과 장부금액의 차액으로 결정합니다. 현금창출단위의 사용가치 추정에 중요한 영향을 미치는 매출성장률, 할인율 및 영구성장률 등의 주요 가정의 결정시 경영진의 판단이 개입되어 경영진의 편향된 추정의 가능성이 존재합니다. 또한, 해당 영업권의 장부금액이 유의적인 수준임을고려하여 우리는 Pearl Abyss Iceland ehf. 현금창출단위와 관련된 영업권 손상평가를 핵심감사사항으로 식별하였습니다.","핵심감사사항에 대응하기 위하여 우리는 다음을 포함한 감사절차를 수행하였습니다. - 미래현금흐름 추정이 이사회(경영진)에서 승인한 사업계획과 일치하는지 확인 - 추정치에 낙관적인 가정이 포함되었는지 사후적으로 확인하기 위하여 당기 실제 성과와 전기 추정을 비교 - 사용가치 추정에 사용된 주요 가정의 합리성 평가 - 현금창출단위의 매출성장률 및 투자활동 예측이 과거성과, 시장상황과 비교하여 일관성이 있는지 확인 - 관측가능한 정보를 사용하여 독립적으로 계산된 할인율을 경영진이 적용한 할인율과 비교 - 주요 가정의 변경이 손상평가에 미치는 영향을 평가하기 위해 경영진이 수행한 할인율 및 영구성장률에 대한 민감도 분석 결과 평가",subhead
01152470,2023,주식회사 펄어비스,게임,20240321001941,연결,1,Pearl Abyss Iceland ehf. 현금창출단위와 관련한 영업권 손상평가,"연결재무제표에 대한 주석 17에서 설명하는 바와 같이, 연결회사의 연결재무상태표상 Pearl Abyss Iceland ehf. 영업권의 장부가액은 117,092백만원(전기말: 115,085백만원)입니다. 연결회사는 매년 영업권을 포함하는 현금창출단위에 대한 손상평가를 수행하고 있습니다. 연결회사는 손상이 필요한 영업권을 포함하는 현금창출단위와 관련된 손상금액을 현금창출단위의 사용가치와 순공정가치 중 큰 금액과 장부금액의 차액으로 결정합니다. 현금창출단위의 사용가치 추정에 중요한 영향을 미치는 매출성장률, 할인율 및 영구성장률 등의 주요 가정의 결정시 경영진의 판단이 개입되어 경영진의 편향된 추정의 가능성이 존재합니다. 또한, 해당 영업권의 장부금액이 유의적인 수준임을고려하여 우리는 Pearl Abyss Iceland ehf. 현금창출단위와 관련된 영업권 손상평가를 핵심감사사항으로 식별하였습니다.","핵심감사사항에 대응하기 위하여 우리는 다음을 포함한 감사절차를 수행하였습니다. - 미래현금흐름 추정이 이사회(경영진)에서 승인한 사업계획과 일치하는지 확인 - 추정치에 낙관적인 가정이 포함되었는지 사후적으로 확인하기 위하여 당기 실제 성과와 전기 추정을 비교 - 사용가치 추정에 사용된 주요 가정의 합리성 평가 - 현금창출단위의 매출성장률 및 투자활동 예측이 과거성과, 시장상황과 비교하여 일관성이 있는지 확인 - 관측가능한 정보를 사용하여 독립적으로 계산된 할인율을 경영진이 적용한 할인율과 비교 - 주요 가정의 변경이 손상평가에 미치는 영향을 평가하기 위해 경영진이 수행한 할인율 및 영구성장률에 대한 민감도 분석 결과 평가",subhead
01152470,2024,주식회사 펄어비스,게임,20250319001130,연결,1,Pearl Abyss Iceland ehf. 현금창출단위와 관련한 영업권 손상평가,"연결재무제표에 대한 주석 18에서 설명하는 바와 같이, 연결회사의 연결재무상태표상 Pearl Abyss Iceland ehf. 영업권의 장부가액은 133,492백만원(전기말: 117,092백만원)입니다. 연결회사는 매년 영업권을 포함하는 현금창출단위에 대한 손상평가를 수행하고 있습니다. 연결회사는 손상이 필요한 영업권을 포함하는 현금창출단위와 관련된 손상금액을 현금창출단위의 사용가치와 순공정가치 중 큰 금액과 장부금액의 차액으로 결정합니다. 현금창출단위의 사용가치 추정에 중요한 영향을 미치는 매출성장률, 할인율 및 영구성장률 등의 주요 가정의 결정시 경영진의 판단이 개입되어 경영진의 편향된 추정의 가능성이 존재합니다. 또한, 해당 영업권의 장부금액이 유의적인 수준임을고려하여 우리는 Pearl Abyss Iceland ehf. 현금창출단위와 관련된 영업권 손상평가를 핵심감사사항으로 식별하였습니다.","핵심감사사항에 대응하기 위하여 우리는 다음을 포함한 감사절차를 수행하였습니다. - 미래현금흐름 추정이 이사회(경영진)에서 승인한 사업계획과 일치하는지 확인 - 추정치에 낙관적인 가정이 포함되었는지 사후적으로 확인하기 위하여 당기 실제 성과와 전기 추정을 비교 - 사용가치 추정에 사용된 주요 가정의 합리성 평가 - 현금창출단위의 매출성장률 및 투자활동 예측이 과거성과, 시장상황과 비교하여 일관성이 있는지 확인 - 관측가능한 정보를 사용하여 독립적으로 계산된 할인율을 경영진이 적용한 할인율과 비교 - 주요 가정의 변경이 손상평가에 미치는 영향을 평가하기 위해 경영진이 수행한 할인율 및 영구성장률에 대한 민감도 분석 결과 평가",subhead
01168684,2019,스튜디오드래곤(주),콘텐츠,20200330003939,연결,1,해외 콘텐츠 매출인식,"핵심감사사항은 우리의 전문가적 판단에 따라 당기 연결재무제표 감사에서 가장 유의적인 사항입니다. 해당 사항은 연결재무제표 전체에 대한 감사의 관점에서 우리의 의견형성시 다루어졌으며, 우리는 이런 사항에 대하여 별도의 의견을 제공하지는 않습니다. (1) 해외 콘텐츠 매출인식 연결회사는 드라마 콘텐츠 방영권을 판매하고 있으며, 비정형화된 해외 매출의 특성상 계약의 복잡성 및 다양성이 증가하고 있습니다. 매출은 연결회사의 주요 성과 지표이고, 부정 등 고유위험이 높으므로 우리는 해외 콘텐츠 매출인식의 적정성을 핵심감사사항으로 식별하였습니다. 우리가 수행한 주요 감사 절차는 다음과 같습니다. - 연결회사의 해외 콘텐츠 매출인식과 관련된 내부통제를 이해 및 평가하였습니다. - 연결회사의 해외 콘텐츠 매출인식과 관련된 회계정책을 이해하고, 한국채택국제회계기준에 따라 적합한지 검토하였습니다. - 당기 발생한 연결회사의 해외 콘텐츠 매출거래 중 표본 추출된 거래에 대하여 계약사항을 확인하기 위하여 문서검사를 수행하였습니다. - 당기 발생한 연결회사의 해외 콘텐츠 매출거래 중 표본 추출된 거래에 대하여 실재성과 기간귀속의 적정성을 확인하기 위하여 문서검사를 수행하였습니다. (2) 영업권 손상평가 보고기간말 현재 연결회사의 연결재무상태표 상 영업권 장부금액은 77,909백만원입니다. 연결회사는 보고기간말마다 할인된 현금흐름법에 근거한 사용가치를 기초로 영업권에 대해 회수가능액을 산정하여 장부금액을 비교하여 손상검사를 수행하고 있습니다. 상기 영업권",,lookback
01168684,2019,스튜디오드래곤(주),콘텐츠,20200330003939,연결,2,영업권 손상평가,"하였습니다. 우리가 수행한 주요 감사 절차는 다음과 같습니다. - 연결회사의 해외 콘텐츠 매출인식과 관련된 내부통제를 이해 및 평가하였습니다. - 연결회사의 해외 콘텐츠 매출인식과 관련된 회계정책을 이해하고, 한국채택국제회계기준에 따라 적합한지 검토하였습니다. - 당기 발생한 연결회사의 해외 콘텐츠 매출거래 중 표본 추출된 거래에 대하여 계약사항을 확인하기 위하여 문서검사를 수행하였습니다. - 당기 발생한 연결회사의 해외 콘텐츠 매출거래 중 표본 추출된 거래에 대하여 실재성과 기간귀속의 적정성을 확인하기 위하여 문서검사를 수행하였습니다. (2) 영업권 손상평가 보고기간말 현재 연결회사의 연결재무상태표 상 영업권 장부금액은 77,909백만원입니다. 연결회사는 보고기간말마다 할인된 현금흐름법에 근거한 사용가치를 기초로 영업권에 대해 회수가능액을 산정하여 장부금액을 비교하여 손상검사를 수행하고 있습니다. 상기 영업권 규모가 유의적이며 회수가능액 추정에 중요한 영향을 미치는 할인율, 성장률 및 미래현금흐름 예측 등의 가정에는 경영진의 판단이 포함되므로 우리는 영업권의 손상평가를 핵심감사사항으로 선정하였습니다. 우리가 수행한 주요 감사 절차는 다음과 같습니다. - 연결회사가 사용가치 추정을 위해 고용한 외부전문가의 적격성과 독립성을 평가하였습니다. - 연결회사가 사용가치 추정에 사용한 가치평가 모델의 적절성을 평가하였습니다. - 연결회사가 사용가치 추정을 위해 사용한 주요 가정의 합리성을 평가하였습니다. - 연결회사가 적용한 할인율과 관측가능한 정보를 사용하여 독립적으로 계산된 할인율을 비교하였습니다. - 연결회사가 사용가치 추정에 사용한 기초데이터의 적정성을 문서검사를 통하여 평가하였습니다.",,lookback
01168684,2020,스튜디오드래곤(주),콘텐츠,20210318001131,연결,1,해외 콘텐츠 매출인식,"핵심감사사항은 우리의 전문가적 판단에 따라 당기 연결재무제표 감사에서 가장 유의적인 사항들입니다. 해당 사항들은 연결재무제표 전체에 대한 감사의 관점에서 우리의 의견형성 시 다루어졌으며, 우리는 이런 사항들에 대하여 별도의 의견을 제공하지는 않습니다. (1) 해외 콘텐츠 매출인식 연결회사는 드라마 콘텐츠 방영권을 판매하고 있으며, 비정형화된 해외 매출의 특성상 계약의 복잡성 및 다양성이 증가하고 있습니다. 매출은 연결회사의 주요 성과 지표이고, 부정 등 고유위험이 높으므로 우리는 해외 콘텐츠 매출인식의 적정성을 핵심감사사항으로 식별하였습니다. 우리가 수행한 주요 감사 절차는 다음과 같습니다. - 연결회사의 해외 콘텐츠 매출인식과 관련된 내부통제를 이해 및 평가하였습니다. - 연결회사의 해외 콘텐츠 매출인식과 관련된 회계정책을 이해하고, 한국채택국제회계기준에 따라 적합한지 검토하였습니다. - 당기 발생한 연결회사의 해외 콘텐츠 매출거래 중 표본 추출된 거래에 대하여 계약사항을 확인하기 위하여 문서검사를 수행하였습니다. - 당기 발생한 연결회사의 해외 콘텐츠 매출거래 중 표본 추출된 거래에 대하여 실재성과 기간귀속의 적정성을 확인하기 위하여 문서검사를 수행하였습니다. (2) 영업권 손상평가 보고기간말 현재 연결회사의 연결재무상태표 상 영업권 장부금액은 74,650백만원입니다. 연결회사는 보고기간말마다 할인된 현금흐름법에 근거한 사용가치를 기초로 영업권에 대해 회수가능액을 산정하여 장부금액을 비교하여 손상검사를 수행하고 있습니다. 상기 영업권",,lookback
01168684,2020,스튜디오드래곤(주),콘텐츠,20210318001131,연결,2,영업권 손상평가,"하였습니다. 우리가 수행한 주요 감사 절차는 다음과 같습니다. - 연결회사의 해외 콘텐츠 매출인식과 관련된 내부통제를 이해 및 평가하였습니다. - 연결회사의 해외 콘텐츠 매출인식과 관련된 회계정책을 이해하고, 한국채택국제회계기준에 따라 적합한지 검토하였습니다. - 당기 발생한 연결회사의 해외 콘텐츠 매출거래 중 표본 추출된 거래에 대하여 계약사항을 확인하기 위하여 문서검사를 수행하였습니다. - 당기 발생한 연결회사의 해외 콘텐츠 매출거래 중 표본 추출된 거래에 대하여 실재성과 기간귀속의 적정성을 확인하기 위하여 문서검사를 수행하였습니다. (2) 영업권 손상평가 보고기간말 현재 연결회사의 연결재무상태표 상 영업권 장부금액은 74,650백만원입니다. 연결회사는 보고기간말마다 할인된 현금흐름법에 근거한 사용가치를 기초로 영업권에 대해 회수가능액을 산정하여 장부금액을 비교하여 손상검사를 수행하고 있습니다. 상기 영업권 규모가 유의적이며 회수가능액 추정에 중요한 영향을 미치는 할인율, 성장률 및 미래현금흐름 예측 등의 가정에는 경영진의 판단이 포함되므로 우리는 영업권의 손상평가를 핵심감사사항으로 선정하였습니다. 우리가 수행한 주요 감사 절차는 다음과 같습니다. - 연결회사가 사용가치 추정을 위해 고용한 외부전문가의 적격성과 독립성을 평가하였습니다. - 연결회사가 사용가치 추정에 사용한 가치평가 모델의 적절성을 평가하였습니다. - 연결회사가 사용가치 추정을 위해 사용한 주요 가정의 합리성을 평가하였습니다. - 연결회사가 적용한 할인율과 관측가능한 정보를 사용하여 독립적으로 계산된 할인율을 비교하였습니다. - 연결회사가 사용가치 추정에 사용한 기초데이터의 적정성을 문서검사를 통하여 평가하였습니다.",,lookback
01168684,2021,스튜디오드래곤(주),콘텐츠,20220321000889,연결,1,해외 콘텐츠 매출인식,"핵심감사사항은 우리의 전문가적 판단에 따라 당기 연결재무제표 감사에서 가장 유의적인 사항들입니다. 해당 사항들은 연결재무제표 전체에 대한 감사의 관점에서 우리의 의견형성 시 다루어졌으며, 우리는 이런 사항들에 대하여 별도의 의견을 제공하지는 않습니다. (1) 해외 콘텐츠 매출인식 연결실체는 드라마 콘텐츠 방영권을 판매하고 있으며, 비정형화된 해외 매출의 특성상 계약의 복잡성 및 다양성이 증가하고 있습니다. 매출은 연결실체의 주요 성과 지표이고, 부정 등 고유위험이 높으므로 우리는 해외 콘텐츠 매출인식의 적정성을 핵심감사사항으로 식별하였습니다. 우리가 수행한 주요 감사 절차는 다음과 같습니다. - 연결실체의 해외 콘텐츠 매출인식과 관련된 내부통제를 이해 및 평가하였습니다. - 연결실체의 해외 콘텐츠 매출인식과 관련된 회계정책을 이해하고, 한국채택국제회계기준에 따라 적합한지 검토하였습니다. - 당기 발생한 연결실체의 해외 콘텐츠 매출거래 중 표본 추출된 거래에 대하여 계약사항을 확인하기 위하여 문서검사를 수행하였습니다. - 당기 발생한 연결실체의 해외 콘텐츠 매출거래 중 표본 추출된 거래에 대하여 실재성과 기간귀속의 적정성을 확인하기 위하여 문서검사를 수행하였습니다. (2) 영업권 손상평가 보고기간말 현재 연결실체의 연결재무상태표 상 영업권 장부금액은 70,768백만원입니다. 연결실체는 보고기간말마다 할인된 현금흐름법에 근거한 사용가치를 기초로 영업권에 대해 회수가능액을 산정하여 장부금액을 비교하여 손상검사를 수행하고 있습니다. 상기 영업권",,lookback
01168684,2021,스튜디오드래곤(주),콘텐츠,20220321000889,연결,2,영업권 손상평가,"하였습니다. 우리가 수행한 주요 감사 절차는 다음과 같습니다. - 연결실체의 해외 콘텐츠 매출인식과 관련된 내부통제를 이해 및 평가하였습니다. - 연결실체의 해외 콘텐츠 매출인식과 관련된 회계정책을 이해하고, 한국채택국제회계기준에 따라 적합한지 검토하였습니다. - 당기 발생한 연결실체의 해외 콘텐츠 매출거래 중 표본 추출된 거래에 대하여 계약사항을 확인하기 위하여 문서검사를 수행하였습니다. - 당기 발생한 연결실체의 해외 콘텐츠 매출거래 중 표본 추출된 거래에 대하여 실재성과 기간귀속의 적정성을 확인하기 위하여 문서검사를 수행하였습니다. (2) 영업권 손상평가 보고기간말 현재 연결실체의 연결재무상태표 상 영업권 장부금액은 70,768백만원입니다. 연결실체는 보고기간말마다 할인된 현금흐름법에 근거한 사용가치를 기초로 영업권에 대해 회수가능액을 산정하여 장부금액을 비교하여 손상검사를 수행하고 있습니다. 상기 영업권 규모가 유의적이며 회수가능액 추정에 중요한 영향을 미치는 할인율, 성장률 및 미래현금흐름 예측 등의 가정에는 경영진의 판단이 포함되므로 우리는 영업권의 손상평가를 핵심감사사항으로 선정하였습니다. 우리가 수행한 주요 감사 절차는 다음과 같습니다. - 연결실체가 사용가치 추정을 위해 고용한 외부전문가의 적격성과 독립성을 평가하였습니다. - 연결실체가 사용가치 추정에 사용한 가치평가 모델의 적절성을 평가하였습니다. - 연결실체가 사용가치 추정을 위해 사용한 주요 가정의 합리성을 평가하였습니다. - 연결실체가 적용한 할인율과 관측가능한 정보를 사용하여 독립적으로 계산된 할인율을 비교하였습니다. - 연결실체가 사용가치 추정에 사용한 기초데이터의 적정성을 문서검사를 통하여 평가하였습니다.",,lookback
01168684,2022,스튜디오드래곤(주),콘텐츠,20230320000722,연결,1,해외 콘텐츠 매출인식,"핵심감사사항은 우리의 전문가적 판단에 따라 당기 연결재무제표 감사에서 가장 유의적인 사항들입니다. 해당 사항들은 연결재무제표 전체에 대한 감사의 관점에서 우리의 의견형성 시 다루어졌으며, 우리는 이런 사항들에 대하여 별도의 의견을 제공하지는 않습니다. (1) 해외 콘텐츠 매출인식 연결실체는 주석 2.16에서 설명하는 바와 같이 드라마 콘텐츠를 판매하고 있으며, 최근 해외에서의 K-드라마 인기 상승에 힘입어 매출 비중이 급증하고 있어 연결실체의 재무제표에 미치는 영향이 중요해지고 있습니다. 또한, 해외 거래처에 대한 콘텐츠 매출의 경우 거래처 별로 다양한 형태의 계약 체결로 인해 비 정형화된 수행의무가 식별되고 있어 그 복잡성과 다양성이증가하고 있습니다. 이러한 해외콘텐츠 매출의 중요성 및 매출인식의 복잡성과 다양성으로 인하여 수익인식 금액이 적절하지 않을 잠재적 위험이 존재하며, 이에 따라 해외콘텐츠 매출의 발생사실 및 기간귀속과 관련하여 유의적인 위험이 있다고 판단하였습니다. 따라서 우리는 해외콘텐츠 매출인식의 적정성을 핵심감사사항으로 식별하였습니다. 우리가 수행한 주요 감사 절차는 다음과 같습니다. - 연결실체의 해외 콘텐츠 매출인식과 관련된 회계정책을 이해하고, 한국채택국제회계기준 제 1115호 '수익'에 따라 적합한지 검토하였습니다. - 당기 발생한 연결실체의 해외 콘텐츠 매출거래 중 표본 추출된 거래에 대하여 계약사항을 확인하기 위하여 문서검사를 수행하였습니다. - 연결실체의 해외콘텐츠 매출 기간귀속 및 금액이 정확하게 반영되는지 정당한 승인권자가 검토하고 승인하는 내부통제를 이해 및 평가하였습니다. - 당기 발생한 연결실체의 해외 콘텐츠 매출거래 중 표본 추출된 거래에 대하여 실재성과 기간귀속의 적정성을 확인하기 위하여 문서검사를 수행하였습니다. (2) 영업권 손상평가연결재무제표 주석 14에 기술되어 있는 바와 같이, 보고기간말 현재 연결실체의 연결재무상태표 상 영업권 장부금액은 83,129백만원으로 연결총자산의 7.62%입니다.연결실체는 매년 영업권에 대한 손상검사를 수행하고 있으며, 이를 위하여 현금창출단위의 회수가능액을 평가하고 있습니다. 그 중 영업권의 회수가능액은 사용가치를 기초로 결정되었고, 사용가치는 자산의 계속적인 사용으로부터 기대되는 미래현금흐름을 할인하여 결정하였습니다.이 모형의 주요 가정은 미래현금흐름 예측, 할인율 및 매출성장률 등이 포함됩니다. 연결실체의 경영진은 회수가능액 측정을 위해 독립적인 외부 전문가를 활용하였습니다. 우리는 영업권에 대한 손상을 평가",,lookback
01168684,2023,스튜디오드래곤(주),콘텐츠,20240318000577,연결,1,해외콘텐츠 매출인식,"핵심감사사항은 우리의 전문가적 판단에 따라 당기 연결재무제표 감사에서 가장 유의적인 사항들입니다. 해당 사항들은 연결재무제표 전체에 대한 감사의 관점에서 우리의 의견형성 시 다루어졌으며, 우리는 이런 사항들에 대하여 별도의 의견을 제공하지는 않습니다. (1) 해외콘텐츠 매출인식 연결실체는 주석 6에서 설명하는 바와 같이 드라마 콘텐츠를 판매하고 있으며, 최근 해외에서의 K-드라마 인기 상승에 힘입어 매출 비중이 급증하고 있어 연결실체의 재무제표에 미치는 영향이 중요해지고 있습니다. 또한, 해외 거래처에 대한 콘텐츠 매출의 경우 거래처 별로 다양한 형태의 계약 체결로 인해 비정형화된 수행의무가 식별되고 있어 그 복잡성과 다양성이 증가하고 있습니다. 이러한 해외콘텐츠 매출의 중요성 및 매출인식의 복잡성과 다양성으로 인하여 수익인식 금액이 적절하지 않을 잠재적 위험이 존재하며, 이에 따라 해외콘텐츠 매출의 발생사실 및 기간귀속과 관련하여 유의적인 위험이 있다고 판단하였습니다. 따라서 우리는 해외콘텐츠 매출인식의 적정성을 핵심감사사항으로 식별하였습니다. 우리가 수행한 주요 감사 절차는 다음과 같습니다. - 연결실체의 해외콘텐츠 매출인식과 관련된 회계정책을 이해하고, 한국채택국제회계기준 제 1115호 '고객과의 계약에서 생기는 수익'에 따라 적합한지 검토하였습니다. - 당기 발생한 연결실체의 해외콘텐츠 매출거래 중 표본 추출된 거래에 대하여 계약사항을 확인하기 위하여 문서검사를 수행하였습니다. - 연결실체의 해외콘텐츠 매출 기간귀속 및 금액이 정확하게 반영되는지 정당한 승인권자가 검토하고 승인하는 내부통제를 이해 및 평가하였습니다. - 당기 발생한 연결실체의 해외콘텐츠 매출거래 중 표본 추출된 거래에 대하여 기간귀속의 적정성을 확인하기 위하여 문서검사를 수행하였습니다. (2) 영업권 손상평가연결재무제표 주석 15에 기술되어 있는 바와 같이, 보고기간말 현재 연결실체의 연결재무상태표 상 영업권 장부금액은 69,825백만원으로 연결총자산의 6.39%입니다.연결실체는 매년 영업권에 대한 손상검사를 수행하고 있으며, 이를 위하여 현금창출단위의 회수가능액을 평가하고 있습니다. 그 중 영업권의 회수가능액은 사용가치를 기초로 결정되었고, 사용가치는 자산의 계속적인 사용으로부터 기대되는 미래현금흐름을 할인하여 결정하였습니다.이 모형의 주요 가정은 미래현금흐름 예측, 할인율 및 매출성장률 등이 포함됩니다. 연결실체의 경영진은 회수가능액 측정을 위해 독립적인 외부 전문가를 활용하였습니다. 우리는 영업권에 대한 손상을 평가",,lookback
01168684,2024,스튜디오드래곤(주),콘텐츠,20250319000636,연결,1,최근 해외에서의 K-드라마 인기 상승에 힘입어 매출 비중의 62%에 해당하여,"핵심감사사항은 우리의 전문가적 판단에 따라 당기 연결재무제표 감사에서 가장 유의적인 사항들입니다. 해당 사항들은 연결재무제표 전체에 대한 감사의 관점에서 우리의 의견형성 시 다루어졌으며, 우리는 이런 사항들에 대하여 별도의 의견을 제공하지는 않습니다. (1) 해외콘텐츠 매출인식 연결실체는 주석 6에서 설명하는 바와 같이 드라마 콘텐츠를 판매하고 있으며, 최근 해외에서의 K-드라마 인기 상승에 힘입어 매출 비중의 62%에 해당하여 연결실체의 재무제표에 미치는 영향이 중요해지고 있습니다. 또한, 해외 거래처에 대한 콘텐츠 매출의 경우 거래처 별로 다양한 형태의 계약 체결로 인해 비정형화된 수행의무가 식별되고 있어 그 복잡성과 다양성이 증가하고 있습니다. 이러한 해외콘텐츠 매출의 중요성 및 매출인식의 복잡성과 다양성으로 인하여 수익인식 금액이 적절하지 않을 잠재적 위험이 존재하며, 이에 따라 해외콘텐츠 매출의 기간귀속 및 정확성과 관련하여 유의적인 위험이 있다고 판단하였습니다. 따라서 우리는 해외콘텐츠 매출인식의 기간귀속 및 정확성을 핵심감사사항으로 식별하였습니다. 우리가 수행한 주요 감사 절차는 다음과 같습니다. - 연결실체의 해외콘텐츠 매출인식과 관련된 회계정책을 이해하고, 한국채택국제회계기준 제 1115호 '고객과의 계약에서 생기는 수익'에 따라 적합한지 검토하였습니다. - 당기 발생한 연결실체의 해외콘텐츠 매출거래 중 표본 추출된 거래에 대하여 계약사항을 확인하기 위하여 문서검사를 수행하였습니다. - 연결실체의 해외콘텐츠 매출 기간귀속 및 금액이 정확하게 반영되는지 정당한 승인권자가 검토하고 승인하는 내부통제를 이해 및 평가하였습니다. - 당기 발생한 연결실체의 해외콘텐츠 매출거래 중 표본 추출된 거래에 대하여 기간귀속의 적정성을 확인하기 위하여 문서검사를 수행하였습니다. (2) 영업권 손상평가연결재무제표 주석 15에 기술되어 있는 바와 같이, 보고기간말 현재 연결실체의 연결재무상태표 상 영업권 장부금액은 53,955백만원으로 연결총자산의 5.83%입니다.연결실체는 매년 영업권에 대한 손상검사를 수행하고 있으며, 이를 위하여 현금창출단위의 회수가능액을 평가하고 있습니다. 그 중 영업권의 회수가능액은 사용가치를 기초로 결정되었고, 사용가치는 자산의 계속적인 사용으로부터 기대되는 미래현금흐름을 할인하여 결정하였습니다.이 모형의 주요 가정은 미래현금흐름 예측, 할인율 및 매출성장률 등이 포함됩니다. 연결실체의 경영진은 회수가능액 측정을 위해 독립적인 외부 전문가를 활용하였습니다. 우리는 영업권에 대한 손상을 평가",,lookback
01186404,2020,주식회사 디앤씨미디어,콘텐츠,20210312000327,연결,1,전자책 매출 수익인식,"회사의 전체 매출에서 전자책 매출이 차지하는 비중이 88.1%가량으로 그 중요성이 상당하고, 발생주의 회계처리를 위한 조정과정에 오류 등의 가능성이 적지 않다고 판단하여 전자책 매출인식을 감사에 있어 특히 중요한 사항으로 고려하였습니다.","회사의 전자책 매출 수익인식 회계처리에 대하여 우리가 수행한 주요 감사절차는 다음과 같습니다. · 전자책 매출 정산 및 확정 관련 회사의 정책, 프로세스 및 내부통제 이해 · 매출확정 결과에 대한 회사 내부의 검토 및 승인에 대한 내부통제 평가 · 확정된 매출액과 매출처에 대한 청구액에 대한 비교검토 및 발생주의에 의한 조정 회계처리 관련 프로세스 및 내부통제 이해 · 매출확정 근거인 매출처의 실적 Data 및 청구결과, 그리고 발생주의에 의한 수익조정에 대한 문서검토",subhead
01186404,2021,주식회사 디앤씨미디어,콘텐츠,20220314000523,연결,1,컨텐츠(전자책) 매출인식의 정확성,"2021년 중 발생한 컨텐츠(전자책) 매출은 60,783백만원으로 연결회사의 영업수익에서 차지하는 비중 및 복잡성을 고려하였습니다. 컨텐츠(전자책) 매출은 플렛폼을 운영하는 회사와의 계약조건에 따라 일정한 수수료가 차감된 금액의 정산과정을 통해 인식됩니다. 플렛폼 운영사와의 계약조건의 다양성, 복잡성으로 인하여 영업수익 금액이 정확하게 인식되지 않을 잠재적 위험이 존재합니다. 이에 따라 우리는 컨텐츠(전자책) 매출의 정확성을 핵심감사사항으로 선정하였습니다.","회사의 컨텐츠(전자책) 매출 수익인식 회계처리에 대하여 우리가 수행한 주요 감사절차는 다음과 같습니다. ·전자책 매출 정산 및 확정 관련 회사의 정책, 프로세스 및 내부통제 이해 ·매출확정 결과에 대한 회사 내부의 검토 및 승인에 대한 내부통제 평가 ·매출확정 근거인 매출처의 실적 Data 및 청구결과 및 채권회수에 대한 증빙확인",subhead
01186404,2022,주식회사 디앤씨미디어,콘텐츠,20230314000929,연결,1,컨텐츠(전자책) 매출인식의 정확성,"핵심감사사항은 우리의 전문가적 판단에 따라 당기 연결재무제표감사에서 가장 유의적인 사항들입니다. 해당 사항들은 연결재무제표 전체에 대한 감사의 관점에서 우리의 의견형성 시 다루어졌으며, 우리는 이런 사항에 대하여 별도의 의견을 제공하지는않습니다. 컨텐츠(전자책) 매출인식의 정확성 (1) 핵심감사사항으로 결정한 이유2022년 중 발생한 컨텐츠(전자책) 매출은 53,670백만원으로 연결회사의 영업수익에서 차지하는 비중 및 복잡성을 고려하였습니다. 컨텐츠(전자책) 매출은 플렛폼을 운영하는 회사와의 계약조건에 따라 일정한 수수료가 차감된 금액의 정산과정을 통해 인식됩니다. 해당 매출은 플렛폼 운영사와의 계약조건의 다양성, 복잡성으로 인하여 영업수익 금액이 정확하게 인식되지 않을 잠재적 위험이 존재합니다. 이에 따라, 우리는 컨텐츠(전자책) 매출의 정확성을 핵심감사사항으로 선정하였습니다.(2) 핵심감사사항이 감사에서 다루어진 방법 연결회사의 컨텐츠(전자책) 매출 수익인식 회계처리에 대하여 ","우리가 수행한 주요 감사절차는 다음과 같습니다. ·전자책 매출 정산 및 확정 관련 연결회사의 정책, 프로세스 및 내부통제 이해 ·매출확정 결과에 대한 연결회사 내부의 검토 및 승인에 대한 내부통제 평가 ·매출확정 근거인 매출처의 실적 Data 와 정산서 및 채권회수에 대한 증빙확인",lookback
01186404,2023,주식회사 디앤씨미디어,콘텐츠,20240313001530,연결,1,컨텐츠(전자책) 매출인식의 정확성,"2023년 중 발생한 컨텐츠(전자책) 매출은 51,733백만원 으로 연결회사의 영업수익에서 차지하는 비중 및 복잡성을 고려하였습니다. 컨텐츠(전자책) 매출은 플렛폼을 운영하는 회사와의 계약조건에 따라 일정한 수수료가 차감된 금액의 정산과정을 통해 인식됩니다. 해당 매출은 플렛폼 운영사와의 계약조건의 다양성, 복잡성으로 인하여 영업수익 금액이 정확하게 인식되지 않을 잠재적 위험이 존재합니다. 이에 따라, 우리는 컨텐츠(전자책) 매출의 정확성을 핵심감사사항으로 선정하였습니다.(2) 핵심감사사항이 감사에서 다루어진 방법 연결회사의 컨텐츠(전자책) 매출 수익인식 회계처리에 대하여 우리가 수행한 주요 감사절차는 다음과 같습니다. ·전자책 매출 정산 및 확정 관련 연결회사의 정책, 프로세스 및 내부통제 이해 ·매출확정 결과에 대한 연결회사 내부의 검토 및 승인에 대한 내부통제 평가 ·매출확정 근거인 매출처의 실적 Data 와 정산서 및 채권회수에 대한 증빙확인",,subhead
01186404,2024,주식회사 디앤씨미디어,콘텐츠,20250320001011,연결,1,컨텐츠매출과 용역매출의 수익인식 정확성 및 기간귀속,"주석 34에서 공시한 바와 같이 2024년 총 영업수익은 83,514백만원이며 이 중 컨텐츠매출과 용역매출은 각각 61,106백만원 및 12,325백만원으로 연결 회사의 영업수익에서 차지하는 비중 및 복잡성을 고려하였습니다. 컨텐츠매출과 용역매출은 플랫폼을 운영하는 회사와의 계약조건에 따라 일정한 수수료가 차감된 금액의 정산과정을 통해 인식됩니다. 해당 매출은 플랫폼 운영사와의 계약조건의 다양성, 복잡성, 정산시점 차이로 인하여 영업수익 금액이 정확하게 인식되지 않을 잠재적 위험이 존재합니다. 이에 따라, 우리는 컨텐츠매출과 용역매출의 정확성 및 기간귀속을 핵심감사사항으로 선정하였습니다.","연결 회사의 컨텐츠매출 및 용역매출의 수익인식 회계처리에 대하여 우리가 수행한 주요 감사절차는 다음과 같습니다. ㆍ 컨텐츠매출 및 용역매출 정산 및 확정 관련 연결 회사의정책, 프로세스 및 내부통제 이해 ㆍ매출확정 결과에 대한 연결 회사 내부의 검토 및 승인에 대한 내부통제 평가 ㆍ매출확정 근거인 매출처의 실적 Data 및 청구결과 및 채권회수에 대한 증빙확인 ㆍ플랫폼별 정산 시기에 따른 매출의 기간귀속 정확성 검토",subhead
01204056,2021,(주)하이브,콘텐츠,20220322000653,연결,1,현금창출단위 손상평가,"연결회사는 주식회사 쏘스뮤직, 주식회사 어도어 및 주식회사 케이오지엔터테인먼트현금창출단위에 손상징후가 존재한다고 판단하고 기업회계기준서 제1036호에 따라 손상검사를 수행하였습니다. 우리는 손상징후가 존재한다고 판단되는 위 현금창출단위(배분된 영업권 포함)의 규모가 유의적인 수준이고, 평가에 사용되는 여러 가정은 추정불확실성이 높은 항목에 해당하며, 사용가치 평가에 유의적인 경영진의 판단이 수반되는 점을 고려하여 연결회사가 수행한 해당 현금창출단위에 대한 손상검사를 핵심감사사항에 포함하였습니다.",우리는 사용가치 평가와 관련하여 다음을 포함한 감사절차를 수행하였습니다. ·경영진이 자산손상징후를 검토하는 절차와 관련된 통제의 이해 ·경영진이 사용가치 추정에 사용한 가치평가 모델의 적절성을 평가 ·미래현금흐름의 추정이 경영진이 승인한 사업계획과 일치하는지 확인 ·사용가치 추정에 경영진의 편의가 포함되었는지 확인하기 위하여 당기 실제성과와전기 추정을 비교 ·사용가치 추정에 참여한 경영진측 전문가의 적격성과 객관성 평가 ·사용가치 추정에 사용된 주요 가정의 합리성 평가 ·현금창출단위의 구분 및 비교대상 장부가액의 적절성 검토,subhead
01204056,2022,(주)하이브,콘텐츠,20230322000744,연결,1,Ithaca holdings LLC 영업권 손상평가,,우리는 사용가치 평가와 관련하여 다음을 포함한 감사절차를 수행하였습니다. ·경영진이 사업결합 영업권의 손상검사를 수행하는 절차와 관련된 통제의 이해 ·경영진이 영업권 손상검토를 위해 영업권을 배부한 현금창출단위 식별에 대한 합리성 검토 ·경영진이 사용가치 추정에 사용한 가치평가 모델의 적절성을 평가 ·미래현금흐름의 추정이 경영진이 승인한 사업계획과 일치하는지 확인 ·사용가치 추정에 경영진의 편의가 포함되었는지 확인하기 위하여 당기 실제성과와 전기 추정을 비교 ·사용가치 추정에 참여한 경영진측 전문가의 적격성과 객관성 평가 ·사용가치 추정에 사용된 주요 가정의 합리성 평가,subhead
01204056,2023,(주)하이브,콘텐츠,20240322000254,연결,1,Ithaca holdings LLC 영업권 손상평가,"핵심감사사항은 우리의 전문가적 판단에 따라 당기 연결재무제표감사에서 가장 유의적인 사항들입니다. 해당 사항들은 연결재무제표 전체에 대한 감사의 관점에서 우리의 의견형성 시 다루어졌으며, 우리는 이런 사항에 대하여 별도의 의견을 제공하지는 않습니다. Ithaca holdings LLC 영업권 손상평가 핵심감사사항으로 결정된 이유2023년 12월 31일 현재 연결회사가 보유하고 있는 영업권의 장부금액은 1,717,432백만원으로 유의적이며, 이 중 연결회사가 사업결합으로 취득한 Ithaca holdings LLC영업권의 장부금액은 830,239백만원으로서 전체 영업권의 48.3%를 차지하고 있습니다. 주석 2.9에서 언급된 바와 같이, 연결회사는 영업권에 대하여 매년 손상검사를 수행하고 있습니다. 당기손상검사 결과, 해당 영업권에 대하여 78,197백만원의 손상차손을 인식하였습니다(주석 12 참조).해당 영업권의 회수가능가액은 사용가치를 기초로 결정하며, 사용가치측정에 사용되는 여러 가정은 추정불확실성이 높은 항목에 해당하며, 유의적인 경영진의 판단이 수반되는 점을 고려하여 우리는 연결회사가 수행한 Ithaca holdings LLC영업권의 손상검사를 핵심감사사항으로 결정하였습니다. 핵심감사사항이 감사에서 다루어진 방법우리는 핵심감사사항에 대응하기 위하여 다음을 포함한 감사절차를 수행하였습니다.·경영진이 사업결합 영업권의 손상검사를 수행하는 절차와 관련된 통제의 이해 및 평가·경영진이 사용가치 추정에 사용한 가치평가 모델의 적절성을 평가·미래현금흐름의 추정이 경영진이 승인한 사업계획과 일치하는지 확인·사용가치 추정에 경영진의 편의가 포함되었는지 확인하기 위하여 당기 실제성과와 전기 추정을 비교·사용가치 추정에 참여한 경영진측 전문가의 적격성과 독립성 평가·사용가치 추정에 사용된 주요 가정의 합리성 평가",,lookback
01204056,2024,(주)하이브,콘텐츠,20250321001187,연결,1,Ithaca holdings LLC 영업권 손상평가,"핵심감사사항은 우리의 전문가적 판단에 따라 당기 연결재무제표감사에서 가장 유의적인 사항들입니다. 해당 사항들은 연결재무제표 전체에 대한 감사의 관점에서 우리의 의견형성 시 다루어졌으며, 우리는 이런 사항에 대하여 별도의 의견을 제공하지는 않습니다. Ithaca holdings LLC 영업권 손상평가 핵심감사사항으로 결정된 이유2024년 12월 31일 현재 연결회사가 보유하고 있는 영업권의 장부금액은 1,809,809백만원으로 유의적이며, 이 중 연결회사가 사업결합으로 취득한 Ithaca holdings LLC영업권의 장부금액은 865,344백만원으로서 전체 영업권의 47.8%를 차지하고 있습니다. 주석 2.9에서 언급된 바와 같이, 연결회사는 영업권에 대하여 매년 손상검사를 수행하고 있습니다. 당기손상검사 결과, 해당 영업권에 대하여 75,327백만원의 손상차손을 인식하였습니다(주석 12 참조).해당 영업권의 회수가능가액은 사용가치를 기초로 결정하며, 사용가치측정에 사용되는 여러 가정은 추정불확실성이 높은 항목에 해당하며, 유의적인 경영진의 판단이 수반되는 점을 고려하여 우리는 연결회사가 수행한 Ithaca holdings LLC영업권의 손상검사를 핵심감사사항으로 결정하였습니다. 핵심감사사항이 감사에서 다루어진 방법우리는 핵심감사사항에 대응하기 위하여 다음을 포함한 감사절차를 수행하였습니다.·경영진이 사업결합 영업권의 손상검사를 수행하는 절차와 관련된 통제의 이해 및 평가·경영진이 사용가치 추정에 사용한 가치평가 모델의 적절성을 평가·미래현금흐름의 추정이 경영진이 승인한 사업계획과 일치하는지 확인·사용가치 추정에 경영진의 편의가 포함되었는지 확인하기 위하여 당기 실제성과와 전기 추정을 비교·사용가치 추정에 참여한 경영진측 전문가의 적격성과 독립성 평가·사용가치 추정에 사용된 주요 가정의 합리성 평가",,lookback
01210190,2021,주식회사 모비릭스,게임,20220316000575,연결,1,수익인식의 적정성,"연결회사의 경우 다양한 채널을 통해 매출이 발생하고 있으며, 각 채널별로 용역의 통제의 이전 시기가 다르기 때문에 수익인식시점에 대한 경영진의 판단이 요구됩니다. 따라서 판단의 오류 등에 따른 수익의 과대계상 위험에 노출되어 있어 우리는 수익인식의 적정성에 대한 전반을 핵심감사사항으로 선정하였습니다.",연결회사의 수익인식 회계처리에 대하여 우리가 수행한 주요 감사절차는 다음과 같습니다. - 당기 중 발생한 매출거래에 대하여 표본추출방식을 이용한 세부실증절차 수행 - 보고기간말 전후 발생한 매출거래에 대한 수익인식의 기간귀속을 확인하는 절차 수행 - 수익인식에 대응되는 매출채권에 대해 문서검사를 통한 감사 증거 확보 - 매출유형별 과거기간과의 실적비교 및 월별 실적의 추세 분석 등 분석적절차 수행,subhead
01210190,2024,주식회사 모비릭스,게임,20250320001043,연결,1,선급비용 중 미니멈 개런티에 대한 손상평가의 적정성,"핵심감사사항은 우리의 전문가적 판단에 따라 당기 연결재무제표감사에서 가장 유의적인 사항들입니다. 해당 사항들은 연결재무제표 전체에 대한 감사의 관점에서 우리의 의견형성시 다루어졌으며, 우리는 이런 사항에 대하여 별도의 의견을 제공하지는 않습니다.미니멈개런티 손상평가핵심감사사항으로 결정한 이유 연결회사는 보고기간 말 현재 선급비용 및 장기선급비용으로 인식된 미니멈 개런티에 대해 손상징후의 존재 여부를 검토하고, 자산손상을 시사하는 징후가 확인될 경우손상평가를 수행합니다. 당기 중 연결회사는 시장 상황을 고려하여 선급비용으로 인식된 게임 미니멈 개런티에 손상 징후가 존재한다고 판단하였으며, 이에 따라 기업회계기준서 제1036호에 따라 손상검사를 실시하였습니다. 손상 징후의 판단 및 손상 금액의 결정에는 경영진의 판단이 요구되며, 이 과정에서 판단의 오류 등이 발생할 경우 비용의 과소 계상 위험이 존재할 수 있습니다. 이에 따라 우리는 선급비용 중 미니멈 개런티에 대한 손상평가의 적정성을 핵심감사사항으로 선정하였습니다. 핵심감사사항이 감사에서 다루어진 방법핵심감사사항에 대응하기 위하여 우리는 다음을 포함한 감사절차를 수행하였습니다.- 미니멈개런티 손상 회계처리 관련 연결회사의 정책, 프로세스 및 내부통제 이해- 연결회사가 제시한 손상징후가 존재하는 미니멈개런티 및 손상징후 판단 근거의 타당성을 검토- 연결회사가 회수가능액 결정에 사용한 평가 방법에 대해 질문과 검토를 수행- 연결회사가 제시한 평가금액 계산의 정확성 검증 및 선택한 주요 가정의 근거를 과거 실적과 비교분석하여 회수가능액의 적절성을 검토",,decl
01259056,2019,(주)애닉,게임,20200330002565,연결,1,영업권 손상평가,"2019년 12월 31일 현재 연결회사는 7,085백만원의 영업권을 보유하고 있습니다(주석 13 참조). 연결회사는 객관적인 외부전문가를 활용하여, 할인된 현금흐름법에 근거한 사용가치계산을 활용해 영업권에 대한 손상검사를 수행하였습니다. 연결회사는모든 영업권에 대하여 손상검사를 수행하였으며, 손상검사결과 인식된 손상차손은 없습니다. 회사는 회수가능액을 계산하기 위하여 향후 5개년의 사업계획에 근거한 미래 추정현금흐름을 바탕으로 현금흐름할인모형을 이용하였습니다. 회사의 영업권 금액이 유의적이며, 사용가치 평가에 포함된 할인율 및 미래현금흐름 예측 등에 연결회사 경영진의 유의적인 판단과 추정치가 수반되므로 영업권의 회수가능액 평가를 핵심감사사항으로 판단하였습니다.","핵심감사사항과 관련하여 우리가 수행한 주요 감사절차는 다음과 같습니다. - 연결회사가 활용한 외부전문가의 적격성 및 독립성 평가 - 감사인의 가치평가 전문가를 활용하여 주요 유의적 가정(추정 매출, 영업비용 및 할인율)의 합리성 검토 - 미래현금흐름 추정이 경영진에서 승인한 사업계획과 일치하는지 확인 - 회수가능액의 정확성 검토를 위하여 독립적인 재계산 수행",subhead
01259056,2020,(주)애닉,게임,20210323000814,연결,1,이연법인세자산의 적정성,"재무제표에 대한 주석 2.(12)'법인세'에서 설명한 바와 같이, 이연법인세자산은 차감할 일시적차이의 실현가능성에 따라 장부금액이 결정됩니다. 회사는 차감할 일시적차이의 실현가능성이 동일한 회계기간에 소멸이 예상되는 가산할 일시적차이 유보금액에 한하여 존재한다고 판단, 해당 가산할 일시적차이를 제외한 유보금액 및 이월된미사용 세무상결손금과 세액공제에 대하여 이연법인세자산을 인식하지 않았습니다. 차감할 일시적차이의 실현가능성은 미래의 추정과세소득 및 유보금액의 실현가능성 등 추정에 근거한 요소들에 의해 결정되며, 여기에는 회사의 사업계획 등 경영진의 높은 주관성이 수반됩니다. 따라서 우리는 이연법인세자산의 검토는 높은 수준의 감사인 판단을 요하는 항목이라 판단하고, 해당 항목을 핵심감사사항으로 결정하였습니다.",핵심감사사항과 관련하여 우리가 수행한 주요 감사절차는 다음과 같습니다. - 이연법인세자산 검토 프로세스 이해를 바탕으로 경영진의 통제식별 및 테스트 - 미래과세소득 추정의 적정성 검토를 위해 과거 사업계획 대비 실적달성여부 검토 - 사업계획 및 기타 추정치에 사용된 재무예측치와 회사의 미래 과세소득 추정에 사용된 재무예측치를 비교/분석 - 내/외부 데이터를 비교 분석하여 미래 과세소득에 대한 추정의 기초가 되는 경영진의 중요한 가정을 평가 - 차감할 일시적 차이의 실현시점 추정의 적정성 검토를 위해 관련 계정과목 및 유보금액의 성격에 대해 분석적 검토,subhead
01264438,2021,(주)자이언트스텝,콘텐츠,20220316001136,연결,1,내부거래 검토,,이와 관련하여 우리가 수행한 주요 감사절차는 다음과 같습니다. ㆍ유의적인 변동이 발생한 내부거래와 관련한 계약서 검토 ㆍ중요한 잔액에 대해 채권채무조회 수행 ㆍ연결회사의 보조원장에서 지배-종속기업 및 종속기업간의 거래에 대한 완전성 검토 수행 ㆍ연결재무제표 내부거래 제거 내역과 별도재무제표의 특수관계자 거래 공시 정보와 대사,subhead
01264438,2022,(주)자이언트스텝,콘텐츠,20230321000957,연결,1,주)사일로랩 인수에 따른 거래가격배분,,"이와 관련하여 우리가 수행한 주요 감사절차는 다음과 같습니다. - 사업결합 거래에 대한 이해 및 연결실체의 사업결합 회계정책 검토- 외부 평가전문가의 적격성, 경험 및 전문성 평가와 객관성 및 독립성 확인 - 식별된 자산 및 부채의 완전성 및 인식요건 충족여부 검토- 식별된 무형자산의 공정가치 평가방법의 적정성 검토- 공정가치 측정에 적용한 가정의 합리성 검토- 공정가치로 측정한 사업결합대가의 적정성 검토- 사업결합 회계처리 및 공시사항의 적절성 검토",subhead
01264438,2023,(주)자이언트스텝,콘텐츠,20240320001482,연결,1,영업권 손상검토,,"이와 관련하여 우리가 수행한 주요 감사절차는 다음과 같습니다. - 현금창출단위의 사용가치 평가를 위해 연결회사가 고용한 외부전문가의 자격 및 적격성 평가- 경영진이 확인한 최근 사업계획, 과거 실적 및 외부자료 비교를 통해 각 부문의 추정 매출성장률 및 영구성장률을 포함한 사용가치 산정 시 사용된 주요 가정의 합리성 평가(내부전문가 활용) - 연결회사의 추정의 정확성을 평가하기 위해 전기의 현금흐름예측과 당기 실적 비교",subhead
01264438,2024,(주)자이언트스텝,콘텐츠,20250321001478,연결,1,영업권 손상검토,,"이와 관련하여 우리가 수행한 주요 감사절차는 다음과 같습니다. - 현금창출단위의 사용가치 평가를 위해 연결회사가 고용한 외부전문가의 자격 및 적격성 평가- 경영진이 확인한 최근 사업계획, 과거 실적 및 외부자료 비교를 통해 각 부문의 추정 매출성장률 및 영구성장률을 포함한 사용가치 산정 시 사용된 주요 가정의 합리성 평가(내부전문가 활용) - 연결회사의 추정의 정확성을 평가하기 위해 전기의 현금흐름예측과 당기 실적 비교",subhead
01267222,2020,(주)에피소드컴퍼니,콘텐츠,20210323000879,연결,1,영업권 손상평가,"연결회사는 영업권을 보유하고 있습니다. 연결회사는 영업권이 포함된 현금창출단위의 미래예상현금흐름을 추정하여 산출된 사용가치 등을 해당 현금창출단위의 장부가액과 비교하여 영업권의 손상여부를 검토하고 있습니다. 회수가능가액 산출은 할인율, 성장률 및 미래현금흐름 예측 등 연결회사 경영진의 유의적인 추정 및 판단이 수반되어 편의가 개입될 가능성이 있으며 그 금액이 유의적인 것으로 판단되는 바, 우리는 영업권 손상평가를 핵심감사사항으로 식별하였습니다.","- 연결회사가 활용한 외부전문가의 적격성 및 독립성 평가 - 영업권 손상 회계처리 관련 연결회사의 정책, 프로세스 및 내부통제 이해 - 사업계획 추정 자료(매출 추정치 및 성장률 등) 검증을 위한 외부 데이터 검토 및 사업계획 추정 자료에 대한 소급적 검토 - 가치평가 시 사용된 할인율, 영구성장률 및 유사기업 선정 등에 대하여 유효성 검증 - 평가금액 계산의 정확성 검증을 통한 회수가능액의 적절성 검토",subhead
01267222,2021,(주)에피소드컴퍼니,콘텐츠,20220323000782,연결,1,영업권 손상평가,"연결회사는 영업권을 보유하고 있습니다. 연결회사는 영업권이 포함된 현금창출단위의 미래예상현금흐름을 추정하여 산출된 사용가치 등을 해당 현금창출단위의 장부가액과 비교하여 영업권의 손상여부를 검토하고 있습니다. 회수가능가액 산출은 할인율, 성장률 및 미래현금흐름 예측 등 연결회사 경영진의 유의적인 추정 및 판단이 수반되어 편의가 개입될 가능성이 있으며 그 금액이 유의적인 것으로 판단되는 바, 우리는 영업권 손상평가를 핵심감사사항으로 식별하였습니다.","- 연결회사가 활용한 외부전문가의 적격성 및 독립성 평가 - 영업권 손상 회계처리 관련 연결회사의 정책, 프로세스 및 내부통제 이해 - 사업계획 추정 자료(매출 추정치 및 성장률 등) 검증을 위한 외부 데이터 검토 및 사업계획 추정 자료에 대한 소급적 검토 - 가치평가 시 사용된 할인율, 영구성장률 및 유사기업 선정 등에 대하여 유효성 검증 - 평가금액 계산의 정확성 검증을 통한 회수가능액의 적절성 검토",subhead
01267222,2023,(주)에피소드컴퍼니,콘텐츠,20240321001449,연결,1,영업권 손상평가,"한 이유 및 감사에서 다루어진 방법은 다음과 같습니다.핵심감사사항으로 결정된 이유연결회사는 영업권을 보유하고 있습니다. 연결회사는 영업권이 포함된 현금창출단위의 미래예상현금흐름을 추정하여 산출된 사용가치 등을 해당 현금창출단위의 장부가액과 비교하여 영업권의 손상여부를 검토하고 있습니다. 회수가능가액 산출은 할인율, 성장률 및 미래현금흐름 예측 등 연결회사 경영진의 유의적인 추정 및 판단이 수반되어 편의가 개입될 가능성이 있으며 그 금액이 유의적인 것으로 판단되는 바, 우리는 영업권 손상평가를 핵심감사사항으로 식별하였습니다.핵심감사사항이 감사에서 다루어진 방법 - 연결회사가 활용한 외부전문가의 적격성 및 독립성 평가 - 영업권 손상 회계처리 관련 연결회사의 정책, 프로세스 및 내부통제 이해 - 사업계획 추정 자료(매출 추정치 및 성장률 등) 검증을 위한 외부 데이터 검토 및 사업계획 추정 자료에 대한 소급적 검토 - 가치평가에 사용된 할인율, 영구성장률 및 유사기업 선정 등에 대하여 유효성 검증 - 평가금액 계산의 정확성 검증을 통한 회수가능액의 적절성 검토",,decl
01267222,2024,(주)에피소드컴퍼니,콘텐츠,20250320001136,연결,1,수준 3으로 분류되는 금융상품의 공정가치 평가,"핵심감사사항은 우리의 전문가적 판단에 따라 당기 연결재무제표감사에서 가장 유의적인 사항들입니다. 해당 사항들은 연결재무제표 전체에 대한 감사의 관점에서 우리의 의견형성 시 다루어졌으며, 우리는 이런 사항에 대하여 별도의 의견을 제공하지는않습니다. 수준 3으로 분류되는 금융상품의 공정가치 평가 연결재무제표에 대한 주석 5에 기재된 수준 3으로 분류되는 금융상품의 공정가치 평가에 대한 내용을 핵심감사사항으로 결정한 이유 및 감사에서 다루어진 방법은 다음과 같습니다.핵심감사사항으로 결정된 이유 연결회사는 평가기법을 사용하여 공정가치를 측정하는 금융상품 중 공정가치 평가 결과에 유의적인 영향을 미치는 투입변수가 시장에서 관측 불가능한 정보에 기초 한다면 동 금융상품의 공정가치는 수준 3으로 분류하여 공시하고 있습니다. 연결재무제표 주석 5에서 언급한 바와 같이, 당기말 현재 연결회사가 보유한 수준 3으로 분류 되는 금융상품자산은 2,264,884천원입니다. ",,lookback
01276327,2020,(주)위지윅스튜디오,콘텐츠,20210322000930,연결,1,투입법에 따른 수익인식,,- 신규계약 수익인식 적용의 적정성 검토 - 프로젝트 총예정원가 산정 및 변경과 관련된 회사의 프로세스를 이해하고 관련 통제에 대하여 문서검사를 통해 설계 및 운용 효과성을 평가 - 실제발생원가의 프로젝트 배부와 관련된 회사의 프로세스를 이해하고 관련 통제 에 대하여 문서검사를 통해 설계 및 운용 효과성을 평가 - 실제발생원가의 완전성 및 원가배부의 적정성 확인을 위하여 진행중인 프로젝트 에 대하여 문서검사를 수행 - 총예정원가 및 진행률 관련 재계산 및 이상 항목을 분석하고 이에 대한 문서검사 를 수행,subhead
01276327,2021,(주)위지윅스튜디오,콘텐츠,20220318001118,연결,1,투입법에 따른 수익인식,,- 신규계약 수익인식 적용의 적정성 검토 - 프로젝트 총예정원가 산정 및 변경과 관련된 회사의 프로세스를 이해하고 관련 통제에 대하여 문서검사를 통해 설계 및 운용 효과성을 평가 - 실제발생원가의 프로젝트 배부와 관련된 회사의 프로세스를 이해하고 관련 통제 에 대하여 문서검사를 통해 설계 및 운용 효과성을 평가 - 실제발생원가의 완전성 및 원가배부의 적정성 확인을 위하여 진행 중인 프로젝트 에 대하여 문서검사를 수행 - 총예정원가 및 진행률 관련 재계산 및 이상 항목을 분석하고 이에 대한 문서검사 를 수행,subhead
01276327,2022,(주)위지윅스튜디오,콘텐츠,20230316001489,연결,1,투입법에 따른 수익인식,"연결재무제표에 대한 주석 2.1.(4), 주석2.3.(21) 및 주석 30에서 언급된 바와 같이, 연결회사는 투입법에 따른 진행률을 기준으로 수익을 인식하고 있습니다. 프로젝트의 성격, 기간 및 고객사 요구에 따라 총계약원가 추정치 변동이 일어날 수 있고, 누적발생원가 집계 과정에서 발생할 수 있는 오류 등으로 인하여 진행률 산정이 합리적으로이루어지지 못할 위험이 존재함에 따라, 우리는 연결회사의 투입법에 따른 수익인식금액의 적정성과 관련하여 경영진의 판단이 수반되며 편의가 개입될 가능성이 있고 연결회사의 연결재무제표에 중요한 영향을 미치는 사항으로 판단하여 동 사항을 핵심감사사항으로 결정하였습니다.",연결회사의 투입법에 따른 수익인식에 대하여 우리가 수행한 주요 감사절차는 다음과 같습니다. - 신규계약 수익인식 적용의 적정성 검토 - 프로젝트 총예정원가 산정 및 변경과 관련된 연결회사의 프로세스를 이해하고 관련 통제에 대하여 문서검사를 통해 설계 및 운용 효과성을 평가 - 실제발생원가의 프로젝트 배부와 관련된 연결회사의 프로세스를 이해하고 관련 통제에 대하여 문서검사를 통해 설계 및 운용 효과성을 평가 - 실제발생원가의 완전성 및 원가배부의 적정성 확인을 위하여 진행 중인 프로젝트 에 대하여 문서검사를 수행 - 총예정원가 및 진행률 관련 재계산 및 이상 항목을 분석하고 이에 대한 문서검사 를 수행 (2) 사업결합에 따른 이전대가 배분,subhead
01276327,2022,(주)위지윅스튜디오,콘텐츠,20230316001489,연결,2,사업결합에 따른 이전대가 배분,"연결재무제표에 대한 주석 35에 언급된 바와 같이, 연결회사는 당기 중 주식회사 에이나인미디어씨앤아이에 대한 지분 100%와 주식회사 엠에이에이에 대한 지분 65%를 각각 800,016천원과 9,750,000천원에 취득하였습니다. 연결회사는 취득을 통해 해당회사들의 지배력을 획득하였고, 기업회계기준서 제1103호 '사업결합'에 따라회계처리 하였습니다. 연결회사는 기업회계기준서 제1103호 '사업결합'에 따라, 취득한 자산과 인수한 부채의 공정가치를 평가하여 이전대가를 배분하였으며, 이를 위하여 독립적인 외부전문가를 활용하였습니다. 이전대가가 취득일에 측정한 식별할 수 있는 취득자산과 인수부채의 순액를 각각 2,474,083천원과 6,832,099천원을 초과하여 이를 영업권으로 인식하였습니다. 우리는 영업권의 규모가 유의적인 수준이고, 이전대가의 배분시 공정가치 평가에 유의적인 경영진의 판단이 포함된다는 점을 고려하여, 동 사업결합에 따른 이전대가 배분을 핵심감사사항으로 판단하였습니다.","연결회사의 사업결합에 따른 이전대가 배분에 대하여 우리가 수행한 주요 감사절차는 다음과 같습니다. - 사업결합 이전대가 배분의 연결회사 절차 및 내부통제를 이해하고 평가 - 취득계약서 상 주요 계약조건을 확인 - 이전대가 배분에 참여한 경영진측 외부 전문가의 적격성과 독립성을 검토 - 감사인측 전문가를 통한 공정가치 평가 및 이전대가 배분에 사용된 방법론, 주요가정 및 판단에 대해 질문과 검토, 주요 가정 및 변수가 과거 재무정보, 사업계획 및 외부 벤치마크 등과 비교하여 추정의 적정성 평가, 주요 가정의 타당성 평가, 공정가치 계산의 정확성 - 사업결합과 관련한 연결재무제표 주석 사항의 적정성 및 완전성 검토",subhead
01276327,2023,(주)위지윅스튜디오,콘텐츠,20240724000502,별도,1,수준 3으로 분류되는 금융상품의 공정가치 평가,"재무제표에 대한 주석 2.1.(4), 3(3), 4(3)에서 언급된 바와 같이, 회사는 평가기법을 사용하여 공정가치로 측정하는 금융상품 중 공정가치 평가 결과에 유의적인 영향을 미치는 투입변수가 시장에서 관측 불가능한 정보에 기초한다면 동 금융상품의 공정가치는 수준 3으로 분류하여 공시하고 있습니다.당기말 현재 회사가 보유한 수준 3으로 분류되는 금융상품자산과 금융상품부채는 각각 35,396,757천원 및 9,384,861천원입니다.우리는 공정가치 수준 3 금융상품의 평가에 수반되는 평가모형 및 투입변수가 유의적이고 해당 가정에 불확실성이 존재한다고 판단하여 수준 3으로 분류되는 금융상품의 공정가치 평가를 핵심감사사항으로 식별하였습니다.","우리가 유의적인 관측 불가능한 투입변수를 이용하여 측정된 금융상품의 공정가치 평가와 관련하여 수행한 주요 감사절차는 다음과 같습니다. - 공정가치 평가에 사용하는 방법론을 검토하는 회사의 내부통제에 대한 평가를 수행하였습니다. - 예상 미래현금흐름 및 재무정보에 대한 경영진 확인 내역에 대한 문서검사를 수행하였습니다.- 내부 및 외부의 평가전문가를 활용하여 평가모형의 적절성과 예상 미래현금흐름의 추정을 위한 미래 영업수익, 인건비 및 영구성장률 등의 주요 가정을 과거 재무성과와 비교하여 그 합리성을 평가하였으며, 회사가 사용한 할인율을 시장 자료 등에 근거한 우리의 기대치와 비교하여 그 적정성을 확인하였습니다. - 표본으로 추출된 상품에 대해서 회사의 평가방법과 가정에 따라 독립적으로 공정가치 금액을 산출하여 회사의 평가금액과 비교하였습니다.",subhead
01276327,2024,(주)위지윅스튜디오,콘텐츠,20250319001066,연결,1,영업권 포함 현금창출단위 손상평가,"연결재무제표에 대한 주석 10에서 기술하고 있는 바와 같이, 연결회사는 보고기간 말 현재 현금창출단위에 영업권 25,176백만원을 배분하고 있습니다. 연결기업의 경영진은 기업회계기준서 제1036호에 따라 (주)에이투지엔터테인먼트 외 5개 현금창출단위에 대해 손상검사를 수행하여 영업권 2,474백만원의 손상차손을 인식하였습니다. 우리는 보고기간 말 현재 해당 영업권 장부금액이 유의적이며, 손상검사 시 미래현금흐름추정, 할인율 및 가치평가모델의 선택 등 유의적인 경영진의 가정과 판단이 수반되는 점을 고려하여 핵심감사사항으로 결정하였습니다.",연결회사가 수행한 손상검사에 대해 우리가 수행한 주요 감사절차는 다음과 같습니다. 우리는 이와 같은 감사절차 수행 시 가치평가 전문가를 감사팀에 포함하였습니다. - 손상검사 관련 연결회사의 회계정책 및 내부통제의 이해 - 손상검사를 위한 사업계획 추정 및 가치평가모델의 유의적 가정에 대한 경영진의 검토 및 승인 등 내부통제 평가 - 경영진이 사용가치 측정에 활용한 외부전문가의 적격성과 독립성 평가 - 경영진이 사용가치 측정에 적용한 가치평가모델의 합리성 평가 - 전기 사용가치 측정에 사용한 사업계획과 당기 실적을 비교하여 경영진 사업계획의 합리성 평가- 사용가치 측정에 사용된 미래 현금흐름 추정이 경영진이 승인한 사업계획에 근거하는지 평가- 사용가치 측정에 사용된 주요 가정의 합리성 평가,subhead
01290248,2022,(주)스코넥엔터테인먼트,게임,20230322001208,연결,1,투입법에 따른 수익인식 및 프로젝트 진행율의 적정성,"핵심감사사항은 우리의 전문가적 판단에 따라 당기 연결재무제표감사에서 가장 유의적인 사항들입니다. 해당 사항들은 연결재무제표 전체에 대한 감사의 관점에서 우리의 의견형성시 다루어졌으며, 우리는 이런 사항에 대하여 별도의 의견을 제공하지는 않습니다. 투입법에 따른 수익인식 및 프로젝트 진행율의 적정성 - 핵심감사사항으로 결정된 이유연결재무제표에 대한 주석 2(재무제표 작성기준 및 중요한 회계정책)에서 언급되어 있는 바와 같이, 연결회사는 기업회계기준서 제1115호 '고객과의 계약에서 생기는 수익'에 따라 연결회사의 사업부문 중 용역매출에 대해서 진행율 기준으로 수익을 인식하고 있습니다.연결회사의 이러한 투입법에 따라 당기에 인식한 수익은 3,238백만원으로 총 수익의89%를 차지하고 있으므로 투입법을 적용한 프로젝트 진행율이 연결회사가 수행한 용역을 신뢰성 있게 측정하지 못한다면 수익인식 금액이 왜곡될 위험이 존재합니다. 따라서 우리는 투입법에 따른 수익인식 및 프로젝트 진행률의 적정성을 핵심감사사항으로 결정하였습니다.-핵심감사사항이 감사에서 다루어진 방법핵심감사사항에 대응하기 위하여 우리는 다음을 포함한 감사절차를 수행하였습니다.ㆍ총 계약금액과 총 예정원가 산정 시 정당한 승인권자의 검토 및 승인 관련 내부통제 테스트ㆍ총 계약금액의 변동이 유의적인 프로젝트에 대해 표본추출방식을 이용하여 회사 내부 승인된 문서와 대조 확인 ㆍ총 투입원가 집계의 완전성 및 프로젝트별 귀속의 식별 및 측정의 적정성 평가ㆍ진행률 산정 시 고려된 프로젝트별 투입원가에 대해 정당한 승인권자의 승인된 문서와 대조 확인ㆍ총 예정원가의 변동이 유의적인 프로젝트에 대하여 변동원인등 질문 및 외부증빙 확인ㆍ회사가 산정한 프로젝트의 진행률을 재계산 비교",,lookback
01290248,2023,(주)스코넥엔터테인먼트,게임,20240320001704,연결,1,투입법에 따른 수익인식 및 프로젝트 진행율의 적정성,"핵심감사사항은 우리의 전문가적 판단에 따라 당기 연결재무제표감사에서 가장 유의적인 사항들입니다. 해당 사항들은 연결재무제표 전체에 대한 감사의 관점에서 우리의 의견형성시 다루어졌으며, 우리는 이런 사항에 대하여 별도의 의견을 제공하지는 않습니다. 투입법에 따른 수익인식 및 프로젝트 진행율의 적정성 - 핵심감사사항으로 결정된 이유연결재무제표에 대한 주석 2(재무제표 작성기준 및 중요한 회계정책)에서 언급되어 있는 바와 같이, 연결회사는 기업회계기준서 제1115호 '고객과의 계약에서 생기는 수익'에 따라 연결회사의 사업부문 중 용역매출에 대해서 진행율 기준으로 수익을 인식하고 있습니다.연결회사의 이러한 투입법에 따라 당기에 인식한 수익은 5,790백만원으로 총 수익의93%를 차지하고 있으므로 투입법을 적용한 프로젝트 진행율이 연결회사가 수행한 용역을 신뢰성 있게 측정하지 못한다면 수익인식 금액이 왜곡될 위험이 존재합니다. 따라서 우리는 투입법에 따른 수익인식 및 프로젝트 진행률의 적정성을 핵심감사사항으로 결정하였습니다.-핵심감사사항이 감사에서 다루어진 방법핵심감사사항에 대응하기 위하여 우리는 다음을 포함한 감사절차를 수행하였습니다.ㆍ총 계약금액과 총 예정원가 산정 시 정당한 승인권자의 검토 및 승인 관련 내부통제 테스트ㆍ총 계약금액의 변동이 유의적인 프로젝트에 대해 표본추출방식을 이용하여 회사 내부 승인된 문서와 대조 확인 ㆍ총 투입원가 집계의 완전성 및 프로젝트별 귀속의 식별 및 측정의 적정성 평가ㆍ진행률 산정 시 고려된 프로젝트별 투입원가에 대해 정당한 승인권자의 승인된 문서와 대조 확인ㆍ총 예정원가의 변동이 유의적인 프로젝트에 대하여 변동원인등 질문 및 외부증빙 확인ㆍ회사가 산정한 프로젝트의 진행률을 재계산 비교",,lookback
01290248,2024,(주)스코넥엔터테인먼트,게임,20250320001446,연결,1,투입법에 따른 수익인식 및 프로젝트 진행률의 적정성,"핵심감사사항은 우리의 전문가적 판단에 따라 당기 연결재무제표감사에서 가장 유의적인 사항들입니다. 해당 사항들은 연결재무제표 전체에 대한 감사의 관점에서 우리의 의견형성시 다루어졌으며, 우리는 이런 사항에 대하여 별도의 의견을 제공하지는 않습니다. 투입법에 따른 수익인식 및 프로젝트 진행률의 적정성 - 핵심감사사항으로 결정된 이유연결재무제표에 대한 주석 2(재무제표 작성기준 및 중요한 회계정책)에서 언급되어 있는 바와 같이, 연결회사는 기업회계기준서 제1115호 '고객과의 계약에서 생기는 수익'에 따라 연결회사의 사업부문 중 용역매출에 대해서 진행률 기준으로 수익을 인식하고 있습니다.연결회사의 이러한 투입법에 따라 당기에 인식한 수익은 3,819백만원으로 총 수익의86%를 차지하고 있으므로 투입법을 적용한 프로젝트 진행률이 연결회사가 수행한 용역을 신뢰성 있게 측정하지 못한다면 수익인식 금액이 왜곡될 위험이 존재합니다. 따라서 우리는 투입법에 따른 수익인식 및 프로젝트 진행률의 적정성을 핵심감사사항으로 결정하였습니다.-핵심감사사항이 감사에서 다루어진 방법핵심감사사항에 대응하기 위하여 우리는 다음을 포함한 감사절차를 수행하였습니다.ㆍ총 계약금액과 총 예정원가 산정 시 정당한 승인권자의 검토 및 승인 관련 내부통제 테스트ㆍ총 계약금액의 변동이 유의적인 프로젝트에 대해 표본추출방식을 이용하여 회사 내부 승인된 문서와 대조 확인 ㆍ총 투입원가 집계의 완전성 및 프로젝트별 귀속의 식별 및 측정의 적정성 평가ㆍ진행률 산정 시 고려된 프로젝트별 투입원가에 대해 정당한 승인권자의 승인된 문서와 대조 확인ㆍ총 예정원가의 변동이 유의적인 프로젝트에 대하여 변동원인등 질문 및 외부증빙 확인ㆍ회사가 산정한 프로젝트의 진행률을 재계산 비교",,lookback
01335578,2020,(주)애니플러스,콘텐츠,20210322000859,연결,1,손실충당금의 적정성 감사,,"우리는 연결회사가 인식하고 있는 손실충당금과 관련한 회계추정치의 중요왜곡표시위험을 식별하고 평가하는 데 근거가 될 수 있도록 다음 사항을 이해하였습니다. - 연결회사의 손실충당금 설정 대상 채권 선정 방법 - 연결회사가 수행하고 있는 손실률 산출 시 적용하는 데이터 우리는 손실충당금과 관련된 추정의 불확실성 정도를 평가하고, 평가된 중요왜곡표시위험에 기초하여 다음 사항을 확인하였습니다. - 연결회사가 손실충당금 설정과 관련하여 한국채택국제회계기준의 요구사항을 적합하게 적용했는지 여부 - 연결회사가 적용한 손실충당금 설정 방법이 적합하며 일관되게 적용되어 왔는지 여부 또한 우리는 손실충당금 설정과 관련한 다음과 같은 통제 운영효과성 테스트를 수행하였습니다. - 손실충당금 설정 대상 채권의 완전성 확인 통제 테스트 - 손실률 산출을 위한 기본정보에 대한 정확성 확인 통제 테스트 - 손실률 산출 결과에 대한 연결회사의 승인 통제 테스트 그리고, 우리는 손실충당금 설정과 관련한 다음과 같은 실증 절차를 수행하였습니다. - 손실충당금 설정 대상채권의 완전성 및 정확성 확인 - 손실충당금 금액의 정확성 확인 - 재무제표일 이후 후속사건 확인",subhead
01335578,2021,(주)애니플러스,콘텐츠,20220322000803,연결,1,수익인식의 적정성,"연결회사는 애니메이션 컨텐츠 방영권을 판매하고 있으며, 매출의 특성상 계약의 복잡성 및 다양성이 증가하고 있습니다. 매출은 연결회사의 주요 성과 지표이고, 부정 등 고유위험이 높으므로 우리는 수익인식의 적정성을 핵심감사사항으로 판단하였습니다.","핵심감사사항에 대응하기 위하여 우리는 다음을 포함한 감사절차를 수행하였습니다. - 연결회사의 수익인식과 관련된 내부통제를 이해 및 평가 - 연결회사의 수익인식과 관련된 회계정책을 이해하고, 한국채택국제회계기준에 따라 적합한지 검토 - 당기 발생한 연결회사의 매출거래 중 표본 추출된 거래에 대하여 계약사항을 확인하기 위하여 문서검사 수행 - 당기 발생한 연결회사의 매출거래 중 표본 추출된 거래에 대하여 실재성과 기간귀속의 적정성을 확인하기 위하여 문서검사 수행",subhead
01335578,2022,(주)애니플러스,콘텐츠,20230322000689,연결,1,부정 등 고유위험이 높으므로 우리는 수익인식의 적정성,"핵심감사사항은 우리의 전문가적 판단에 따라 당기 재무제표감사에서 가장 유의적인사항들입니다. 해당 사항들은 연결재무제표 전체에 대한 감사의 관점에서 우리의 의견형성 시 다루어졌으며,우리는 이런 사항에 대하여 별도의 의견을 제공하지는 않습니다. 수익인식의 적정성핵심감사사항으로 결정한 이유연결회사는 애니메이션 컨텐츠 방영권을 판매하고 있으며, 매출의 특성상 계약의 복잡성 및 다양성이 증가하고 있습니다. 매출은 연결회사의 주요 성과 지표이고, 부정 등 고유위험이 높으므로 우리는 수익인식의 적정성을 핵심감사사항으로 판단하였습니다.핵심감사사항이 감사에서 다루어진 방법 핵심감사사항에 대응하기 위하여 우리는 다음을 포함한 감사절차를 수행하였습니다. - 연결회사의 수익인식과 관련된 내부통제를 이해 및 평가 - 연결회사의 수익인식과 관련된 회계정책을 이해하고, 한국채택국제회계기준에 따라 적합한지 검토 - 당기 발생한 연결회사의 매출거래 중 표본 추출된 거래에 대하여 계약사항을 확인하기 위하여 문서검사 수행 - 당기 발생한 연결회사의 매출거래 중 표본 추출된 거래에 대하여 실재성과 기간귀속의 적정성을 확인하기 위하여 문서검사 수행",,decl
01335578,2023,(주)애니플러스,콘텐츠,20240321002010,연결,1,영업권 손상평가,"연결재무제표에 대한 주석 9에 기술되어 있는 바와 같이, 2023년 12월 31일 현재 연결회사의 영업권은 63,570백만원으로, 연결회사는 영업권의 손상검사를 매년 수행하고 있습니다. 연결회사는 영업권에 대하여 손상 여부를 확인하였으며, 당기에 발생한 손상차손은 없습니다. 연결회사는 영업권의 손상평가를 위해 독립적인 외부 전문가를 활용하였으며, 과거 성과 및 이에 근거한 미래 기간의 추정에 기초하여 동 현금창출단위들의 회수가능가액을 평가하였습니다. 그러나, 우리는 영업권의 규모가 유의적이며, 회수가능가액 평가시 평가방법의 선택,미래 사업에 대한 예상과 할인율 등에 대한 연결회사 경영진의 판단이 포함되는 점을고려하여 해당 항목을 핵심감사사항에 포함하였습니다.",핵심감사사항에 대응하기 위하여 우리는 다음을 포함한 감사절차를 수행하였습니다.ㆍ영업권 손상과 관련한 경영진의 평가 방식 이해 및 평가ㆍ연결회사가 활용한 경영진측 전문가의 적격성 및 독립성 확인ㆍ연결회사가 고용한 외부전문가의 평가 가정 및 추정사항 적정성 검토ㆍ투입변수의 변동이 공정가치 측정에 미치는 영향 확인,subhead
01335578,2023,(주)애니플러스,콘텐츠,20240321002010,연결,2,영업권 손상평가,"2023년 12월 31일 현재 연결회사가 보유한 금융자산 및 금융부채는 각각 7,507백만원 및 7,490백만원 으로 이 중, 관측할 수 없는 투입변수에 근거하여 측정되고 수준 3으로 분류된 금융자산 및 금융부채는 각각 5,409백만원 및 7,490백만원 입 니다 (주석31 참조). 수준 3으로 분류되는 금융자산의 금액이 유의적이며, 금융자산 공정가치 측정에 사용된 가치평가기법의 선택 및 투입변수에 대하여 연결회사 경영진의 유의적인 판단과 회계추정치를 수반하므로 우리는 이 금융자산의 공정가치 측정의 적정성을 핵심감사사항으로 결정하였습니다. 핵심감사사항이 감사에서 다루어진 방법연결회사의 수준 3으로 분류된 금융자산의 공정가치 측정에 대하여 우리가 수행한 주요 감사절차는 다음과 같습니다.ㆍ공정가치로 측정된 금융자산 관련한 경영진의 평가 방식 이해 및 평가ㆍ연결회사가 활용한 경영진측 전문가의 적격성 및 독립성 확인ㆍ연결회사가 고용한 외부전문가의 평가 가정 및 추정사항 적정성 검토ㆍ투입변수의 변동이 공정가치 측정에 미치는 영향 확인ㆍ공정가치 측정과 관련한 회계정책 및 내부통제의 이해 및 평가",,subhead
01335578,2024,(주)애니플러스,콘텐츠,20250327000729,연결,1,영업권 손상평가,"핵심감사사항은 우리의 전문가적 판단에 따라 당기 연결재무제표감사에서 가장 유의적인사항들입니다. 해당 사항들은 연결재무제표 전체에 대한 감사의 관점에서 우리의 의견형성 시 다루어졌으며, 우리는 이런 사항에 대하여 별도의 의견을 제공하지는않습니다. (1) 영업권 손상평가 핵심감사사항으로 결정된 이유연결재무제표에 대한 주석 9에 기술되어 있는 바와 같이, 2024년 12월 31일 현재 연결회사의 영업권은 63,570백만원으로, 연결회사는 영업권의 손상검사를 매년 수행하고 있습니다.연결회사는 영업권에 대하여 손상 여부를 확인하였으며, 당기에 발생한 손상차손은 없습니다.연결회사는 영업권의 손상평가를 위해 독립적인 외부 전문가를 활용하였으며, 과거 성과 및 이에 근거한 미래 기간의 추정에 기초하여 동 현금창출단위들의 회수가능가액을 평가하였습니다.그러나, 우리는 영업권의 규모가 유의적이며, 회수가능가액 평가시 평가방법의 선택,미래 사업에 대한 예상과 할인율 등에 대한 연결회사 경영진의 판단이 포함되는 점을고려하여 해당 항목을 핵심감사사항에 포함하였습니다.핵심감사사항이 감사에서 다루어진 방법핵심감사사항에 대응하기 위하여 우리는 다음을 포함한 감사절차를 수행하였습니다.ㆍ영업권 손상과 관련한 경영진의 평가 방식 이해 및 평가ㆍ연결회사가 활용한 경영진측 전문가의 적격성 및 독립성 확인ㆍ연결회사가 고용한 외부전문가의 평가 가정 및 추정사항 적정성 검토ㆍ투입변수의 변동이 공정가치 측정에 미치는 영향 확인 (2) 수준 3으로 분류된 금융자산의 공정가치 측정 핵심감사사항으로 결정한 이유2024년 12월 31일 현재 연결회사가 보유한 공정가치로 측정된 금융자산 및 금융부채는 8,814백 만원 및 12,177백만원으로 이 중, 관측할 수 없는 투입변수에 근거하여 측정되고 수준 3으로 분류된 금융자산 및 금융부채는 7,258백 만원 및 12,177백만원입니다(주석 33참조). 수준 3으로 분류되는 금융자산의 금액이 유의적이며, 금융자산 공정",,lookback
01335578,2024,(주)애니플러스,콘텐츠,20250327000729,연결,2,"만원 및 12,177백만원입니다(주석 33참조).","하였습니다.핵심감사사항이 감사에서 다루어진 방법핵심감사사항에 대응하기 위하여 우리는 다음을 포함한 감사절차를 수행하였습니다.ㆍ영업권 손상과 관련한 경영진의 평가 방식 이해 및 평가ㆍ연결회사가 활용한 경영진측 전문가의 적격성 및 독립성 확인ㆍ연결회사가 고용한 외부전문가의 평가 가정 및 추정사항 적정성 검토ㆍ투입변수의 변동이 공정가치 측정에 미치는 영향 확인 (2) 수준 3으로 분류된 금융자산의 공정가치 측정 핵심감사사항으로 결정한 이유2024년 12월 31일 현재 연결회사가 보유한 공정가치로 측정된 금융자산 및 금융부채는 8,814백 만원 및 12,177백만원으로 이 중, 관측할 수 없는 투입변수에 근거하여 측정되고 수준 3으로 분류된 금융자산 및 금융부채는 7,258백 만원 및 12,177백만원입니다(주석 33참조). 수준 3으로 분류되는 금융자산의 금액이 유의적이며, 금융자산 공정가치 측정에 사용된 가치평가기법의 선택 및 투입변수에 대하여 연결회사 경영진의 유의적인 판단과 회계추정치를 수반하므로 우리는 이 금융자산의 공정가치 측정의 적정성을 핵심감사사항으로 결정하였습니다.핵심감사사항이 감사에서 다루어진 방법연결회사의 수준 3으로 분류된 금융자산의 공정가치 측정에 대하여 ",우리가 수행한 주요 감사절차는 다음과 같습니다.ㆍ공정가치로 측정된 금융자산 관련한 경영진의 평가 방식 이해 및 평가ㆍ연결회사가 활용한 경영진측 전문가의 적격성 및 독립성 확인ㆍ연결회사가 고용한 외부전문가의 평가 가정 및 추정사항 적정성 검토ㆍ투입변수의 변동이 공정가치 측정에 미치는 영향 확인ㆍ공정가치 측정과 관련한 회계정책 및 내부통제의 이해 및 평가,lookback
01364297,2020,(주)코퍼스코리아,콘텐츠,20210323000990,연결,1,판권(무형자산)에 대한 손상평가,"2020년 12월 31일 현재 연결회사는 판권(무형자산)을 보유하고 있습니다. 우리는 판권 금액의 규모(2020년 12월 31일 현재 15,919백만원)가 유의적이며, 연결회사의 회수가능액 측정에 포함된 미래현금흐름 추정에는 경영진의 유의적인 추정 및 판단이 수반되어 편의가 개입될 가능성이 있으며, 그 금액이 유의적인 것으로 판단되는 바, 우리는 판권 손상 관련 회계처리를 핵심감사사항으로 결정하였습니다.",핵심감사사항에 대해 우리가 수행한 주요 감사절차는 다음과 같습니다. - 미래현금흐름 추정 및 주요 가정 등에 대한 검토 및 승인 등 판권 손상평가와 관련하여 운영 중인 경영진 내부통제의 설계 및 운영의 효과성 평가 - 경영진이 사용가치 추정에 사용한 가치평가 모델의 적절성을 평가 - 추정치에 낙관적인 가정이 포함되었는지 사후적으로 확인하기 위하여 당기 실제 성과와 전기 추정을 비교 - 사용가치 추정에 사용된 주요 가정의 합리성 평가,subhead
01364297,2021,(주)코퍼스코리아,콘텐츠,20220323001181,연결,1,판권(무형자산)에 대한 손상평가,"2021년 12월 31일 현재 연결회사는 판권(무형자산)을 보유하고 있습니다. 우리는 판권 금액의 규모(2021년 12월 31일 현재 23,726백만원)가 유의적이며, 연결회사의 회수가능액 측정에 포함된 미래현금흐름 추정에는 경영진의 유의적인 추정 및 판단이 수반되어 편의가 개입될 가능성이 있으며, 그 금액이 유의적인 것으로 판단되는 바, 우리는 판권 손상 관련 회계처리를 핵심감사사항으로 결정하였습니다.",핵심감사사항에 대해 우리가 수행한 주요 감사절차는 다음과 같습니다. - 미래현금흐름 추정 및 주요 가정 등에 대한 검토 및 승인 등 판권 손상평가와 관련하여 운영 중인 경영진 내부통제의 설계 및 운영의 효과성 평가 - 경영진이 사용가치 추정에 사용한 가치평가 모델의 적절성을 평가 - 추정치에 낙관적인 가정이 포함되었는지 사후적으로 확인하기 위하여 당기 실제 성과와 전기 추정을 비교 - 사용가치 추정에 사용된 주요 가정의 합리성 평가,subhead
01364297,2022,(주)코퍼스코리아,콘텐츠,20230323001406,연결,1,판권 손상 관련 회계처리,"핵심감사사항은 우리의 전문가적 판단에 따라 당기 연결재무제표감사에서 가장 유의적인 사항입니다. 해당 사항은 연결재무제표 전체에 대한 감사의 관점에서 우리의 의견형성 시 다루어졌으며, 우리는 이런 사항에 대하여 별도의 의견을 제공하지는 않습니다. 우리는 핵심감사사항으로 판권(무형자산) 손상 관련 회계처리를 선정하였습니다.핵심감사사항으로 결정한 이유2022년 12월 31일 현재 연결회사는 판권(무형자산)을 보유하고 있습니다. 우리는 판권 금액의 규모(2022년 12월 31일 현재 34,201백만원)가 유의적이며, 연결회사의 회수가능액 측정에 포함된 미래현금흐름 추정에는 경영진의 유의적인 추정 및 판단이 수반되어 편의가 개입될 가능성이 있으며, 그 금액이 유의적인 것으로 판단되는 바, 우리는 판권 손상 관련 회계처리를 핵심감사사항으로 결정하였습니다.핵심감사사항이 감사에서 다루어진 방법 핵심감사사항에 대해 ",우리가 수행한 주요 감사절차는 다음과 같습니다. - 미래현금흐름 추정 및 주요 가정 등에 대한 검토 및 승인 등 판권 손상평가와 관련하여 운영 중인 경영진 내부통제의 설계 및 운영의 효과성 평가- 경영진이 사용가치 추정에 사용한 가치평가 모델의 적절성을 평가- 사용가치 추정에 사용된 주요 가정의 합리성 평가,decl
01364297,2023,(주)코퍼스코리아,콘텐츠,20240321001856,연결,1,판권 손상 관련 회계처리,"핵심감사사항은 우리의 전문가적 판단에 따라 당기 연결재무제표감사에서 가장 유의적인 사항입니다. 해당 사항은 연결재무제표 전체에 대한 감사의 관점에서 우리의 의견형성 시 다루어졌으며, 우리는 이런 사항에 대하여 별도의 의견을 제공하지는 않습니다. 우리는 핵심감사사항으로 판권(무형자산) 손상 관련 회계처리를 선정하였습니다.핵심감사사항으로 결정한 이유 2023년 12월 31일 현재 연결회사는 판권(무형자산)을 보유하고 있습니다. 우리는 판권 금액의 규모(2023년 12월 31일 현재 54,412백만원)가 유의적이며, 연결회사의 회수가능액 측정에 포함된 미래현금흐름 추정에는 경영진의 유의적인 추정 및 판단이 수반되어 편의가 개입될 가능성이 있으며, 그 금액이 유의적인 것으로 판단되는 바, 우리는 판권 손상 관련 회계처리를 핵심감사사항으로 결정하였습니다. 핵심감사사항이 감사에서 다루어진 방법 핵심감사사항에 대해 ",우리가 수행한 주요 감사절차는 다음과 같습니다. - 미래현금흐름 추정 및 주요 가정 등에 대한 검토 및 승인 등 판권 손상평가와 관련하여 운영 중인 경영진 내부통제의 설계 및 운영의 효과성 평가- 사용가치 추정에 사용된 주요 가정의 합리성 평가- 경영진이 사용가치 추정에 사용한 가치평가 모델의 적절성 및 계산의 정확성을 평가,decl
01364297,2024,(주)코퍼스코리아,콘텐츠,20250321000804,연결,1,영업권 손상검토,"핵심감사사항은 우리의 전문가적 판단에 따라 당기 연결재무제표감사에서 가장 유의적인 사항입니다. 해당 사항은 연결재무제표 전체에 대한 감사의 관점에서 우리의 의견형성 시 다루어졌으며, 우리는 이런 사항에 대하여 별도의 의견을 제공하지는 않습니다. 우리는 핵심감사사항으로 영업권 손상 관련 회계처리를 선정하였습니다. 핵심감사사항으로 결정한 이유 회사는 과거 기업 인수를 통해 영업권을 인식하였으며, 매년 손상검토를 수행하고 있습니다. 영업권 손상 검토는 경영진의 미래 현금흐름 예측, 할인율(WACC) 등 주요 가정에 대해 높은 수준의 주관적 판단이 요구되며, 이러한 가정의 변화는 재무제표에 중대한 영향을 미칠 수 있습니다. 따라서 우리는 영업권 손상검토를 핵심감사사항으로 선정하였습니다.핵심감사사항이 감사에서 다루어진 방법 핵심감사사항에 대해 ",우리가 수행한 주요 감사절차는 다음과 같습니다. - 손상검사 대상 자산에 대한 이해 및 연결회사의 손상검토 관련 회계정책 검토 - 경영진이 손상평가 시 활용한 독립적인 외부전문가의 객관성 및 적격성 검토 - 미래 현금흐름 추정의 타당성 및 경영진이 적용한 할인율(WACC) 검토 - 연결회사가 적용한 가치평가모델에 대해 질문과 검토수행,decl
01406265,2023,주식회사 와이랩,콘텐츠,20240321001165,연결,1,영상컨텐츠 제작매출인식의 적정성,"핵심감사사항은 우리의 전문가적 판단에 따라 당기 연결재무제표감사에서 가장 유의적인 사항들입니다. 해당 사항들은 연결재무제표 전체에 대한 감사의 관점에서 우리의 의견형성 시 다루어졌으며, 우리는 이런 사항에 대하여 별도의 의견을 제공하지는않습니다. 핵심감사사항으로 결정한 이유연결재 무제표에 대한 주석 2.3에 기술되어 있는 바와 같이 연결회사는 영상콘텐츠를제작하는 사업을 영위하고 있습니다. 한편, 영상컨텐츠 제작매출은 원가기준 투입법을 적용하여 진행률에 따라 기간에 걸쳐 수익이 인식되며, 진행률은 계약원가의 누적발생금액을 총예정원가로 나눈 비율로 산정됩니다. 따라서 연결회사가 적용하는 원가기준 투입법에 따른 매출 인식은 총계약수익과 총계약원가의 추정치 변동 및 진행률 변동에 따라 영향을 받고 있습니다. 이러한 영상컨텐츠 제작매출은 연결재무제표에서 중요한 금액이고, 매출인식의 복잡성과 다양성으로 인하여 수익인식 금액이 적절하지 않을 잠재적 위험이 존재하므로, 우리는 영상컨텐츠 제작매출인식의 적정성을 핵심감사사항에 포함하였습니다. 핵심감사사항이 감사에서 다루어진 방법연결회사의 영상컨텐츠 제작매출인식의 적정성과 관련하여 ","우리가 수행한 주요 감사절차는 다음과 같습니다. - 수익인식 회계정책 및 내부통제에 대한 이해 - 보고기간 종료일 현재 주요 프로젝트의 현재 진행상황 및 유의적인 변동사항에 대하여 질문 및 증감분석 - 계약금액, 예정원가, 원가율 등 주요 재무지표에 대한 증감분석 - 해당 매출 인식에 관련된 내부통제의 이해와 평가 - 해당 매출 거래 중 표본 추출된 프로젝트에 대하여 계약사항과 실재성, 기간귀속의 적정성을 확인하기 위한 문서검사 - 총 계약원가 중 주요 항목에 대하여 표본 추출하여 외부 증빙 테스트 - 프로젝트 진행율에 대해 독립적으로 재계산",decl
01406265,2024,주식회사 와이랩,콘텐츠,20250321001681,연결,1,영상컨텐츠 제작매출인식의 적정성,"핵심감사사항은 우리의 전문가적 판단에 따라 당기 연결재무제표감사에서 가장 유의적인 사항들입니다. 해당 사항들은 연결재무제표 전체에 대한 감사의 관점에서 우리의 의견형성 시 다루어졌으며, 우리는 이런 사항에 대하여 별도의 의견을 제공하지는않습니다. 핵심감사사항으로 결정한 이유연결재무제표에 대한 주석 2.3에 기술되어 있는 바와 같이 연결회사는 영상콘텐츠를제작하는 사업을 영위하고 있습니다. 한편, 영상컨텐츠 제작매출은 원가기준 투입법을 적용하여 진행률에 따라 기간에 걸쳐 수익이 인식되며, 진행률은 계약원가의 누적발생금액을 총예정원가로 나눈 비율로 산정됩니다. 따라서 연결회사가 적용하는 원가기준 투입법에 따른 매출 인식은 총계약수익과 총계약원가의 추정치 변동 및 진행률 변동에 따라 영향을 받고 있습니다. 이러한 영상컨텐츠 제작매출은 연결재무제표에서 중요한 금액이고, 매출인식의 복잡성과 다양성으로 인하여 수익인식 금액이 적절하지 않을 잠재적 위험이 존재하므로, 우리는 영상컨텐츠 제작매출인식의 적정성을 핵심감사사항에 포함하였습니다. 핵심감사사항이 감사에서 다루어진 방법연결회사의 영상컨텐츠 제작매출인식의 적정성과 관련하여 ","우리가 수행한 주요 감사절차는 다음과 같습니다. - 수익인식 회계정책 및 내부통제에 대한 이해 - 보고기간 종료일 현재 주요 프로젝트의 현재 진행상황 및 유의적인 변동사항에 대하여 질문 및 증감분석 - 계약금액, 예정원가, 원가율 등 주요 재무지표에 대한 증감분석 - 해당 매출 인식에 관련된 내부통제의 이해와 평가 - 해당 매출 거래 중 표본 추출된 프로젝트에 대하여 계약사항과 실재성, 기간귀속의 적정성을 확인하기 위한 문서검사 - 총 계약원가 중 주요 항목에 대하여 표본 추출하여 외부 증빙 테스트 - 프로젝트 진행율에 대해 독립적으로 재계산",decl
01467451,2023,(주)케이티밀리의서재,콘텐츠,20240320000696,별도,1,전자도서 구독서비스 매출의 실재성,"핵심감사사항은 우리의 전문가적 판단에 따라 당기 재무제표 감사에서 가장 유의적인 사항들입니다. 해당 사항들은 재무제표 전체에 대한 감사의 관점에서 우리의 의견형성 시 다루어졌으며, 우리는 이런 사항에 대하여 별도의 의견을 제공하지는 않습니다. 전자도서 구독서비스 매출의 실재성 재무제표에 대한 주석 2.14 및 주석 23에서 설명한 바와 같이, 회사는 도서 관련 콘텐츠 서비스업을 주요사업으로 영위하고 있으며, 회사가 2023년 12월 31일로 종료하는 회계연도에 인식한 영업수익 및 전자도서 구독서비스 수익은 각각 56,572,749 천원 및 55,831,319천원입니다. 회사의 전자도서 구독서비스 판매에 대한 수익은 고객에게 기간에 걸쳐 수행의무를 이행하는 시점에 인식합니다. 회사의 영업수익에서 전자도서 구독서비스 판매에 대한 수익이 차지하는 비중은 유의적이며, 회사와 소비자 간의 거래로 이루어져 있고 표준화된 계약에 따라 거래가 이루어져 복잡성 및 다양성은 제한적이지만 처리하여야 할 거래 건수는 매우 많습니다. 이에 따라, 전자도서 구독서비스 판매에 대한 수익을 인식하기 위하여 전산시스템의 이용을 포함한 복잡한 내부 프로세스를 필요로 하기에 이러한 전자도서 구독서비스 판매에 대한 수익의 실재성에 유의적인 왜곡표시위험이 있는 것으로 판단하여, 우리는 전자도서 구독서비스의 수익인식과 관련한 회계처리를 핵심감사사항으로 선정하였습니다. 핵심감사사항에 대응하기 위한 우리의 감사절차는 다음을 포함하고 있습니다. ① 전자도서 구독서비스에 대한 수익인식 회계정책을 검토하고 내부통제에 대한 이해 및 평가 ② 회사의 전자도서 구독서비스 판매에 대하여 샘플로 선정된 고객과의 약정서를 검토하여 수익 인식기준 및 회계처리의 적정성 확인 ③ 수익의 실재성 테스트를 위해 샘플로 선정된 거래처에 대하여 회사 시스템에서 생성된 결제 데이터와 외부 결제대행사 혹은 고객사로부터 수령한 수금내역과 대사하고 상품별 매출 로직에 따라 매출이 인식되었는지 검증 수행",,lookback
01467451,2024,(주)케이티밀리의서재,콘텐츠,20250321000901,별도,1,전자도서 구독서비스 매출의 발생사실,"재무제표에 대한 주석2 및 주석23 에 기재되어 있는 바와 같이, 회사는 도서 관련 콘텐츠 서비스업을 주요사업으로 영위하고 있으며, 전자도서 구독서비스 판매에 대한 수익은 고객에게 기간에 걸쳐 수행의무를 이행하는 시점에 인식합니다. 수익은 회사의 주요 성과지표에 포함되므로 목표 또는 기대치를 달성하기 위해 조정될 수 있는 고유위험이 높은 항목이며, 회사 총 수익금액의 99%를 차지하는 전자도서 구독서비스는 수익인식금액의 왜곡으로 인해 재무제표에 미치는 영향이 유의적입니다. 전체 영업수익에서 차지하는 비중 및 성과지표의 관련성을 고려하여 우리는 전자도서 구독서비스 매출의 발생사실과 관련하여 유의적인 위험이 있는 것으로 판단하고 핵심감사사항으로 결정하였습니다.",핵심감사사항에 대응하기 위하여 우리는 다음을 포함한 감사절차를 수행하였습니다. ㆍ 전자도서 구독서비스에 대한 수익인식 회계정책 검토 및 내부통제에 대한 이해 ㆍ 회사의 전자도서 구독서비스 판매에 대하여 샘플로 선정된 고객과의 약정서를 검토하여 수익 인식기준 및 회계처리의 적정성 확인 ㆍ 당기 중 발생한 수익에 대하여 표본을 추출하여 거래원천 증빙 확인 및 매출인식 재계산 검증,subhead
01508855,2020,(주)블리츠웨이엔터테인먼트,콘텐츠,20210308000511,별도,1,"단기금융상품의 실재성, 분류 및 사용제한 내역에 대한 공시사항","회사는 자본시장과 금융투자업에 관한 법률 제373조의 2에 따라 설립된 기업인수목적회사로서 최초 주권모집에 따른 주권발행금액의 100분의 90이상에 해당하는 금액을 주권의 주금납입일 다음 영업일까지 증권금융회사 또는 신탁업자에게 예치 또는 신탁하여야 하며, 동 예치 또는 신탁한 금전은 회사의 사업목적에 따른 합병대상법인과의 합병등기가 완료되기 전에 인출하거나 담보로 제공할 수 없습니다. 당기말 현재해당 공모금액은 회사의 총자산의 82%를 차지하고 있고, 관련 법령에 따라 사용이 제한된 금융상품에 적절히 공시되어야 합니다. 이는 재무제표 이용자에게 유용한 정보를 제공할 수 있다고 판단하여 단기금융상품의 실재성, 분류의 적정성, 공시사항의정확성을 핵심감사사항으로 식별하였습니다.","- 회사가 예치하고 있는 금융기관으로 부터 발급받은 금융기관 조회서와 회사 제시 장부금액과 대사 - 사용이 제한된 자산에 대한 주석 공시에 대한 적정성 검토 재무제표감사에 대한 경영진과 지배기구의 책임 경영진은 한국채택국제회계기준에 따라 이 재무제표를 작성하고 공정하게 표시할 책임이 있으며, 부정이나 오류로 인한 중요한 왜곡표시가 없는 재무제표를 작성하는데 필요하다고 결정한 내부통제에 대해서도 책임이 있습니다. 경영진은 재무제표를 작성할 때, 회사의 계속기업으로서의 존속능력을 평가하고 해당되는 경우, 계속기업 관련 사항을 공시할 책임이 있습니다. 그리고 경영진이 기업을 청산하거나 영업을 중단할 의도가 없는 한, 회계의 계속기업전제의 사용에 대해서도 책임이 있습니다. 지배기구는 회사의 재무보고절차의 감시에 대한 책임이 있습니다.",subhead
01508855,2021,(주)블리츠웨이엔터테인먼트,콘텐츠,20220323000789,별도,1,수익인식,"핵심감사사항은 우리의 전문가적 판단에 따라 당기 재무제표감사에서 가장 유의적인사항들입니다. 해당 사항들은 재무제표 전체에 대한 감사의 관점에서 우리의 의견형성 시 다루어졌으며,우리는 이런 사항에 대하여 별도의 의견을 제공하지는 않습니다. (1) 수익인식 재무제표에 대한 주석2에서 기술한 바와 같이 회사는 재화나 용역의 통제가 고객에게 이전되었을 때, 해당 재화나 용역의 대가로 받을 권리를 갖게 될 것으로 예상하는 대가를 반영하는 금액으로 수익을 인식하고 있습니다. 회사의 매출은 핵심 재무성과 지표 중 하나로, 이러한 특성은 목표성과 또는 기대치를 달성하기 위하여 적절하지 않은 기간에 수익이 인식될 고유위험을 내포하고 있다고 판단하였습니다. 따라서, 우리는 수익인식기간 귀속의 적정성을 핵심감사사항으로 선정하였습니다. 이와 관련하여 ","우리가 수행한 주요 감사절차는 다음과 같습니다. - 당기 중 발생한 매출거래에 대하여 표본추출방식을 이용한 세부실증절차 수행 - 수익인식에 대응되는 매출채권에 대해 표본추출방식을 이용한 외부조회 확인 - 매출유형별로 과거기간과의 실적비교, 월별 실적의 추세 분석 등 분석적절차 수행",lookback
01508855,2022,(주)블리츠웨이엔터테인먼트,콘텐츠,20230323000948,연결,1,수익인식기간 귀속의 적정성,"핵심감사사항은 우리의 전문가적 판단에 따라 당기 연결재무제표감사에서 가장 유의적인 사항들입니다. 해당 사항들은 연결재무제표 전체에 대한 감사의 관점에서 우리의 의견형성 시 다루어졌으며, 우리는 이런 사항에 대하여 별도의 의견을 제공하지는 않습니다. (1) 수익인식연결재무제표에 대한 주석2에서 기술한 바와 같이 회사는 재화나 용역의 통제가 고객에게 이전되었을 때, 해당 재화나 용역의 대가로 받을 권리를 갖게 될 것으로 예상하는 대가를 반영하는 금액으로 수익을 인식하고 있습니다.연결회사의 매출은 핵심 재무성과 지표 중 하나로, 이러한 특성은 목표성과 또는 기대치를 달성하기 위하여 적절하지 않은 기간에 수익이 인식될 고유위험을 내포하고 있다고 판단하였습니다. 따라서, 우리는 수익인식기간 귀속의 적정성을 핵심감사사항으로 선정하였습니다.이와 관련하여 ","우리가 수행한 주요 감사절차는 다음과 같습니다. - 당기 중 발생한 매출거래에 대하여 표본추출방식을 이용한 세부실증절차 수행 - 보고기간말 전후 발생한 매출거래에 대한 수익인식의 기간귀속을 확인하는 절차 수행 - 수익인식에 대응되는 매출채권에 대해 표본추출방식을 이용한 외부조회 확인 - 매출유형별로 과거기간과의 실적비교, 월별 실적의 추세 분석 등 분석적절차 수행",decl
01508855,2023,(주)블리츠웨이엔터테인먼트,콘텐츠,20240321000884,연결,1,수익인식기간 귀속의 적정성,"핵심감사사항은 우리의 전문가적 판단에 따라 당기 연결재무제표감사에서 가장 유의적인사항들입니다. 해당 사항들은 연결재무제표 전체에 대한 감사의 관점에서 우리의 의견형성 시 다루어졌으며, 우리는 이런 사항에 대하여 별도의 의견을 제공하지는 않습니다. (1) 수익인식연결재무제표에 대한 주석2에서 기술한 바와 같이 연결회사는 재화나 용역의 통제가 고객에게 이전되었을 때, 해당 재화나 용역의 대가로 받을 권리를 갖게 될 것으로 예상하는 대가를 반영하는 금액으로 수익을 인식하고 있습니다. 연결회사의 매출은 핵심 재무성과 지표 중 하나로, 이러한 특성은 목표성과 또는 기대치를 달성하기 위하여 적절하지 않은 기간에 수익이 인식될 고유위험을 내포하고 있다고 판단하였습니다. 따라서, 우리는 수익인식기간 귀속의 적정성을 핵심감사사항으로 선정하였습니다. 이와 관련하여 ","우리가 수행한 주요 감사절차는 다음과 같습니다. - 당기 중 발생한 매출거래에 대하여 표본추출방식을 이용한 세부실증절차 수행 - 보고기간말 전후 발생한 매출거래에 대한 수익인식의 기간귀속을 확인하는 절차 수행 - 수익인식에 대응되는 매출채권에 대해 표본추출방식을 이용한 외부조회 확인 - 매출유형별로 과거기간과의 실적비교, 월별 실적의 추세 분석 등 분석적절차 수행",decl
01508855,2024,(주)블리츠웨이엔터테인먼트,콘텐츠,20250320001201,연결,1,수익인식기간 귀속의 적정성,"핵심감사사항은 우리의 전문가적 판단에 따라 당기 연결재무제표감사에서 가장 유의적인사항들입니다. 해당 사항들은 연결재무제표 전체에 대한 감사의 관점에서 우리의 의견형성 시 다루어졌으며, 우리는 이런 사항에 대하여 별도의 의견을 제공하지는 않습니다. (1) 수익인식연결재무제표에 대한 주석2에서 기술한 바와 같이 연결회사는 재화나 용역의 통제가 고객에게 이전되었을 때, 해당 재화나 용역의 대가로 받을 권리를 갖게 될 것으로 예상하는 대가를 반영하는 금액으로 수익을 인식하고 있습니다. 연결회사의 매출은 핵심 재무성과 지표 중 하나로, 이러한 특성은 목표성과 또는 기대치를 달성하기 위하여 적절하지 않은 기간에 수익이 인식될 고유위험을 내포하고 있다고 판단하였습니다. 따라서, 우리는 수익인식기간 귀속의 적정성을 핵심감사사항으로 선정하였습니다. 이와 관련하여 ","우리가 수행한 주요 감사절차는 다음과 같습니다. - 당기 중 발생한 매출거래에 대하여 표본추출방식을 이용한 세부실증절차 수행 - 보고기간말 전후 발생한 매출거래에 대한 수익인식의 기간귀속을 확인하는 절차 수행 - 수익인식에 대응되는 매출채권에 대해 표본추출방식을 이용한 외부조회 확인 - 매출유형별로 과거기간과의 실적비교, 월별 실적의 추세 분석 등 분석적절차 수행",decl
01513699,2023,주식회사 포바이포,콘텐츠,20240321002016,연결,1,㈜에스비엑스지 영업권 손상검사,"핵심감사사항은 우리의 전문가적 판단에 따라 당기 연결재무제표감사에서 가장 유의적인 사항들입니다. 해당 사항은 연결재무제표 전체에 대한 감사의 관점에서 그리고 우리의 의견형성시 다루어졌으며, 우리는 이런 사항에 대하여 별도의 의견을 제공하지는 않습니다. ㈜에스비엑스지 영업권 손상검사 연결회사는 당기 중 ㈜에스비엑스지의 지분 83.2%를 7,860백만원에 취득하였습니다. 연결회사는 사업결합으로 취득한 영업권에 대하여 손상을 시사하는 징후과 관계없이 매년 손상검사를 수행하고 있습니다. ㈜ 에스비엑스지의 현금창출단위에 배분된 영업권의 장부금액은 5,026백만원으로 금액이 유의적이고, 동 현금창출단위의 회수가능액 측정 시 미래 예상현금흐름과 성장률, 할인율 등 주요 가정에는 경영진의 유의적인 추정과 판단이 수반되며 불확실성이 존재하는 점을 고려하여 우리는 ㈜에스비엑스지의 영업권 손상검사를 핵심감사사항으로 결정하였습니다. 이와 관련하여 ",우리가 수행한 주요 감사절차는 다음과 같습니다. ㆍ 경영진이 회수가능액 측정에 사용한 가치평가 모델 적절성 평가 ㆍ 경영진이 회수가능액 측정에 사용한 할인율 등 주요 가정의 합리성 평가 ㆍ 손상검사에 사용된 재무예측치와 경영진에 의해 승인된 사업계획의 비교 검토 ㆍ 연결회사가 손상검사 시 활용한 경영진측 외부 평가전문가 적격성 및 독립성 평가,lookback
01513699,2024,주식회사 포바이포,콘텐츠,20250321001782,연결,1,당기 손상검사 수행 결과 103백만원의 손상차손을 인식하였습니다(주석 12 참조).,"핵심감사사항은 우리의 전문가적 판단에 따라 당기 연결재무제표감사에서 가장 유의적인 사항들입니다. 해당 사항은 연결재무제표 전체에 대한 감사의 관점에서 그리고 우리의 의견형성시 다루어졌으며, 우리는 이런 사항에 대하여 별도의 의견을 제공하지는 않습니다. ㈜에스비엑스지 영업권 손상검사 연결회사는 전기 중 ㈜에스비엑스지의 지분 83.2%를 7,860백만원에 취득하였습니다. 연결회사는 사업결합으로 취득한 영업권에 대하여 손상을 시사하는 징후과 관계없이 매년 손상검사를 수행하고 있 으며, 당기 손상검사 수행 결과 103백만원의 손상차손을 인식하였습니다(주석 12 참조). ㈜에스비엑스지의 현금창출단위의 회수가능액 측정 시 미래 예상현금흐름과 성장률,할인율 등 주요 가정에는 경영진의 유의적인 추정과 판단이 수반되며 불확실성이 존재하는 점을 고려하여 우리는 ㈜에스비엑스지의 영업권 손상검사를 핵심감사사항으로 결정하였습니다. 이와 관련하여 ",우리가 수행한 주요 감사절차는 다음과 같습니다. ㆍ 경영진이 회수가능액 측정에 사용한 가치평가 모델 적절성 평가 ㆍ 경영진이 회수가능액 측정에 사용한 할인율 등 주요 가정의 합리성 평가 ㆍ 손상검사에 사용된 재무예측치와 경영진에 의해 승인된 사업계획의 비교 검토 ㆍ 연결회사가 손상검사 시 활용한 경영진측 외부 평가전문가 적격성 및 독립성 평가,lookback
01584934,2022,(주)핑거스토리,콘텐츠,20230316001168,별도,1,콘텐츠매출의 실재성과 기간귀속,"핵심감사사항은 우리의 전문가적 판단에 따라 당기 재무제표감사에서 가장 유의적인사항들입니다. 해당 사항들은 재무제표 전체에 대한 감사의 관점에서 우리의 의견형성 시 다루어졌으며, 우리는 이런 사항에 대하여 별도의 의견을 제공하지는 않습니 다. 콘텐츠매출의 실재성과 기간귀속 1) 위험회사는 웹툰콘텐츠 서비스제공 등을 사업목적으로 하고 있습니다. 회사의 콘텐츠 매출은 회사와 소비자 간의 거래로 이루어져 있어, 회사가 고객과 체결한 계약의 복잡성 및 다양성은 제한적이지만 처리하여야 할 거래 건수는 매우 많습니다. 이러한 대량의 거래 건수 처리로 인하여 수익인식 금액이 적절하지 않을 잠재적 위험이 존재합니다. 또한 콘텐츠 매출은 회사의 주요 성과지표 중 하나이며 적절하지 않은 기간에 인식되거나 기대치 달성을 위한 부정의 발생 등 고유위험이 존재한다고 판단되므로 콘텐츠매출의 실재성과 기간귀속을 핵심감사사항으로 판단하였습니다. 2) 우리의 대응우리가 수행한 주요한 절차는 다음과 같습니다.- 콘텐츠 매출과 관련한 회사의 프로세스를 이해하고, 내부통제를 평가하였습니다.- 수익 실재성 테스트를 위해 근거문서 대사를 통한 콘텐츠 매출인식액의 정확성을 확인하였습니다.- 콘텐츠 이용에 사용할 수 있는 미사용 코인과 관련된 이연수익을 재계산하여 검토하였습니다.",,lookback
01584934,2023,(주)핑거스토리,콘텐츠,20240314001059,별도,1,콘텐츠서비스 매출의 실재성과 기간귀속,"핵심감사사항은 우리의 전문가적 판단에 따라 당기 재무제표감사에서 가장 유의적인사항들입니다. 해당 사항들은 재무제표 전체에 대한 감사의 관점에서 우리의 의견형성 시 다루어졌으며, 우리는 이런 사항에 대하여 별도의 의견을 제공하지는 않습니 다. 콘텐츠서비스 매출의 실재성과 기간귀속 1) 위험재무제표에 대한 주석 23에서 설명하는 바와 같이, 회사는 콘텐츠서비스 제공을 사업목적으로 하고 있으며, 2023년 12월 31일로 종료하는 회계연도에 인식한 영업수익 및 콘텐츠서비스 매출은 각각 18,425백만원 및 18,381백만원입니다. 회사의 콘텐츠서비스 매출은 회사와 소비자 간의 거래로 이루어져 있어, 회사가 고객과 체결한 계약의 복잡성 및 다양성은 제한적이지만 처리하여야 할 거래 건수는 매우 많습니다.이러한 대량의 거래 건수 처리로 인하여 수익인식 금액이 적절하지 않을 잠재적 위험이 존재합니다. 또한 콘텐츠서비스 매출은 회사의 주요 성과지표 중 하나이며 적절하지 않은 기간에 인식되거나 기대치 달성을 위한 부정의 발생 등 고유위험이 존재한다고 판단되므로 콘텐츠서비스 매출의 실재성과 기간귀속을 핵심감사사항으로 판단하였습니다. 2) 우리의 대응우리가 수행한 주요한 절차는 다음과 같습니다.- 콘텐츠서비스 매출과 관련한 회사의 프로세스를 이해하고, 내부통제를 평가하였습니다.- 수익 실재성 테스트를 위해 근거문서 대사를 통한 콘텐츠서비스 매출인식액의 정확성을 확인하였습니다.- 콘텐츠 이용에 사용할 수 있는 미사용 코인과 관련된 이연수익을 재계산하여 검토하였습니다.",,lookback
01584934,2024,(주)핑거스토리,콘텐츠,20250313000610,별도,1,콘텐츠서비스 매출의 실재성과 기간귀속,"핵심감사사항은 우리의 전문가적 판단에 따라 당기 재무제표감사에서 가장 유의적인사항들입니다. 해당 사항들은 재무제표 전체에 대한 감사의 관점에서 우리의 의견형성 시 다루어졌으며, 우리는 이런 사항에 대하여 별도의 의견을 제공하지는 않습니 다. 콘텐츠서비스 매출의 실재성과 기간귀속 1) 위험재무제표에 대한 주석 23에서 설명하는 바와 같이, 회사는 콘텐츠서비스 제공을 사업목적으로 하고 있으며, 2024년 12월 31일로 종료하는 회계연도에 인식한 영업수익 및 콘텐츠서비스 매출은 각각 18,350백만원 및 18,313백만원입니다. 회사의 콘텐츠서비스 매출은 회사와 소비자 간의 거래로 이루어져 있어, 회사가 고객과 체결한 계약의 복잡성 및 다양성은 제한적이지만 처리하여야 할 거래 건수는 매우 많습니다.이러한 대량의 거래 건수 처리로 인하여 수익인식 금액이 적절하지 않을 잠재적 위험이 존재합니다. 또한 콘텐츠서비스 매출은 회사의 주요 성과지표 중 하나이며 적절하지 않은 기간에 인식되거나 기대치 달성을 위한 부정의 발생 등 고유위험이 존재한다고 판단되므로 콘텐츠서비스 매출의 실재성과 기간귀속을 핵심감사사항으로 판단하였습니다. 2) 우리의 대응우리가 수행한 주요한 절차는 다음과 같습니다.- 콘텐츠서비스 매출과 관련한 회사의 프로세스를 이해하고, 내부통제를 평가하였습니다.- 콘텐츠서비스 관련 시스템으로부터 수익 관련 데이터 대체에 대한 완전성과 정확성을 확인하였습니다.- 수익 실재성 테스트를 위해 회사 생성 데이터와 외부 데이터를 비교하였습니다.- 콘텐츠 이용에 사용할 수 있는 미사용 코인과 관련된 이연수익을 재계산하여 검토하였습니다.",,lookback
01605282,2024,(주)닷밀,콘텐츠,20250318001030,별도,1,계약서상 공사기간을 초과한 현장 또는 공사기간이 완료기한에 임박한 현장에 대하여 지연배상금 발생가능성에 대한,,- 총계약원가 설정 및 변경에 대한 내부통제 절차의 이해 및 평가 - 당기 중 종료된 계약 중에서 총예정원가 대비 총투입원가의 유의적인 차이가 존재하는 프로젝트에 대해 차이원인 등 질문 및 문서검사 - 주요 현장에 대하여 공사변경에 따른 추가계약원가 추정액이 총계약원가 산정에 반영되었는지 확인,subhead
01605282,2024,(주)닷밀,콘텐츠,20250318001030,별도,2,주요 현장에 대하여 공사변경에 따른 추가계약원가 추정액이 총계약원가 산정에 반영되었는지 확인,,- 공사원가와 공사현장별 원가발생 데이터간 대사를 통해 원가집계의 적정성 검토 - 당기 발생한 투입원가 중 감사인이 독립적으로 투입원가의 발생과 귀속시기 및 계약별 원가 귀속의 적정성 테스트 - 회사가 산정한 진행률을 재계산하여 비교대사,subhead
01703849,2024,(주)노머스,콘텐츠,20250321001223,연결,1,수익인식,"핵심감사사항은 우리의 전문가적 판단에 따라 당기 연결재무제표 감사에서 가장 유의적인 사항들입니다. 해당 사항들은 연결 재무제표 전체에 대한 감사의 관점에서 우리의 의견형성 시 다루어졌으며, 우리는 이런 사항에 대하여 별도의 의견을 제공하지는 않습니다. [수익인식] - 핵심감사사항으로 결정된 이유연결회사의 매출액은 회사의 주요 성과지표 중에 하나이며, 수익이 적절하지 않은 기간에인식되거나 목표 또는 기대치를 달성하기 위해 조작되는 등 고유위험을 불러일으킬 수 있습니다. 따라서 용역매출, 제품 및 상품매출 등 매출유형별 수익인식을 핵심감사사항으로 식별하였습니다.- 핵심감사사항이 감사에서 다루어진 방법핵심감사사항에 대응하기 위한 우리의 감사절차는 다음을 포함합니다.ㆍ매출유형별 계약서 검토ㆍ계약서 검토를 통한 통제ㆍ권리 이전 여부 및 수행의무 검토 수행ㆍ수익인식 회계정책 및 관련 통제에 대한 이해와 평가ㆍ기중 매출거래에 대해 시사의 방법을 적용하여 관련문서와 대사 및 검증ㆍ매출유형별 기간귀속의 적정성 확인",,lookback
01704680,2024,(주)엠83,콘텐츠,20250320001408,연결,1,투입법에 따른 수익인식,"- 연결재무제표에 대한 주석 2.(12)에서 언급된 바와 같이, 연결회사는 투입법에 따른 진행률을 기준으로 수익을 인식하고 있습니다. - 프로젝트의 성격, 기간 및 고객사 요구에 따라 총계약원가 추정치 변동이 일어날 수 있고, 누적발생원가 집계 과정에서 발생할 수 있는 오류 등으로 인하여 진행률 산정이 합리적으로 이루어지지 못할 위험이 존재합니다. - 우리는 연결회사의 투입법에 따른 수익인식 금액의 적정성과 관련하여 경영진의 판단이 수반되며 편의가 개입될 가능성이 있고 회사의 연결재무제표에 중요한 영향을 미치는 사항으로 동 사항을 핵심감사사항으로 식별하였습니다.",- 신규계약 수익인식 적용 적정성 검토 - 프로젝트 총예정원가 산정 및 변경과 관련된 회사의 프로세스를 이해하고 관련 통제에 대하여 문서검사를 통해 설계 및 운용 효과성을 평가 - 실제발생원가의 프로젝트 배부와 관련된 회사의 프로세스를 이해하고 관련 통제에 대하여 문서검사를 통해 설계 및 운용 효과성을 평가 - 실제발생원가의 완전성 및 원가배부의 적정성 확인을 위하여 진행 중인 프로젝트에 대하여 문서검사를 수행 - 총예정원가 및 진행률 관련 재계산 및 이상 항목을 분석하고 이에 대한 문서검사를 수행,subhead
