corp_code,fy,기업명,군,업종코드,rcept_no,is_amend,doc_name,doc_type,kam_section_found,no_kam_stated,n_kam,has_gc,gc_text,opinion,opinion_basis,auditor,n_sections,sections
00122339,2019,(주)이매진아시아,콘텐츠,591,20200330003013,0,연결감사보고서,연결,0,0,0,0,,의견거절,"우리는 다음 사항과 관련하여 연결재무제표에 공시된 유의적 불확실성의 영향을 고려하였습니다. 1. 감사범위 제한 우리는 주요 자산의 취득, 처분 및 자금거래 등과 관련한 자금 흐름과 거래의 타당성, 그리고 연결범위의 판단을 위한 충분하고 적합한 증거를 확보하지 못하였으며, 대체적인 절차에 의해서도 만족할만한 결과를 얻지 못하였습니다. 이로 인하여 자산ㆍ부채의 실재성, 완전성, 거래의 발생사실 및 타당성, 자산의 평가와 관련된 연결재무제표의 구성요소에 관하여 추가적인 수정이 필요한지 여부를 결정할 수 없었습니다. 2. 특수관계자 범위 및 거래내역 연결회사가 제시한 특수관계자 및 특수관계자와의 거래내역에 대해 특수관계자 범위 및 거래에 대한 완전성과 정확성을 판단할 충분하고 적합한 감사증거를 확보하지 못하였습니다. 이로 인하여 연결재무제표의 구성요소에 관하여 추가적인 수정이 필요한지 여부를 결정할 수 없었습니다. 3. 계속기업가정의 불확실 연결회사의 연결재무제표는 연결회사가 계속기업으로서 존속한다는 가정을 전제로 작성되었으므로 연결회사의 자산과 부채가 정상적인 영업활동과정을 통하여 회수되거나 상환될 수 있다는 가정하에 회계처리 되었습니다. 그러나 연결회사가 우리에게 제시한 2019년 12월 31일로 종료되는 보고기간의 연결재무제표에서 당기 및 전기에 각각 3,780백만원과 3,944백만원의 영업손실과 각각 19,846백만원 및 11,827백만원의 지배기업소유지지분당기순손실이 발생하였습니다. 이로써 당기말 현재 누적결손금은 97,430백만원이며 자본잠식률은 88.9%에 달하고 있습니다. 또한, 연결회사는 보고서일 현재 상장폐지결정되어 2019년 12월 4일에 코스닥시장위원회로부터 1년간의 개선기간을 부여받았습니다. 이러한 상황은 연결회사의 계속기업으로서 존속능력에 유의적인 의문을 제기하는 바, 계속기업으로서의 존속여부는 연결회사의 향후 자금조달계획 및 경영개선계획 등 자구계획의 성패에 따라 좌우되는 중요한 불확실성을 내포하고 있습니다. 우리는 이러한 불확실성의 최종결과로 발생할 수 있는 자산과 부채 그리고 관련 손익항목 및 주석에 대한 수정사항을 합리적으로 추정할 수 있는 증거를 확보할 수 없었습니다.",울시 서초구 반포대로 306 이정지율회계법인,5,의견거절 근거|강조사항|기타사항|연결재무제표에 대한 경영진과 지배기구의 책임|연결재무제표감사에 대한 감사인의 책임
00122339,2020,(주)이매진아시아,콘텐츠,591,20210326000292,0,연결감사보고서,연결,0,0,0,0,,의견거절,"(1) 감사범위의 제한 2019년 12월 31일로 종료하는 보고기간의 연결재무제표는 이정지율회계법인이 감사하였으며, 2020년 3월 19일자 감사보고서에서 감사의견을 표명하지 아니하였습니다. 동 사유로 인하여, 우리는 연결회사의 2020년 1월 1일자 연결재무제표에 대한 충분하고 적합한 증거를 확보하지 못하였으며, 대체적인 방법에 의하여도 기초연결재무제표에 대해 만족할 만한 결과를 얻지 못하였습니다. 이로 인하여, 기초연결재무제표에 포함되었을 수도 있는 왜곡표시가 2020년 12월 31일 현재의 재무상태 및 동일로 종료하는 보고기간의 재무성과와 현금흐름에 미치는 영향을 결정할 수 없었습니다. 또한, 우리는 연결회사의 핵심인력 퇴사 등의 사유로 2020년 12월 31일로 종료되는 보고기간의 연결재무제표에 대한 감사절차 실시를 위한 주요 자산의 취득, 처분 및 자금거래 등과 관련하여 자금 흐름과 거래의 타당성 판단을 위한 충분하고 적합한 증거를 확보하지 못하였으며, 대체적인 절차에 의해서도 만족할만한 결과를 얻지 못하였습니다. 이로 인하여 자산ㆍ부채의 실재성, 완전성, 거래의 발생사실 및 타당성, 자산의 평가 및 주석사항을 위한 충분하고 적합한 감사증거를 입수하지 못하였습니다. (2) 계속기업가정의 불확실성 연결회사의 연결재무제표는 연결회사가 계속기업으로서 존속한다는 가정을 전제로 작성되었으므로 연결회사의 자산과 부채가 정상적인 영업활동과정을 통하여 회수되거나 상환될 수 있다는 가정하에 회계처리 되었습니다. 그러나 연결회사는 2020년 12월 31일로 종료되는 보고기간에 2,364백만원의 영업손실과 12,887백만원의 당기순손실이 발생하여, 당기말 현재 누적결손금은 110,313백만원이며 완전자본잠식상태입니다. 또한, 연결회사는 감사보고서일 현재 상장폐지결정되었으며, 서울회생법원으로부터 2020년 7월 8일자로 회생절차 개시결정을 받은 후 2021년 3월 5일 회생절차 폐지결정을 받았습니다. 이러한 상황은 연결회사의 계속기업으로서 존속능력에 유의적인 의문을 제기하는 바, 계속기업으로서의 존속여부는 연결회사의 향후 자금조달계획 및 경영개선계획 등 자구계획의성패에 따라 좌우되는 중요한 불확실성을 내포하고 있습니다. 우리는 이러한 불확실성의 최종결과로 발생할 수 있는 자산과 부채 그리고 관련 손익항목 및 주석에 대한 수정사항을 합리적으로 추정할 수 있는 증거를 확보할 수 없었습니다.",는 보고기간의 연결재무제표는 이정지율회계법인,5,의견거절근거|강조사항|기타사항|연결재무제표에 대한 경영진과 지배기구의 책임|연결재무제표감사에 대한 감사인의 책임
00130772,2019,(주)SBS,콘텐츠,60210,20200330002425,0,연결감사보고서,연결,1,0,1,0,,적정,,2018년 12월 31일 까지 한영회계법인,4,감사의견근거|핵심감사사항|연결재무제표에 대한 경영진과 지배기구의 책임|연결재무제표감사에 대한 감사인의 책임
00130772,2020,(주)SBS,콘텐츠,60210,20210318000400,0,연결감사보고서,연결,1,0,1,0,,적정,,,5,감사의견근거|핵심감사사항|기타사항|연결재무제표에 대한 경영진과 지배기구의 책임|연결재무제표감사에 대한 감사인의 책임
00130772,2021,(주)SBS,콘텐츠,60210,20220317001064,0,연결감사보고서,연결,1,0,1,0,,적정,,,5,감사의견근거|핵심감사사항|연결재무제표에 대한 경영진과 지배기구의 책임|연결재무제표감사에 대한 감사인의 책임|강조사항
00130772,2022,(주)SBS,콘텐츠,60210,20230316000964,0,연결감사보고서,연결,1,0,0,0,,적정,,,4,감사의견근거|핵심감사사항|연결재무제표에 대한 경영진과 지배기구의 책임|연결재무제표감사에 대한 감사인의 책임
00130772,2023,(주)SBS,콘텐츠,60210,20240321001674,0,연결감사보고서,연결,1,0,1,0,,적정,,,5,감사의견근거|핵심감사사항|기타사항|연결재무제표에 대한 경영진과 지배기구의 책임|연결재무제표감사에 대한 감사인의 책임
00130772,2024,(주)SBS,콘텐츠,60210,20250320001108,0,연결감사보고서,연결,1,0,1,0,,적정,,,4,감사의견근거|핵심감사사항|연결재무제표에 대한 경영진과 지배기구의 책임|연결재무제표감사에 대한 감사인의 책임
00130772,2025,(주)SBS,콘텐츠,60210,20260319001224,0,연결감사보고서,연결,1,0,1,0,,적정,,,4,감사의견근거|핵심감사사항|연결재무제표에 대한 경영진과 지배기구의 책임|연결재무제표감사에 대한 감사인의 책임
00140131,2019,(주)키다리스튜디오,콘텐츠,631,20200330003517,0,연결감사보고서,연결,0,0,0,0,,적정,,018년 12월 31일 까지 성도이현회계법인,3,감사의견근거|재무제표에 대한 경영진과 지배기구의 책임|재무제표감사에 대한 감사인의 책임
00140131,2020,(주)키다리스튜디오,콘텐츠,631,20210318000957,0,연결감사보고서,연결,1,0,1,0,,적정,,2020년 12월 31일 까지 한울회계법인,5,감사의견근거|핵심감사사항|기타사항|연결재무제표에 대한 경영진과 지배기구의 책임|연결재무제표감사에 대한 감사인의 책임
00140131,2021,(주)키다리스튜디오,콘텐츠,631,20220317000876,0,연결감사보고서,연결,1,0,1,0,,적정,,,4,감사의견근거|핵심감사사항|연결재무제표에 대한 경영진과 지배기구의 책임|연결재무제표감사에 대한 감사인의 책임
00140131,2022,(주)키다리스튜디오,콘텐츠,631,20230316001551,0,연결감사보고서,연결,1,0,1,0,,적정,,2021년 12월 31일 까지 한울회계법인,4,감사의견근거|핵심감사사항|재무제표에 대한 경영진과 지배기구의 책임|재무제표감사에 대한 감사인의 책임
00140131,2023,(주)키다리스튜디오,콘텐츠,631,20240318000710,0,연결감사보고서,연결,1,0,1,0,,적정,,,5,감사의견근거|핵심감사사항|기타사항|연결재무제표에 대한 경영진과 지배기구의 책임|연결재무제표감사에 대한 감사인의 책임
00140131,2024,(주)키다리스튜디오,콘텐츠,631,20250319000526,0,연결감사보고서,연결,1,0,1,0,,적정,,,4,감사의견근거|핵심감사사항|연결재무제표에 대한 경영진과 지배기구의 책임|연결재무제표감사에 대한 감사인의 책임
00140131,2025,(주)키다리스튜디오,콘텐츠,631,20260317000560,0,연결감사보고서,연결,1,0,1,0,,적정,,,4,감사의견근거|핵심감사사항|연결재무제표에 대한 경영진과 지배기구의 책임|연결재무제표감사에 대한 감사인의 책임
00145437,2019,주식회사 아센디오,콘텐츠,591,20250819000195,1,감사보고서,별도,0,0,0,0,,적정,,2018년 12월 31일 까지 태율회계법인,7,강조사항|강조사항|감사의견근거|강조사항|재무제표에 대한 경영진과 지배기구의 책임|재무제표감사에 대한 감사인의 책임|기타사항
00145437,2020,주식회사 아센디오,콘텐츠,591,20210319000869,0,연결감사보고서,연결,1,0,1,1,"연결재무제표에 대한 주석 41에 주의를 기울여야 할 필요가 있습니다. 연결회사의 당기 중 당기순손실은 5,909백만원이며, 당기말 현재 누적결손금은 128,108백만원 입니다. 이러한 상황은 주석 41에서 설명하고 있는 다른 사항과 더불어 계속기업으로서의 존속능력에 유의적 의문을 제기할 만한 중요한 불확실성이 존재함을 나타냅니다. 우리의 의견은 이 사항으로부터 영향을 받지 아니합니다.",적정,,결자본변동표 및 연결현금흐름표는 태율회계법인,6,감사의견근거|계속기업 관련 중요한 불확실성|강조사항|핵심감사사항|기타사항|연결재무제표에 대한 경영진과 지배기구의 책임
00145437,2021,주식회사 아센디오,콘텐츠,591,20220321001153,0,연결감사보고서,연결,1,0,1,0,,적정,,021년 12월 31일 까지 정진세림회계법인,4,감사의견근거|핵심감사사항|기타사항|연결재무제표에 대한 경영진과 지배기구의 책임
00145437,2022,주식회사 아센디오,콘텐츠,591,20230320000827,0,연결감사보고서,연결,1,0,1,0,,적정,,021년 12월 31일 까지 정진세림회계법인,3,감사의견근거|핵심감사사항|연결재무제표에 대한 경영진과 지배기구의 책임
00145437,2023,주식회사 아센디오,콘텐츠,591,20240320001843,0,연결감사보고서,연결,1,0,1,0,,적정,,022년 12월 31일 까지 정진세림회계법인,4,감사의견근거|핵심감사사항|연결재무제표에 대한 경영진과 지배기구의 책임|강조사항
00145437,2024,주식회사 아센디오,콘텐츠,591,20250321000735,0,연결감사보고서,연결,1,0,1,0,,적정,,651(논현동) 삼원빌딩 7층 정동회계법인,5,감사의견근거|핵심감사사항|기타사항|연결재무제표에 대한 경영진과 지배기구의 책임|연결재무제표감사에 대한 감사인의 책임
00145437,2025,주식회사 아센디오,콘텐츠,591,20260318001629,0,연결감사보고서,연결,1,0,1,0,,적정,,651(논현동) 삼원빌딩 7층 정동회계법인,4,감사의견근거|핵심감사사항|연결재무제표에 대한 경영진과 지배기구의 책임|연결재무제표감사에 대한 감사인의 책임
00146427,2019,한주에이알티(주),콘텐츠,591,20200330004118,0,연결감사보고서,연결,0,0,0,0,,적정,,,5,감사의견근거|강조사항|기타사항|연결재무제표에 대한 경영진과 지배기구의 책임|연결재무제표감사에 대한 감사인의 책임
00146427,2020,한주에이알티(주),콘텐츠,591,20210318001420,0,연결감사보고서,연결,1,0,1,0,,적정,,,5,감사의견근거|핵심감사사항|강조사항|연결재무제표에 대한 경영진과 지배기구의 책임|연결재무제표감사에 대한 감사인의 책임
00146427,2021,한주에이알티(주),콘텐츠,591,20250320001348,1,연결감사보고서,연결,1,0,1,0,,적정,,8007 정진세림회계법인,10,강조사항|기타사항|강조사항|기타사항|감사의견근거|강조사항|핵심감사사항|기타사항|연결재무제표에 대한 경영진과 지배기구의 책임|연결재무제표감사에 대한 감사인의 책임
00146427,2022,한주에이알티(주),콘텐츠,591,20250321000002,1,연결감사보고서,연결,1,0,1,0,,적정,,2022년 12월 31일 까지 선진회계법인,11,강조사항|강조사항|기타사항|기타사항|기타사항|감사의견근거|강조사항|핵심감사사항|기타사항|연결재무제표에 대한 경영진과 지배기구의 책임|연결재무제표감사에 대한 감사인의 책임
00146427,2023,한주에이알티(주),콘텐츠,591,20250321000003,1,연결감사보고서,연결,1,0,1,0,,적정,,2022년 12월 31일 까지 선진회계법인,10,강조사항|강조사항|기타사항|기타사항|감사의견근거|강조사항|핵심감사사항|기타사항|연결재무제표에 대한 경영진과 지배기구의 책임|연결재무제표감사에 대한 감사인의 책임
00146427,2024,한주에이알티(주),콘텐츠,591,20250321000008,0,연결감사보고서,연결,1,0,1,1,"계속기업 관련 중요한 불확실성연결재무제표에 대한 주석 43에 주의를 기울여야 할 필요가 있습니다. 연결재무제표에 대한 주석 43에 기술하고 있는바와 같이 연결기업은 2024년 12월 31일로 종료되는 보고기간에 순손실 10,012백만원이 발생하였으며, 당기말 현재 누적결손금은 10,736백만원입니다. 주석 43에서 기술된 바와 같이, 이러한 사건이나 상황은 주석 43에서 설명하고 있는 다른 사항과 더불어 계속기업으로서의 존속능력에 유의적 의문을 제기할 만한 중요한 불확실성이 존재함을 나타냅니다. 우리의 의견은 이 사항으로부터 영향을 받지 아니합니다. 핵심감사사항 핵심감사사항은 우리의 전문가적 판단에 따라 당기 재무제표감사에서 가장 유의적인사항들입니다. 해당 사항들은 재무제표 전체에 대한 감사의 관점에서 우리의 의견형성 시 다루어졌으며, 우리는 이런 사항에 대하여 별도의 의견을 제공하지는 않습니다. 가. 영업권 손상평가 핵심감사사항으로 결정한 이유재무제표에 대한 주석 2와 17에서 기술한 바와 같이 연결기업은 당기 중 사업결합으로 취득한 영업권에 대해서 자산손상을 시사하는 징후와 관계없이 회수가능액과 장부금액을 비교하여 손상검토를 수행하고 있습니다. 연결기업은 향후 5년 동안의 재무예측과 잔존가치가 반영된 사용가치모형을 적용하여 현금창출단위의 회수가능액을 추정하였으며, 이 모형의 주요 가정은 매출성장률, 영업이익률, 장기성장률 및 할인율이 포함됩니다.연결기업의 경영진은 회수가능액 측정을 위해 독립적인 외부 전문가를 활용하였으며, 평가대상 현금창출단위의 사용가치와 평가대상 장부금액을 비교하였습니다. 당기말 현재 연결기업의 영업권 장부금액은 4,712백만원이며, 당기 중 인식한 손상차손 금액은 3,644백만원입니다.우리는 영업권에 대한 손상을 평가하는 과정이 복잡하고, 매출성장률 및 할인율을 포함한 경영진의 판단 및 추정에 따라 손상평가의 결과가 상이하게 결정될 수 있다는 점을 고려하여, 영업권 손상평가를 핵심감사사항으로 식별하였습니다. 감사에서 다루어진 방법 본 핵심감사사항에 대응하기 위한 우리의 감사절차는 다음과 같습니다. ㆍ영업권손상평가 관련 회사절차 및 내부통제를이해ㆍ현금창출단위의 사용가치 추정에 적용된 가치평가모형의 수학적인 정확성을 확인ㆍ회사측 외부전문가의 적격성, 경험 및 전문성평가와 객관성 및 독립성 검토ㆍ사용가치추정에 사용된 매출성장률, 영업이익률 및 성장률등 주요 가정에 대한 검토ㆍ미래 현금흐름추정",적정,,2023년 12월 31일 까지 선진회계법인,6,감사의견근거|강조사항|핵심감사사항|기타사항|연결재무제표에 대한 경영진과 지배기구의 책임|연결재무제표감사에 대한 감사인의 책임
00146427,2025,한주에이알티(주),콘텐츠,591,20260318000278,0,연결감사보고서,연결,1,0,0,1,"계속기업 관련 중요한 불확실성연결재무제표에 대한 주석 41에 주의를 기울여야 할 필요가 있습니다. 연결재무제표에 대한 주석 41에 기술하고 있는 바와 같이 연결회사는 2025년 12월 31일로 종료되는 보고기간에 순손실 10,455백만원이 발생하였으며, 당기말 현재 누적결손금은 21,114백만원입니다. 주석 41에서 기술된 바와 같이, 이러한 사건이나 상황은 주석 41에서 설명하고있는 다른 사항과 더불어 계속기업으로서의 존속능력에 유의적 의문을제기할 만한 중요한 불확실성이 존재함을 나타냅니다. 우리의 의견은 이 사항으로부터 영향을 받지 아니합니다. 핵심감사사항 핵심감사사항은 우리의 전문가적 판단에 따라 당기 연결재무제표감사에서 가장 유의적인사항들입니다. 해당 사항들은 연결재무제표 전체에 대한 감사의 관점에서 우리의 의견형성 시 다루어졌으며, 우리는 이런 사항에 대하여 별도의 의견을 제공하지는않습니다.- 수익인식에 대한 적정성핵심감사사항으로 결정된 이유연결회사는 고객과의 계약에서 구별되는 수행의무를 식별하고, 해당 수행의무를 이행한 시점 또는 기간에 따라 수익을 인식하고 있습니다. 매출은 주로 프랜차이즈사업 및 엔터사업에서 발생하며, 이는 연결회사 경영진이 중점적으로 관리하는 주요 성과지표일 뿐만 아니라 재무제표 이용자에게도 연결회사의 영업성과와 향후 영업전망을 나타내는 중요한 정보입니다. 이러한 특성으로 인해 매출은 목표 또는 기대치를 달성하기 위해조정될 유인이 존재하는 등 고유위험이 높은 영역으로, 수익인식 금액이 적절하지 않을 잠재적 위험이 있다고 판단됩니다. 따라서 우리는 수익인식의 적정성과 관련하여 고유 위험이 존재한다고 판단하여 본 영역을 핵심감사사항으로 선정하였습니다 . 핵심감사사항이 감사에서 다루어진 방법핵심감사사항에 대응하기 위하여 우리는 다음을 포함한 감사절차를 수행하였습니다 ㆍ연결회사의 수익 인식기준 및 회계처리 적정성 검토ㆍ수익 인식에 대한 회사 내부통제제도의 이해ㆍ보고기간 중 발생한 매출거래를 모집단으로 하여 추출된 표본에 대해 입증시사 절차 수행ㆍ보고기간 말 전후 일정 기간 동안에 발생한 매출거래 중 일부에 대해 통제가 이전되는 기간귀속이 적절한지 여부를 확인 기타사항 연결회사의 2024년 12월 31일로 종료되는 보고기간의 연결재무제표는 선진회계법인이 감사하였으며, 2025년 3월 20일자 감사보고서에는 적정의견이 표명되었습니다. 비교표시 목적으로 첨부한 2024년 12월 31일 현재의",적정,,2025년 12월 31일 까지 대주회계법인,5,강조사항|핵심감사사항|기타사항|연결재무제표에 대한 경영진과 지배기구의 책임|연결재무제표감사에 대한 감사인의 책임
00154426,2019,(주)아이에이치큐,콘텐츠,591,20200330001638,0,연결감사보고서,연결,1,0,1,0,,적정,,2018년 12월 31일 까지 삼일회계법인,4,감사의견근거|핵심감사사항|연결재무제표에 대한 경영진과 지배기구의 책임|연결재무제표감사에 대한 감사인의 책임
00154426,2020,(주)아이에이치큐,콘텐츠,591,20210318000845,0,연결감사보고서,연결,1,0,1,0,,적정,,2019년 12월 31일 까지 삼일회계법인,5,감사의견근거|강조사항|핵심감사사항|연결재무제표에 대한 경영진과 지배기구의 책임|연결재무제표감사에 대한 감사인의 책임
00154426,2021,(주)아이에이치큐,콘텐츠,591,20220315001154,0,연결감사보고서,연결,1,0,1,0,,적정,,2020년 12월 31일 까지 삼일회계법인,5,감사의견근거|강조사항|핵심감사사항|연결재무제표에 대한 경영진과 지배기구의 책임|연결재무제표감사에 대한 감사인의 책임
00154426,2022,(주)아이에이치큐,콘텐츠,591,20230406000001,0,연결감사보고서,연결,0,0,0,1,"연결재무제표에 대한 주석 48에 주의를 기울여야 할 필요가 있습니다. 연결재무제표에 대한 주석 48은 2022년 12월 31일로 종료되는 보고기간에 당기순손실 112,100백만원이 발생하였고, 재무제표일 현재로 기업의 유동부채가 유동자산보다 123,089백만원만큼 더 많음을 나타내고 있습니다. 주석 48에서 기술된 바와 같이, 이러한 사건이나 상황은 주석 48에서 설명하고 있는 다른 사항과 더불어 계속기업으로서의 존속능력에 유의적 의문을 제기할 만한 중요한 불확실성이 존재함을 나타냅니다. 우리의 의견은 이 사항으로부터 영향을 받지 아니합니다.",의견거절,"우리는 다음 사항과 관련하여 연결재무제표에 공시된 유의적 불확실성의 영향을 고려하였습니다.주요 감사절차의 제약 등우리는 2022년 12월 31일로 종료하는 보고기간 동안 발생한 연결회사의 투자 및 자금거래와 관련하여 거래의 정당성, 취득금액 및 손상차손 금액의 적정성 등에 대하여충분하고 적합한 감사증거를 확보하지 못하였습니다. 이로 인하여 연결재무제표에 포함되었을 수도 있는 왜곡표시가 당기말 현재의 재무상태, 당기의 재무성과와 현금흐름에 미치는 영향을 결정할 수 없었습니다.",2021년 12월 31일 까지 삼일회계법인,5,의견거절근거|계속기업 관련 중요한 불확실성|기타사항|연결재무제표에 대한 경영진과 지배기구의 책임|연결재무제표감사에 대한 감사인의 책임
00154426,2023,(주)아이에이치큐,콘텐츠,591,20240313001724,0,연결감사보고서,연결,0,0,0,1,"연결재무제표에 대한 주석44에 주의를 기울여야 할 필요가 있습니다. 2023년 12월 31일로 종료되는 보고기간에 영업손실 17,444백만원이 발생하였고, 보고기간말 현재로 유동부채가 유동자산을 15,321백만원 초과하고 있습니다. 주석44에서 기술된 바와 같이, 이러한 사건이나 상황은 계속기업으로서의 존속능력에 유의적 의문을 제기할 만한 중요한 불확실성이 존재함을 나타냅니다. 우리의 의견은 이 사항으로부터 영향을 받지 아니합니다.",의견거절,"(1) 당 보고기간 기초 잔액에 대한 감사범위 제한 연결회사의 2022년 12월 31일로 종료되는 보고기간의 연결재무제표는 타감사인이 감사하였으며, 이 감사인의 2023년 4월 5일자 연결감사보고서에서 감사의견을 표명하지 아니하였습니다. 이로 인하여, 당 보고기간 기초 잔액에 포함되었을 수도 있는 왜곡표시가 연결회사의 2023년 12월 31일 현재의 재무상태와 동일로 종료되는 보고기간의 재무성과 및 현금흐름 그리고 중요한 회계정책 정보를 포함한 재무제표의 주석에 미치는 영향을 결정하기 위한 충분하고 적합한 감사증거를 입수할 수 없었습니다. (2) 신뢰성 있는 연결재무제표의 미수령 및 주요 감사절차의 제약우리는 연결회사가 제시한 연결재무제표의 신뢰성과 관련하여 충분하고 적합한 감사증거를 입수할 수 없었습니다. 감사절차에 제약이 있었던 주요 내용은 당기손익-공정가치측정금융자산 및 기타포괄손익-공정가치측정금융자산에 대한 취득 및 처분과 공정가치 평가 및 손상, 관계기업 투자주식에 대한 취득 및 처분과 손상에 대한 충분하고 적합한 증거를 입수할 수 없었으며, 전환사채 및 파생상품에 대한 거래 관련 내역 및 매출채권 및 매출채권 대손충당금 산정내역에 대한 충분하고 적합한 증거를 입수할 수 없었습니다. 이와 같은 사항들의 결과, 우리는 연결회사의 2023년 12월 31일 현재의 연결재무상태표, 동일로 종료되는 보고기간의 연결포괄손익계산서, 연결자본변동표, 연결현금흐름표 그리고 중요한 회계정책 정보를 포함한 연결재무제표의 주석에 관하여 수정이 필요한지 여부를 결정할 수 없었습니다.",삼일회계법인,5,의견거절근거|계속기업 관련 중요한 불확실성|기타사항|연결재무제표에 대한 경영진과 지배기구의 책임|연결재무제표감사에 대한 감사인의 책임
00154426,2024,(주)아이에이치큐,콘텐츠,591,20250321000838,0,연결감사보고서,연결,0,0,0,0,,의견거절,"(1) 당 보고기간 기초 잔액에 대한 감사범위 제한 회사의 2023년 12월 31일로 종료하는 보고기간의 연결재무제표는 우리가 감사하였으며, 우리는 2024년 3월 13일자 감사보고서에서 감사의견을 표명하지 아니하였습니다. 동 사유로 인하여 우리는 회사의 2024년 1월 1일자 연결재무제표에 대한 충분한 증거를 확보하지 못하였습니다. 이로 인하여 기초재무제표에 포함되었을 수도 있는 왜곡표시가 2024년 12월 31일 현재의 재무상태와 동일로 종료되는 보고기간의 재무성과와 현금흐름 그리고 중요한 회계정책정보를 포함한 재무제표의 주석에 미치는 영향을 결정하기 위한 충분하고 적합한 감사증거를 확보할 수 없었습니다. (2) 일부 감사절차의 제약감사절차에 제약이 있었던 주요 내용은 당기손익-공정가치측정 금융자산 및 기타포괄손익-공정가치측정 금융자산에 대한 공정가치 평가 및 손상, 미디어사업부분 현금창출단위의 손상평가에 대한 충분하고 적합한 증거를 입수할 수 없었습니다.이와 같은 사항들의 결과, 우리는 회사의 2024년 12월 31일 현재의 연결재무상태표, 동일로 종료되는 보고기간의 연결포괄손익계산서, 연결자본변동표, 연결현금흐름표 그리고 중요한 회계정책 정보를 포함한 연결재무제표의 주석에 관하여 수정이 필요한지 여부를 결정할 수 없었습니다.",,4,의견거절근거|강조사항|연결재무제표에 대한 경영진과 지배기구의 책임|연결재무제표감사에 대한 감사인의 책임
00154426,2025,(주)아이에이치큐,콘텐츠,591,20260320000772,0,연결감사보고서,연결,0,0,0,0,,의견거절,"(1) 당 보고기간 기초 잔액에 대한 감사범위 제한회사의 2024년 12월 31일로 종료하는 보고기간의 연결재무제표는 우리가 감사하였으며, 우리는 2025년 3월 21일자 감사보고서에서 감사의견을 표명하지 아니하였습니다. 동 사유로 인하여 우리는 회사의 2025년 1월 1일자 연결재무제표에 대한 충분한 증거를 확보하지 못하였습니다. 이로 인하여 기초재무제표에 포함되었을 수도 있는 왜곡표시가 2025년 12월 31일 현재의 재무상태와 동일로 종료되는 보고기간의 재무성과와 현금흐름 그리고 중요한 회계정책정보를 포함한 재무제표의 주석에 미치는 영향을 결정하기 위한 충분하고 적합한 감사증거를 확보할 수 없었습니다. (2) 일부 감사절차의 제약감사절차에 제약이 있었던 주요 내용은 당기손익-공정가치측정 금융자산 및 기타포괄손익-공정가치측정 금융자산에 대한 공정가치 평가 및 손상, 미디어사업부분 현금창출단위의 손상평가에 대한 충분하고 적합한 증거를 입수할 수 없었습니다.이와 같은 사항들의 결과, 우리는 회사의 2025년 12월 31일 현재의 연결재무상태표,동일로 종료되는 보고기간의 연결포괄손익계산서, 연결자본변동표, 연결현금흐름표 그리고 중요한 회계정책 정보를 포함한 연결재무제표의 주석에 관하여 수정이 필요한지 여부를 결정할 수 없었습니다.",,4,의견거절근거|강조사항|연결재무제표에 대한 경영진과 지배기구의 책임|연결재무제표감사에 대한 감사인의 책임
00173449,2019,(주)빌리언스,콘텐츠,901,20200330002669,0,연결감사보고서,연결,0,0,0,0,,적정,,2019년 12월 31일 까지 대현회계법인,4,감사의견근거|기타사항|연결재무제표에 대한 경영진과 지배기구의 책임|연결재무제표감사에 대한 감사인의 책임
00173449,2020,(주)빌리언스,콘텐츠,901,20210323000833,0,연결감사보고서,연결,1,0,2,0,,적정,,,5,감사의견근거|핵심감사사항|기타사항|연결재무제표에 대한 경영진과 지배기구의 책임|연결재무제표감사에 대한 감사인의 책임
00173449,2021,(주)빌리언스,콘텐츠,901,20220323001016,0,연결감사보고서,연결,1,0,2,0,,적정,,2021년 12월 31일 까지 한길회계법인,6,감사의견근거|강조사항|핵심감사사항|기타사항|연결재무제표에 대한 경영진과 지배기구의 책임|연결재무제표감사에 대한 감사인의 책임
00173449,2022,(주)빌리언스,콘텐츠,901,20230323000515,0,연결감사보고서,연결,1,0,0,0,,적정,,2021년 12월 31일 까지 한길회계법인,5,감사의견근거|강조사항|핵심감사사항|연결재무제표에 대한 경영진과 지배기구의 책임|연결재무제표감사에 대한 감사인의 책임
00173449,2023,(주)빌리언스,콘텐츠,901,20240328001602,0,연결감사보고서,연결,1,0,0,0,,적정,,,4,감사의견근거|핵심감사사항|연결재무제표에 대한 경영진과 지배기구의 책임|연결재무제표감사에 대한 감사인의 책임
00173449,2024,(주)빌리언스,콘텐츠,901,20250312001143,0,연결감사보고서,연결,1,0,1,0,,적정,,결자본변동표 및 연결현금흐름표는 한길회계법인,5,감사의견근거|핵심감사사항|기타사항|연결재무제표에 대한 경영진과 지배기구의 책임|연결재무제표감사에 대한 감사인의 책임
00173449,2025,(주)빌리언스,콘텐츠,901,20260323000776,0,연결감사보고서,연결,1,0,0,0,,적정,,2024년 12월 31일 까지 동현회계법인,4,감사의견근거|핵심감사사항|연결재무제표에 대한 경영진과 지배기구의 책임|연결재무제표감사에 대한 감사인의 책임
00200275,2019,(주)와이티엔,콘텐츠,591,20201224000488,1,연결감사보고서,연결,1,0,1,0,,적정,,강남파이낸스센터 27층) 삼정회계법인,8,강조사항|기타사항|감사의견근거|강조사항|핵심감사사항|기타사항|연결재무제표에 대한 경영진과 지배기구의 책임|연결재무제표감사에 대한 감사인의 책임
00200275,2020,(주)와이티엔,콘텐츠,591,20210318000622,0,연결감사보고서,연결,1,0,1,0,,적정,,2020년 12월 31일 까지 삼덕회계법인,5,감사의견근거|핵심감사사항|기타사항|연결재무제표에 대한 경영진과 지배기구의 책임|연결재무제표감사에 대한 감사인의 책임
00200275,2021,(주)와이티엔,콘텐츠,591,20220323001131,0,연결감사보고서,연결,1,0,1,0,,적정,,2020년 12월 31일 까지 삼덕회계법인,4,감사의견근거|핵심감사사항|연결재무제표에 대한 경영진과 지배기구의 책임|연결재무제표감사에 대한 감사인의 책임
00200275,2022,(주)와이티엔,콘텐츠,591,20230322000905,0,감사보고서,별도,1,0,1,0,,적정,,2021년 12월 31일 까지 삼덕회계법인,4,감사의견근거|핵심감사사항|재무제표에 대한 경영진과 지배기구의 책임|재무제표감사에 대한 감사인의 책임
00200275,2023,(주)와이티엔,콘텐츠,591,20240321000526,0,감사보고서,별도,1,0,1,0,,적정,,2023년 12월 31일 까지 신한회계법인,5,감사의견근거|핵심감사사항|기타사항|재무제표에 대한 경영진과 지배기구의 책임|재무제표감사에 대한 감사인의 책임
00200275,2024,(주)와이티엔,콘텐츠,591,20250320001540,0,감사보고서,별도,1,0,1,0,,적정,,2023년 12월 31일 까지 신한회계법인,4,감사의견근거|핵심감사사항|재무제표에 대한 경영진과 지배기구의 책임|재무제표감사에 대한 감사인의 책임
00200275,2025,(주)와이티엔,콘텐츠,591,20260319001233,0,감사보고서,별도,1,0,1,0,,적정,,2024년 12월 31일 까지 신한회계법인,4,감사의견근거|핵심감사사항|재무제표에 대한 경영진과 지배기구의 책임|재무제표감사에 대한 감사인의 책임
00203315,2019,(주)콘텐트리중앙,콘텐츠,591,20200330002955,0,연결감사보고서,연결,1,0,2,0,,적정,,,4,감사의견근거|핵심감사사항|연결재무제표에 대한 경영진과 지배기구의 책임|연결재무제표감사에 대한 감사인의 책임
00203315,2020,(주)콘텐트리중앙,콘텐츠,591,20210317000814,0,연결감사보고서,연결,1,0,1,0,,적정,,종료되는 보고기간의 재무제표는 삼일회계법인,6,감사의견근거|강조사항|핵심감사사항|기타사항|연결재무제표에 대한 경영진과 지배기구의 책임|연결재무제표감사에 대한 감사인의 책임
00203315,2021,(주)콘텐트리중앙,콘텐츠,591,20220323001342,0,연결감사보고서,연결,1,0,1,0,,적정,,020년 12월 31일 까지 대성삼경회계법인,5,감사의견근거|강조사항|핵심감사사항|연결재무제표에 대한 경영진과 지배기구의 책임|연결재무제표감사에 대한 감사인의 책임
00203315,2022,(주)콘텐트리중앙,콘텐츠,591,20230321001329,0,연결감사보고서,연결,1,0,1,0,,적정,,021년 12월 31일 까지 대성삼경회계법인,5,감사의견근거|강조사항|핵심감사사항|연결재무제표에 대한 경영진과 지배기구의 책임|연결재무제표감사에 대한 감사인의 책임
00203315,2023,(주)콘텐트리중앙,콘텐츠,591,20240320001970,0,연결감사보고서,연결,1,0,1,0,,적정,,2023년 12월 31일 까지 안진회계법인,6,감사의견근거|강조사항|핵심감사사항|기타사항|연결재무제표에 대한 경영진과 지배기구의 책임|연결재무제표감사에 대한 감사인의 책임
00203315,2024,(주)콘텐트리중앙,콘텐츠,591,20250320001749,0,연결감사보고서,연결,1,0,1,0,,적정,,2023년 12월 31일 까지 안진회계법인,5,감사의견근거|강조사항|핵심감사사항|연결재무제표에 대한 경영진과 지배기구의 책임|연결재무제표감사에 대한 감사인의 책임
00203315,2025,(주)콘텐트리중앙,콘텐츠,591,20260318001520,0,연결감사보고서,연결,1,0,1,0,,적정,,2024년 12월 31일 까지 안진회계법인,4,감사의견근거|핵심감사사항|연결재무제표에 대한 경영진과 지배기구의 책임|연결재무제표감사에 대한 감사인의 책임
00204642,2019,(주)티비씨,콘텐츠,60210,20200330000512,0,연결감사보고서,연결,1,0,1,0,,적정,,,4,감사의견근거|핵심감사사항|연결재무제표에 대한 경영진과 지배기구의 책임|연결재무제표감사에 대한 감사인의 책임
00204642,2020,(주)티비씨,콘텐츠,60210,20210317000389,0,연결감사보고서,연결,1,0,1,0,,미상,,료되는 보고기간의 연결재무제표는 신한회계법인,5,감사의견근거|기타사항|핵심감사사항|연결재무제표에 대한 경영진과 지배기구의 책임|연결재무제표감사에 대한 감사인의 책임
00204642,2021,(주)티비씨,콘텐츠,60210,20220316000640,0,연결감사보고서,연결,1,0,1,0,,미상,,별시 서초구 강남대로 221 동아송강회계법인,5,감사의견근거|핵심감사사항|기타사항|연결재무제표에 대한 경영진과 지배기구의 책임|연결재무제표감사에 대한 감사인의 책임
00204642,2022,(주)티비씨,콘텐츠,60210,20230315001317,0,연결감사보고서,연결,1,0,1,0,,미상,,별시 서초구 강남대로 221 동아송강회계법인,4,감사의견근거|핵심감사사항|연결재무제표에 대한 경영진과 지배기구의 책임|연결재무제표감사에 대한 감사인의 책임
00204642,2023,(주)티비씨,콘텐츠,60210,20240321001617,0,연결감사보고서,연결,1,0,1,0,,적정,,별시 서초구 강남대로 221 동아송강회계법인,4,감사의견근거|핵심감사사항|연결재무제표에 대한 경영진과 지배기구의 책임|연결재무제표감사에 대한 감사인의 책임
00204642,2024,(주)티비씨,콘텐츠,60210,20250320000674,0,연결감사보고서,연결,1,0,1,0,,미상,,,5,감사의견근거|핵심감사사항|기타사항|연결재무제표에 대한 경영진과 지배기구의 책임|연결재무제표감사에 대한 감사인의 책임
00204642,2025,(주)티비씨,콘텐츠,60210,20260319000683,0,연결감사보고서,연결,1,0,1,0,,미상,,,4,감사의견근거|핵심감사사항|연결재무제표에 대한 경영진과 지배기구의 책임|연결재무제표감사에 대한 감사인의 책임
00207755,2019,(주)지에스홈쇼핑,콘텐츠,602,20200330002214,0,연결감사보고서,연결,1,0,0,0,,적정,,강남파이낸스센터 27층) 삼정회계법인,4,감사의견근거|핵심감사사항|연결재무제표에 대한 경영진과 지배기구의 책임|연결재무제표감사에 대한 감사인의 책임
00207755,2020,(주)지에스홈쇼핑,콘텐츠,602,20210317000112,0,연결감사보고서,연결,1,0,1,0,,적정,,종료된 보고기간의 연결재무제표는 삼정회계법인,5,감사의견근거|핵심감사사항|기타사항|연결재무제표에 대한 경영진과 지배기구의 책임|연결재무제표감사에 대한 감사인의 책임
00208134,2019,(주)케이엔엔,콘텐츠,60210,20200330000904,0,연결감사보고서,연결,1,0,1,0,,적정,,2018년 12월 31일 까지 안경회계법인,4,감사의견근거|핵심감사사항|연결재무제표에 대한 경영진과 지배기구의 책임|연결재무제표감사에 대한 감사인의 책임
00208134,2020,(주)케이엔엔,콘텐츠,60210,20210218001114,0,연결감사보고서,연결,1,0,1,0,,적정,,,5,감사의견근거|핵심감사사항|기타사항|재무제표에 대한 경영진과 지배기구의 책임|재무제표감사에 대한 감사인의 책임
00208134,2021,(주)케이엔엔,콘텐츠,60210,20220314000905,0,연결감사보고서,연결,1,0,1,0,,적정,,,4,감사의견근거|핵심감사사항|재무제표에 대한 경영진과 지배기구의 책임|재무제표감사에 대한 감사인의 책임
00208134,2022,(주)케이엔엔,콘텐츠,60210,20230315001086,0,연결감사보고서,연결,1,0,1,0,,적정,,,4,감사의견근거|핵심감사사항|재무제표에 대한 경영진과 지배기구의 책임|재무제표감사에 대한 감사인의 책임
00208134,2023,(주)케이엔엔,콘텐츠,60210,20240313001296,0,연결감사보고서,연결,1,0,1,0,,적정,,용 1 2023년 06월 14일 안경회계법인,5,감사의견근거|핵심감사사항|기타사항|재무제표에 대한 경영진과 지배기구의 책임|재무제표감사에 대한 감사인의 책임
00208134,2024,(주)케이엔엔,콘텐츠,60210,20250313000812,0,연결감사보고서,연결,1,0,1,0,,적정,,차 3 2024년 10월 24일 안경회계법인,4,감사의견근거|핵심감사사항|재무제표에 대한 경영진과 지배기구의 책임|재무제표감사에 대한 감사인의 책임
00208134,2025,(주)케이엔엔,콘텐츠,60210,20260316000737,0,연결감사보고서,연결,1,0,1,0,,적정,,용 1 2025년 06월 24일 안경회계법인,4,감사의견근거|핵심감사사항|재무제표에 대한 경영진과 지배기구의 책임|재무제표감사에 대한 감사인의 책임
00222532,2019,(주)엘지헬로비전,콘텐츠,60222,20200330004028,0,연결감사보고서,연결,1,0,2,0,,적정,,,6,감사의견근거|강조사항|핵심감사사항|연결재무제표에 대한 경영진과 지배기구의 책임|연결재무제표감사에 대한 감사인의 책임|기타사항
00222532,2020,(주)엘지헬로비전,콘텐츠,60222,20210304000345,0,연결감사보고서,연결,1,0,1,0,,적정,,,4,감사의견근거|핵심감사사항|연결재무제표에 대한 경영진과 지배기구의 책임|연결재무제표감사에 대한 감사인의 책임
00222532,2021,(주)엘지헬로비전,콘텐츠,60222,20220303000727,0,연결감사보고서,연결,1,0,1,0,,적정,,2020년 12월 31일 까지 안진회계법인,4,감사의견근거|핵심감사사항|연결재무제표에 대한 경영진과 지배기구의 책임|연결재무제표감사에 대한 감사인의 책임
00222532,2022,(주)엘지헬로비전,콘텐츠,60222,20230302000630,0,연결감사보고서,연결,1,0,0,0,,적정,,2021년 12월 31일 까지 안진회계법인,4,감사의견근거|핵심감사사항|연결재무제표에 대한 경영진과 지배기구의 책임|연결재무제표감사에 대한 감사인의 책임
00222532,2023,(주)엘지헬로비전,콘텐츠,60222,20240306000614,0,연결감사보고서,연결,1,0,0,0,,적정,,2022년 12월 31일 까지 안진회계법인,4,감사의견근거|핵심감사사항|연결재무제표에 대한 경영진과 지배기구의 책임|연결재무제표감사에 대한 감사인의 책임
00222532,2024,(주)엘지헬로비전,콘텐츠,60222,20250306000713,0,연결감사보고서,연결,1,0,0,0,,적정,,2023년 12월 31일 까지 안진회계법인,4,감사의견근거|핵심감사사항|연결재무제표에 대한 경영진과 지배기구의 책임|연결재무제표감사에 대한 감사인의 책임
00222532,2025,(주)엘지헬로비전,콘텐츠,60222,20260316000756,0,연결감사보고서,연결,1,0,1,0,,적정,,2025년 12월 31일 까지 삼정회계법인,5,감사의견근거|핵심감사사항|기타사항|연결재무제표에 대한 경영진과 지배기구의 책임|연결재무제표감사에 대한 감사인의 책임
00223762,2019,(주)케이티지니뮤직,콘텐츠,603,20200330004502,0,감사보고서,별도,1,0,0,0,,적정,,삼정회계법인,4,감사의견근거|강조사항|핵심감사사항|재무제표감사에 대한 감사인의 책임
00223762,2020,(주)케이티지니뮤직,콘텐츠,603,20210316000511,0,감사보고서,별도,1,0,1,0,,적정,,종료되는 보고기간의 재무제표는 삼정회계법인,5,감사의견근거|핵심감사사항|기타사항|재무제표에 대한 경영진과 지배기구의 책임|재무제표감사에 대한 감사인의 책임
00223762,2021,(주)케이티지니뮤직,콘텐츠,603,20220321001520,0,연결감사보고서,연결,1,0,2,0,,적정,,,5,감사의견근거|강조사항|핵심감사사항|연결재무제표에 대한 경영진과 지배기구의 책임|연결재무제표감사에 대한 감사인의 책임
00223762,2022,(주)케이티지니뮤직,콘텐츠,603,20230323000549,0,연결감사보고서,연결,1,0,1,0,,적정,,,4,감사의견근거|핵심감사사항|연결재무제표에 대한 경영진과 지배기구의 책임|연결재무제표감사에 대한 감사인의 책임
00223762,2023,(주)케이티지니뮤직,콘텐츠,603,20240320000488,0,연결감사보고서,연결,1,0,1,0,,적정,,강남파이낸스센터 27층) 삼정회계법인,5,감사의견근거|핵심감사사항|기타사항|연결재무제표에 대한 경영진과 지배기구의 책임|연결재무제표감사에 대한 감사인의 책임
00223762,2024,(주)케이티지니뮤직,콘텐츠,603,20250318000473,0,연결감사보고서,연결,1,0,1,0,,적정,,강남파이낸스센터 27층) 삼정회계법인,4,감사의견근거|핵심감사사항|연결재무제표에 대한 경영진과 지배기구의 책임|연결재무제표감사에 대한 감사인의 책임
00223762,2025,(주)케이티지니뮤직,콘텐츠,603,20260318000742,0,연결감사보고서,연결,1,0,1,0,,적정,,2024년 12월 31일 까지 안진회계법인,5,감사의견근거|핵심감사사항|연결재무제표에 대한 경영진과 지배기구의 책임|연결재무제표감사에 대한 감사인의 책임|기타사항
00230036,2019,(주)드래곤플라이,게임,5821,20200327000745,0,연결감사보고서,연결,0,0,0,0,,적정,,강남파이낸스센터 27층) 삼정회계법인,4,감사의견근거|강조사항|연결재무제표에 대한 경영진과 지배기구의 책임|연결재무제표감사에 대한 감사인의 책임
00230036,2020,(주)드래곤플라이,게임,5821,20210315001026,0,연결감사보고서,연결,1,0,1,0,,적정,,2019년 12월 31일 까지 삼정회계법인,3,감사의견근거|핵심감사사항|연결재무제표감사에 대한 감사인의 책임
00230036,2021,(주)드래곤플라이,게임,5821,20220317000714,0,연결감사보고서,연결,1,0,1,0,,적정,,료되는 보고기간의 연결재무제표는 삼정회계법인,5,감사의견근거|핵심감사사항|기타사항|연결재무제표에 대한 경영진과 지배기구의 책임|연결재무제표감사에 대한 감사인의 책임
00230036,2022,(주)드래곤플라이,게임,5821,20230316000971,0,연결감사보고서,연결,1,0,1,0,,적정,,2021년 12월 31일 까지 선진회계법인,4,감사의견근거|핵심감사사항|연결재무제표에 대한 경영진과 지배기구의 책임|연결재무제표감사에 대한 감사인의 책임
00230036,2023,(주)드래곤플라이,게임,5821,20240314001678,0,연결감사보고서,연결,1,0,1,0,,적정,,2022년 12월 31일 까지 선진회계법인,4,감사의견근거|핵심감사사항|연결재무제표에 대한 경영진과 지배기구의 책임|연결재무제표감사에 대한 감사인의 책임
00230036,2024,(주)드래곤플라이,게임,5821,20250324000194,0,연결감사보고서,연결,0,0,0,0,,의견거절,"연결회사의 연결재무제표는 연결회사가 계속기업으로서 존속한다는 가정을 전제로 작성되었으므로 연결회사의 자산과 부채가 정상적인 사업활동과정을 통하여 회수되거나 상환될 수 있다는 가정 하에 회계처리되었습니다. 그러나 재무제표에 기재된 바와 같이 연결회사는 2024년 12월 31일로 종료되는 보고기간에 9,650백만원의 영업손실과 14,200백만원의 당기순손실 및 6,915백만원의 영업활동 순현금유출이 발생하였습니다. 그리고 보고기간 종료일 현재 유동부채가 유동자산을 4,138백만원 초과하고 있습니다. 이러한 상황은 연결회사의 계속기업으로서의 존속능력에 대하여 유의적인 의문을 초래합니다. 연결회사가 계속기업으로서 존속할지의 여부는 향후 자금조달계획과 경영성과 개선을 통한 재무개선 계획 등의 성패에 따라 좌우되는 중요한 불확실성을 내포하고 있습니다. 그러나 우리는 이러한 불확실성의 최종결과로 발생될 수도 있는 자산과 부채 및 관련 손익항목에 대한 수정을 위해 이를 합리적으로 추정할 수 있는 감사증거를 확보할 수 없었습니다.",2024년 12월 31일 까지 삼일회계법인,4,의견거절근거|기타사항|연결재무제표에 대한 경영진과 지배기구의 책임|연결재무제표감사에 대한 감사인의 책임
00230036,2025,(주)드래곤플라이,게임,5821,20260323001648,0,연결감사보고서,연결,1,0,0,0,,적정,,2024년 12월 31일 까지 삼일회계법인,5,감사의견근거|핵심감사사항|기타사항|연결재무제표에 대한 경영진과 지배기구의 책임|연결재무제표감사에 대한 감사인의 책임
00231691,2019,(주)판타지오,콘텐츠,901,20200330002130,0,연결감사보고서,연결,0,0,0,1,"본 보고서의 이용자는 연결재무제표에 대한 주석 35에 주의를 기울여야 할 필요가 있습니다. 2019년 12월 31일로 종료되는 보고기간에 순손실 15,835백만원이 발생하였으며 당기 말 현재 누적결손금이 75,881백만원입니다. 당기 말 현재 연결실체는 특수관계자 채권 22,729백만원원에 대하여 회수가 불확실하다고 판단하여 20,529백만원을 손상처리 하였습니다. 이러한 사건이나 상황은 주석 35에서 설명하고 있는 다른 사항과 더불어 계속기업으로서의 존속능력에 유의적 의문을 제기할 만한 중요한 불확실성이 존재함을 나타냅니다. 우리의 의견은 이 사항으로부터 영향을 받지 아니합니다.",적정,,018년 12월 31일 까지 성도이현회계법인,4,감사의견 근거|계속기업 관련 중요한 불확실성|연결재무제표에 대한 경영진과 지배기구의 책임|연결재무제표감사에 대한 감사인의 책임
00231691,2020,(주)판타지오,콘텐츠,901,20210317000429,0,연결감사보고서,연결,1,0,2,0,,적정,,2019년 12월 31일 까지 성현회계법인,4,감사의견근거|핵심감사사항|연결재무제표에 대한 경영진과 지배기구의 책임|연결재무제표감사에 대한 감사인의 책임
00231691,2021,(주)판타지오,콘텐츠,901,20220318000737,0,연결감사보고서,연결,1,0,3,0,,적정,,,4,감사의견 근거|핵심감사사항|연결재무제표에 대한 경영진과 지배기구의 책임|연결재무제표감사에 대한 감사인의 책임
00231691,2022,(주)판타지오,콘텐츠,901,20220914000075,0,연결감사보고서,연결,1,0,1,0,,적정,,2022년 06월 30일 까지 신우회계법인,6,감사의견근거|강조사항|핵심감사사항|기타사항|연결재무제표에 대한 경영진과 지배기구의 책임|연결재무제표감사에 대한 감사인의 책임
00231691,2023,(주)판타지오,콘텐츠,901,20230915000455,0,연결감사보고서,연결,1,0,1,0,,적정,,2022년 06월 30일 까지 신우회계법인,5,감사의견근거|강조사항|핵심감사사항|연결재무제표에 대한 경영진과 지배기구의 책임|연결재무제표감사에 대한 감사인의 책임
00231691,2024,(주)판타지오,콘텐츠,901,20240919000261,0,연결감사보고서,연결,1,0,1,0,,적정,,2023년 06월 30일 까지 신우회계법인,4,감사의견근거|핵심감사사항|연결재무제표에 대한 경영진과 지배기구의 책임|연결재무제표감사에 대한 감사인의 책임
00231691,2025,(주)판타지오,콘텐츠,901,20250917000341,0,연결감사보고서,연결,1,0,0,0,,적정,,2025년 06월 30일 까지 삼덕회계법인,5,감사의견근거|핵심감사사항|기타사항|연결재무제표에 대한 경영진과 지배기구의 책임|연결재무제표감사에 대한 감사인의 책임
00249441,2019,(주)씨씨에스충북방송,콘텐츠,60222,20200330001575,0,연결감사보고서,연결,0,0,0,1,"연결재무제표 대한 주석 40에 주의를 기울여야 할 필요가 있습니다. 연결재무제표에 대한 주석 40에서 설명하고 있는 바와 같이 연결회사의 종합유선방송사업에 대한 재허가 유효기간 만료일은 2018년 7월 31일로, 연결회사가 종합유선방송 사업을 계속적으로 영위하기 위해서는 과학기술정보통신부장관의 재허가와 이를 위한 방송통신위원회의 사전동의가 필요합니다. 이에 연결회사는 2018년 1월 30일 종합유선방송사업에 대한 허가를 신청하였으나, 2018년 7월 16일 방송통신위원회는 연결회사의 재허가 사전동의 요청에 대하여 부동의하는 결정을 하였고 과학기술정보통신부는 2018년 9월 5일 종합유선방송사업에 대한 재허가를 거부하였습니다. 현재 이와 관련하여 '재허가거부 처분 취소의소'가 서울행정법원에 계류 중이며 재허가 거부처분의 효력은 정지되어 있으나 소송의 결과에 따라 연결회사는 방송사업을 계속적으로 영위하는 것이 불가능할 수 있습니다 주석 40에서 기술된 바와 같이, 이러한 사건이나 상황은 주석에서 설명하고 있는 다른 사항과 더불어 계속기업으로서의 존속능력에 유의적 의문을 제기할 만한 중요한 불확실성이 존재함을 나타냅니다. 우리의 의견은 이 사항으로부터 영향을 받지 아니합니다.",적정,,2019년 12월 31일 까지 세정회계법인,5,강조사항|계속기업 관련 중요한 불확실성|기타사항|재무제표에 대한 경영진과 지배기구의 책임|재무제표감사에 대한 감사인의 책임
00249441,2020,(주)씨씨에스충북방송,콘텐츠,60222,20210322000376,0,연결감사보고서,연결,1,0,2,1,재무제표에 대한 주석 41에 주의를 기울여야 할 필요가 있습니다. 그 동안 회사는 과학기술정보통신부로부터 종합유선방송사업에 대한 재허가 거부처분을 받아 회사의 계속기업관련 중요한 불확실성 상황에 놓여 있었으나 2020년 12월 2일 재허가 승인을 받아 종합유선방송사업을 지속할 수 있게 되었습니다. 그러나 2020년 12월 31일 현재 회사는 발행주식의 매매가 거래정지 되고 있으며 2021년 1월 12일 코스닥시장위원회는 개선계획 이행내역 등과 관련하여 추가적인 확인을 위해 추후 심의를 속개하기로 결정하여 감사보고서일 현재 회사 발행주식의 매매거래정지가 지속되고 있습니다. 이러한 사건이나 상황은 주석 41에서 설명하고 있는 바와 같이 계속기업으로서의 존속능력에 유의적 의문을 제기할 만한 중요한 불확실성이 존재할 수 있다고 판단됩니다. 우리의 의견은 이 사항으로부터 영향을 받지 아니합니다,적정,,020년 12월 31일 까지 대성삼경회계법인,6,계속기업관련 중요한 불확실성|강조사항|핵심감사사항|기타사항|재무제표에 대한 경영진과 지배기구의 책임|재무제표감사에 대한 감사인의 책임
00249441,2021,(주)씨씨에스충북방송,콘텐츠,60222,20220321000539,0,연결감사보고서,연결,1,0,2,0,,적정,,,5,감사의견근거|핵심감사사항|기타사항|연결재무제표에 대한 경영진과 지배기구의 책임|연결재무제표감사에 대한 감사인의 책임
00249441,2022,(주)씨씨에스충북방송,콘텐츠,60222,20230320000593,0,연결감사보고서,연결,1,0,1,0,,미상,,별시 서초구 강남대로 221 동아송강회계법인,5,감사의견근거|핵심감사사항|기타사항|연결재무제표에 대한 경영진과 지배기구의 책임|연결재무제표감사에 대한 감사인의 책임
00249441,2023,(주)씨씨에스충북방송,콘텐츠,60222,20240320001271,0,연결감사보고서,연결,1,0,1,0,,미상,,별시 서초구 강남대로 221 동아송강회계법인,5,감사의견근거|강조사항|핵심감사사항|연결재무제표에 대한 경영진과 지배기구의 책임|연결재무제표감사에 대한 감사인의 책임
00249441,2024,(주)씨씨에스충북방송,콘텐츠,60222,20250318000259,0,연결감사보고서,연결,1,0,0,0,,적정,,보고기간의 연결 재무제표는 동아송강회계법인,6,감사의견근거|강조사항|핵심감사사항|기타사항|재무제표에 대한 경영진과 지배기구의 책임|재무제표감사에 대한 감사인의 책임
00249441,2025,(주)씨씨에스충북방송,콘텐츠,60222,20260323001734,0,연결감사보고서,연결,1,0,1,0,,적정,,2025년 12월 31일 까지 안진회계법인,6,감사의견근거|강조사항|핵심감사사항|기타사항|연결재무제표에 대한 경영진과 지배기구의 책임|연결재무제표감사에 대한 감사인의 책임
00258689,2019,(주)제이와이피엔터테인먼트,콘텐츠,59201,20200330003245,0,연결감사보고서,연결,1,0,2,0,,적정,,2018년 12월 31일 까지 한미회계법인,4,감사의견근거|핵심감사사항|연결재무제표에 대한 경영진과 지배기구의 책임|연결재무제표감사에 대한 감사인의 책임
00258689,2020,(주)제이와이피엔터테인먼트,콘텐츠,59201,20210318001273,0,연결감사보고서,연결,1,0,2,0,,적정,,2019년 12월 31일 까지 한미회계법인,4,감사의견근거|핵심감사사항|연결재무제표에 대한 경영진과 지배기구의 책임|연결재무제표감사에 대한 감사인의 책임
00258689,2021,(주)제이와이피엔터테인먼트,콘텐츠,59201,20220321001029,0,연결감사보고서,연결,1,0,2,0,,적정,,우진빌딩 5층) 이정회계법인,5,감사의견근거|기타사항|핵심감사사항|연결재무제표에 대한 경영진과 지배기구의 책임|연결재무제표감사에 대한 감사인의 책임
00258689,2022,(주)제이와이피엔터테인먼트,콘텐츠,59201,20230320000741,0,연결감사보고서,연결,1,0,2,0,,적정,,우진빌딩 5층) 이정회계법인,4,감사의견근거|핵심감사사항|연결재무제표에 대한 경영진과 지배기구의 책임|연결재무제표감사에 대한 감사인의 책임
00258689,2023,(주)제이와이피엔터테인먼트,콘텐츠,59201,20240318000479,0,연결감사보고서,연결,1,0,1,0,,적정,,2022년 12월 31일 까지 이정회계법인,4,감사의견근거|핵심감사사항|연결재무제표에 대한 경영진과 지배기구의 책임|연결재무제표감사에 대한 감사인의 책임
00258689,2024,(주)제이와이피엔터테인먼트,콘텐츠,59201,20250317000598,0,연결감사보고서,연결,1,0,1,0,,적정,,2024년 12월 31일 까지 삼정회계법인,5,감사의견근거|핵심감사사항|기타사항|연결재무제표에 대한 경영진과 지배기구의 책임|연결재무제표감사에 대한 감사인의 책임
00258689,2025,(주)제이와이피엔터테인먼트,콘텐츠,59201,20260318001519,0,연결감사보고서,연결,1,0,1,0,,적정,,2024년 12월 31일 까지 삼정회계법인,4,감사의견근거|핵심감사사항|연결재무제표에 대한 경영진과 지배기구의 책임|연결재무제표감사에 대한 감사인의 책임
00259590,2019,(주)바른손이앤에이,콘텐츠,591,20200330001573,0,연결감사보고서,연결,1,0,1,0,,적정,,별시 강남구 남부순환로 2913 대주회계법인,4,감사의견근거|핵심감사사항|연결재무제표에 대한 경영진과 지배기구의 책임|연결재무제표감사에 대한 감사인의 책임
00259590,2020,(주)바른손이앤에이,콘텐츠,591,20210322001072,0,연결감사보고서,연결,1,0,0,0,,적정,,별시 강남구 남부순환로 2913 대주회계법인,4,감사의견근거|핵심감사사항|연결재무제표에 대한 경영진과 지배기구의 책임|연결재무제표감사에 대한 감사인의 책임
00259590,2021,(주)바른손이앤에이,콘텐츠,591,20220322000831,0,연결감사보고서,연결,1,0,1,0,,적정,,부터 2021년 12월 31일 까지 회계법인,5,감사의견근거|핵심감사사항|기타사항|연결재무제표에 대한 경영진과 지배기구의 책임|연결재무제표감사에 대한 감사인의 책임
00259590,2022,(주)바른손이앤에이,콘텐츠,591,20230322001107,0,연결감사보고서,연결,1,0,1,0,,적정,,부터 2021년 12월 31일 까지 회계법인,4,감사의견근거|핵심감사사항|연결재무제표에 대한 경영진과 지배기구의 책임|연결재무제표감사에 대한 감사인의 책임
00259590,2023,(주)바른손이앤에이,콘텐츠,591,20240320001486,0,연결감사보고서,연결,1,0,2,0,,적정,,부터 2022년 12월 31일 까지 회계법인,4,감사의견근거|핵심감사사항|연결재무제표에 대한 경영진과 지배기구의 책임|연결재무제표감사에 대한 감사인의 책임
00259590,2024,(주)바른손이앤에이,콘텐츠,591,20250320001242,0,연결감사보고서,연결,1,0,2,0,,적정,,2024년 12월 31일 까지 예일회계법인,5,감사의견근거|핵심감사사항|기타사항|연결재무제표에 대한 경영진과 지배기구의 책임|연결재무제표감사에 대한 감사인의 책임
00259590,2025,(주)바른손이앤에이,콘텐츠,591,20260320001010,0,연결감사보고서,연결,1,0,2,0,,적정,,2024년 12월 31일 까지 예일회계법인,4,감사의견근거|핵심감사사항|연결재무제표에 대한 경영진과 지배기구의 책임|연결재무제표감사에 대한 감사인의 책임
00260930,2019,(주)에스엠엔터테인먼트,콘텐츠,59201,20200330004089,0,연결감사보고서,연결,1,0,1,0,,적정,,2018년 12월 31일 까지 삼일회계법인,4,감사의견근거|핵심감사사항|연결재무제표에 대한 경영진과 지배기구의 책임|연결재무제표감사에 대한 감사인의 책임
00260930,2020,(주)에스엠엔터테인먼트,콘텐츠,59201,20210322001115,0,연결감사보고서,연결,1,0,1,0,,적정,,2020년 12월 31일 까지 삼정회계법인,6,감사의견근거|강조사항|핵심감사사항|기타사항|연결재무제표에 대한 경영진과 지배기구의 책임|연결재무제표감사에 대한 감사인의 책임
00260930,2021,(주)에스엠엔터테인먼트,콘텐츠,59201,20220323001290,0,연결감사보고서,연결,1,0,1,0,,적정,,2020년 12월 31일 까지 삼정회계법인,4,감사의견근거|핵심감사사항|연결재무제표에 대한 경영진과 지배기구의 책임|연결재무제표감사에 대한 감사인의 책임
00260930,2022,(주)에스엠엔터테인먼트,콘텐츠,59201,20230323001460,0,연결감사보고서,연결,1,0,1,0,,적정,,강남파이낸스센터 27층) 삼정회계법인,4,감사의견근거|핵심감사사항|연결재무제표에 대한 경영진과 지배기구의 책임|연결재무제표감사에 대한 감사인의 책임
00260930,2023,(주)에스엠엔터테인먼트,콘텐츠,59201,20240319000808,0,연결감사보고서,연결,1,0,1,0,,적정,,2023년 12월 31일 까지 삼일회계법인,5,감사의견근거|핵심감사사항|기타사항|연결재무제표에 대한 경영진과 지배기구의 책임|연결재무제표감사에 대한 감사인의 책임
00260930,2024,(주)에스엠엔터테인먼트,콘텐츠,59201,20250317000813,0,연결감사보고서,연결,1,0,0,0,,적정,,2024년 12월 31일 까지 삼정회계법인,4,감사의견근거|핵심감사사항|기타사항|연결재무제표에 대한 경영진과 지배기구의 책임
00260930,2025,(주)에스엠엔터테인먼트,콘텐츠,59201,20260317000781,0,연결감사보고서,연결,1,0,0,0,,적정,,2024년 12월 31일 까지 삼정회계법인,3,감사의견근거|핵심감사사항|연결재무제표에 대한 경영진과 지배기구의 책임
00263371,2019,(주)한국경제티브이,콘텐츠,60221,20200327002059,0,연결감사보고서,연결,1,0,1,0,,적정,,2018년 12월 31일 까지 삼일회계법인,4,감사의견근거|핵심감사사항|연결재무제표에 대한 경영진과 지배기구의 책임|연결재무제표감사에 대한 감사인의 책임
00263371,2020,(주)한국경제티브이,콘텐츠,60221,20210318000764,0,연결감사보고서,연결,1,0,1,0,,적정,,2019년 12월 31일 까지 삼일회계법인,5,감사의견근거|강조사항|핵심감사사항|연결재무제표에 대한 경영진과 지배기구의 책임|연결재무제표감사에 대한 감사인의 책임
00263371,2021,(주)한국경제티브이,콘텐츠,60221,20220317000615,0,연결감사보고서,연결,1,0,1,0,,적정,,2021년 12월 31일 까지 대주회계법인,5,감사의견근거|핵심감사사항|기타사항|재무제표에 대한 경영진과 지배기구의 책임|재무제표감사에 대한 감사인의 책임
00263371,2022,(주)한국경제티브이,콘텐츠,60221,20230316000338,0,연결감사보고서,연결,1,0,1,0,,적정,,2021년 12월 31일 까지 대주회계법인,3,감사의견근거|핵심감사사항|재무제표감사에 대한 감사인의 책임
00263371,2023,(주)한국경제티브이,콘텐츠,60221,20240314001190,0,연결감사보고서,연결,1,0,1,0,,적정,,2022년 12월 31일 까지 대주회계법인,3,감사의견근거|핵심감사사항|재무제표감사에 대한 감사인의 책임
00263371,2024,(주)한국경제티브이,콘텐츠,60221,20250320000818,0,연결감사보고서,연결,1,0,1,0,,미상,,2024년 12월 31일 까지 삼일회계법인,5,감사의견근거|핵심감사사항|기타사항|연결재무제표에 대한 경영진과 지배기구의 책임|연결재무제표감사에 대한 감사인의 책임
00263371,2025,(주)한국경제티브이,콘텐츠,60221,20260319000516,0,연결감사보고서,연결,1,0,0,0,,적정,,2024년 12월 31일 까지 삼일회계법인,4,감사의견근거|핵심감사사항|연결재무제표에 대한 경영진과 지배기구의 책임|연결재무제표감사에 대한 감사인의 책임
00265324,2019,(주)씨제이이엔엠,콘텐츠,602,20200330004766,0,연결감사보고서,연결,1,0,2,0,,적정,,2018년 12월 31일 까지 삼일회계법인,4,감사의견근거|핵심감사사항|연결재무제표에 대한 경영진과 지배기구의 책임|연결재무제표감사에 대한 감사인의 책임
00265324,2020,(주)씨제이이엔엠,콘텐츠,602,20210322000740,0,연결감사보고서,연결,1,0,1,0,,적정,,2019년 12월 31일 까지 삼일회계법인,5,감사의견근거|핵심감사사항|강조사항|연결재무제표에 대한 경영진과 지배기구의 책임|재무제표감사에 대한 감사인의 책임
00265324,2021,(주)씨제이이엔엠,콘텐츠,602,20220321001256,0,연결감사보고서,연결,1,0,1,0,,적정,,2020년 12월 31일 까지 삼일회계법인,5,감사의견근거|핵심감사사항|강조사항|연결재무제표에 대한 경영진과 지배기구의 책임|재무제표감사에 대한 감사인의 책임
00265324,2022,(주)씨제이이엔엠,콘텐츠,602,20230320000724,0,연결감사보고서,연결,1,0,1,0,,적정,,2022년 12월 31일 까지 삼정회계법인,5,감사의견근거|핵심감사사항|기타사항|연결재무제표에 대한 경영진과 지배기구의 책임|연결재무제표감사에 대한 감사인의 책임
00265324,2023,(주)씨제이이엔엠,콘텐츠,602,20240318000857,0,연결감사보고서,연결,1,0,1,0,,적정,,강남파이낸스센터 27층) 삼정회계법인,4,감사의견근거|핵심감사사항|연결재무제표에 대한 경영진과 지배기구의 책임|연결재무제표감사에 대한 감사인의 책임
00265324,2024,(주)씨제이이엔엠,콘텐츠,602,20250319000884,0,연결감사보고서,연결,1,0,1,0,,적정,,강남파이낸스센터 27층) 삼정회계법인,4,감사의견근거|핵심감사사항|연결재무제표에 대한 경영진과 지배기구의 책임|연결재무제표감사에 대한 감사인의 책임
00265324,2025,(주)씨제이이엔엠,콘텐츠,602,20260318001469,0,연결감사보고서,연결,1,0,1,0,,적정,,2025년 12월 31일 까지 삼일회계법인,5,감사의견근거|핵심감사사항|기타사항|연결재무제표에 대한 경영진과 지배기구의 책임|연결재무제표감사에 대한 감사인의 책임
00266943,2019,넥슨지티(주),게임,5821,20200330003825,0,연결감사보고서,연결,1,0,1,0,,적정,,2018년 12월 31일 까지 삼일회계법인,4,감사의견근거|핵심감사사항|연결재무제표에 대한 경영진과 지배기구의 책임|연결재무제표감사에 대한 감사인의 책임
00266943,2020,넥슨지티(주),게임,5821,20210317000666,0,연결감사보고서,연결,1,0,1,0,,적정,,2019년 12월 31일 까지 삼일회계법인,4,감사의견근거|핵심감사사항|연결재무제표에 대한 경영진과 지배기구의 책임|연결재무제표감사에 대한 감사인의 책임
00266943,2021,넥슨지티(주),게임,5821,20220317000812,0,연결감사보고서,연결,1,0,1,0,,적정,,삼일회계법인,5,감사의견 근거|핵심감사사항|기타사항|연결재무제표에 대한 경영진과 지배기구의 책임|연결재무제표감사에 대한 감사인의 책임
00280688,2019,스튜디오에스(주),콘텐츠,591,20200330002703,0,연결감사보고서,연결,1,0,1,0,,적정,,2018년 12월 31일 까지 한영회계법인,4,감사의견근거|핵심감사사항|연결재무제표에 대한 경영진과 지배기구의 책임|연결재무제표감사에 대한 감사인의 책임
00280688,2020,스튜디오에스(주),콘텐츠,591,20210318000705,0,연결감사보고서,연결,1,0,1,0,,적정,,2019년 12월 31일 까지 한영회계법인,4,감사의견근거|핵심감사사항|연결재무제표에 대한 경영진과 지배기구의 책임|연결재무제표감사에 대한 감사인의 책임
00280688,2021,스튜디오에스(주),콘텐츠,591,20220317001191,0,연결감사보고서,연결,1,0,1,0,,적정,,2020년 12월 31일 까지 한영회계법인,4,감사의견근거|핵심감사사항|연결재무제표에 대한 경영진과 지배기구의 책임|연결재무제표감사에 대한 감사인의 책임
00280688,2022,스튜디오에스(주),콘텐츠,591,20230315001296,0,연결감사보고서,연결,1,0,1,0,,적정,,2021년 12월 31일 까지 한영회계법인,4,감사의견근거|핵심감사사항|연결재무제표에 대한 경영진과 지배기구의 책임|연결재무제표감사에 대한 감사인의 책임
00280688,2023,스튜디오에스(주),콘텐츠,591,20240321001065,0,연결감사보고서,연결,0,0,0,0,,적정,,2022년 12월 31일 까지 한영회계법인,3,감사의견근거|연결재무제표에 대한 경영진과 지배기구의 책임|연결재무제표감사에 대한 감사인의 책임
00299464,2019,(주)초록뱀미디어,콘텐츠,59114,20210322000479,1,연결감사보고서,연결,1,0,2,0,,적정,,2018년 12월 31일 까지 성현회계법인,6,감사의견근거|강조사항|핵심감사사항|기타사항|연결재무제표에 대한 경영진과 지배기구의 책임|연결재무제표감사에 대한 감사인의 책임
00299464,2020,(주)초록뱀미디어,콘텐츠,59114,20210322000509,0,연결감사보고서,연결,1,0,2,0,,적정,,2020년 12월 31일 까지 동현회계법인,5,감사의견근거|핵심감사사항|기타사항|연결재무제표에 대한 경영진과 지배기구의 책임|연결재무제표감사에 대한 감사인의 책임
00299464,2021,(주)초록뱀미디어,콘텐츠,59114,20220322001073,0,연결감사보고서,연결,1,0,1,0,,적정,,2021년 12월 31일 까지 삼일회계법인,6,감사의견근거|핵심감사사항|강조사항|기타사항|연결재무제표에 대한 경영진과 지배기구의 책임|연결재무제표감사에 대한 감사인의 책임
00299464,2022,(주)초록뱀미디어,콘텐츠,59114,20230322001131,0,연결감사보고서,연결,1,0,0,0,,적정,,2021년 12월 31일 까지 삼일회계법인,4,감사의견근거|핵심감사사항|연결재무제표에 대한 경영진과 지배기구의 책임|연결재무제표감사에 대한 감사인의 책임
00299464,2023,(주)초록뱀미디어,콘텐츠,59114,20240320001829,0,연결감사보고서,연결,1,0,2,0,,적정,,2022년 12월 31일 까지 삼일회계법인,5,감사의견근거|핵심감사사항|강조사항|연결재무제표에 대한 경영진과 지배기구의 책임|연결재무제표감사에 대한 감사인의 책임
00299464,2024,(주)초록뱀미디어,콘텐츠,59114,20250321001771,0,연결감사보고서,연결,1,0,2,0,,적정,,2023년 12월 31일 까지 삼일회계법인,5,감사의견근거|핵심감사사항|강조사항|연결재무제표에 대한 경영진과 지배기구의 책임|연결재무제표감사에 대한 감사인의 책임
00299464,2025,(주)초록뱀미디어,콘텐츠,59114,20260323000926,0,연결감사보고서,연결,1,0,1,0,,적정,,2024년 12월 31일 까지 삼일회계법인,4,감사의견근거|핵심감사사항|연결재무제표에 대한 경영진과 지배기구의 책임|연결재무제표감사에 대한 감사인의 책임
00301112,2019,(주)삼화네트웍스,콘텐츠,59120,20200327001117,0,연결감사보고서,연결,0,0,0,0,,적정,,2018년 12월 31일 까지 대주회계법인,3,감사의견근거|재무제표에 대한 경영진과 지배기구의 책임|재무제표감사에 대한 감사인의 책임
00301112,2020,(주)삼화네트웍스,콘텐츠,59120,20210322000251,0,연결감사보고서,연결,1,0,1,0,,적정,,2019년 12월 31일 까지 대주회계법인,4,감사의견근거|핵심감사사항|재무제표에 대한 경영진과 지배기구의 책임|재무제표감사에 대한 감사인의 책임
00301112,2021,(주)삼화네트웍스,콘텐츠,59120,20220322000295,0,연결감사보고서,연결,1,0,1,0,,적정,,2020년 12월 31일 까지 대주회계법인,4,감사의견근거|핵심감사사항|재무제표에 대한 경영진과 지배기구의 책임|재무제표감사에 대한 감사인의 책임
00301112,2022,(주)삼화네트웍스,콘텐츠,59120,20230323000380,0,연결감사보고서,연결,1,0,1,0,,적정,,2021년 12월 31일 까지 대주회계법인,4,감사의견근거|핵심감사사항|재무제표에 대한 경영진과 지배기구의 책임|재무제표감사에 대한 감사인의 책임
00301112,2023,(주)삼화네트웍스,콘텐츠,59120,20240321001036,0,연결감사보고서,연결,1,0,1,0,,적정,,2022년 12월 31일 까지 대주회계법인,4,감사의견근거|핵심감사사항|재무제표에 대한 경영진과 지배기구의 책임|재무제표감사에 대한 감사인의 책임
00301112,2024,(주)삼화네트웍스,콘텐츠,59120,20250320000129,0,연결감사보고서,연결,1,0,1,0,,적정,,2024년 12월 31일 까지 도원회계법인,5,감사의견근거|핵심감사사항|기타사항|재무제표에 대한 경영진과 지배기구의 책임|연결재무제표감사에 대한 감사인의 책임
00301112,2025,(주)삼화네트웍스,콘텐츠,59120,20260318000485,0,연결감사보고서,연결,1,0,1,0,,적정,,2024년 12월 31일 까지 도원회계법인,4,감사의견근거|핵심감사사항|연결재무제표에 대한 경영진과 지배기구의 책임|연결재무제표감사에 대한 감사인의 책임
00303794,2019,(주)쇼박스,콘텐츠,59130,20200330002612,0,연결감사보고서,연결,1,0,1,0,,적정,,2018년 12월 31일 까지 한영회계법인,3,감사의견근거|핵심감사사항|연결재무제표에 대한 경영진과 지배기구의 책임
00303794,2020,(주)쇼박스,콘텐츠,59130,20210310001210,0,연결감사보고서,연결,1,0,1,0,,적정,,2019년 12월 31일 까지 한영회계법인,4,감사의견근거|강조사항|핵심감사사항|연결재무제표에 대한 경영진과 지배기구의 책임
00303794,2021,(주)쇼박스,콘텐츠,59130,20220315001143,0,연결감사보고서,연결,1,0,1,0,,적정,,2020년 12월 31일 까지 한영회계법인,3,감사의견근거|핵심감사사항|연결재무제표에 대한 경영진과 지배기구의 책임
00303794,2022,(주)쇼박스,콘텐츠,59130,20230315001421,0,연결감사보고서,연결,1,0,1,0,,적정,,2022년 12월 31일 까지 삼일회계법인,5,감사의견근거|핵심감사사항|기타사항|연결재무제표에 대한 경영진과 지배기구의 책임|연결재무제표감사에 대한 감사인의 책임
00303794,2023,(주)쇼박스,콘텐츠,59130,20240313001426,0,연결감사보고서,연결,1,0,1,0,,적정,,2022년 12월 31일 까지 삼일회계법인,4,감사의견근거|핵심감사사항|연결재무제표에 대한 경영진과 지배기구의 책임|연결재무제표감사에 대한 감사인의 책임
00303794,2024,(주)쇼박스,콘텐츠,59130,20250317000833,0,연결감사보고서,연결,1,0,1,0,,적정,,2024년 12월 31일 까지 삼정회계법인,5,감사의견근거|핵심감사사항|기타사항|연결재무제표에 대한 경영진과 지배기구의 책임|연결재무제표감사에 대한 감사인의 책임
00303794,2025,(주)쇼박스,콘텐츠,59130,20260318001592,0,연결감사보고서,연결,1,0,1,0,,적정,,2024년 12월 31일 까지 삼정회계법인,4,감사의견근거|핵심감사사항|연결재무제표에 대한 경영진과 지배기구의 책임|연결재무제표감사에 대한 감사인의 책임
00303873,2019,씨제이씨지브이(주),콘텐츠,59141,20200330003232,0,연결감사보고서,연결,1,0,4,0,,적정,,강남파이낸스센터 27층) 삼정회계법인,4,감사의견근거|핵심감사사항|연결재무제표에 대한 경영진과 지배기구의 책임|연결재무제표감사에 대한 감사인의 책임
00303873,2020,씨제이씨지브이(주),콘텐츠,59141,20210319001272,0,연결감사보고서,연결,1,0,2,0,,적정,,2019년 12월 31일 까지 삼정회계법인,5,감사의견근거|강조사항|핵심감사사항|연결재무제표에 대한 경영진과 지배기구의 책임|연결재무제표감사에 대한 감사인의 책임
00303873,2021,씨제이씨지브이(주),콘텐츠,59141,20220321001182,0,연결감사보고서,연결,1,0,2,0,,적정,,2020년 12월 31일 까지 삼정회계법인,5,감사의견근거|강조사항|핵심감사사항|연결재무제표에 대한 경영진과 지배기구의 책임|연결재무제표감사에 대한 감사인의 책임
00303873,2022,씨제이씨지브이(주),콘텐츠,59141,20230320001054,0,연결감사보고서,연결,1,0,2,0,,적정,,강남파이낸스센터 27층) 삼정회계법인,5,감사의견근거|강조사항|핵심감사사항|연결재무제표에 대한 경영진과 지배기구의 책임|연결재무제표감사에 대한 감사인의 책임
00303873,2023,씨제이씨지브이(주),콘텐츠,59141,20240318000720,0,연결감사보고서,연결,1,0,2,0,,적정,,2022년 12월 31일 까지 삼정회계법인,5,감사의견근거|핵심감사사항|강조사항|연결재무제표에 대한 경영진과 지배기구의 책임|연결재무제표감사에 대한 감사인의 책임
00303873,2024,씨제이씨지브이(주),콘텐츠,59141,20250317000874,0,연결감사보고서,연결,1,0,2,0,,적정,,강남파이낸스센터 27층) 삼정회계법인,5,감사의견근거|핵심감사사항|강조사항|연결재무제표에 대한 경영진과 지배기구의 책임|연결재무제표감사에 대한 감사인의 책임
00303873,2025,씨제이씨지브이(주),콘텐츠,59141,20260318001114,0,연결감사보고서,연결,1,0,0,0,,적정,,2025년 12월 31일 까지 삼일회계법인,5,감사의견근거|핵심감사사항|기타사항|연결재무제표에 대한 경영진과 지배기구의 책임|연결재무제표감사에 대한 감사인의 책임
00347877,2019,(주)세영디앤씨,콘텐츠,901,20200330002517,0,연결감사보고서,연결,0,0,0,0,,의견거절,"(1)계속기업 가정의 불확실성 연결회사의 재무제표는 연결회사가 계속기업으로서 존속한다는 가정을 전제로 작성되었으므로 연결회사의 자산과 부채가 정상적인 사업활동 과정을 통하여 회수되거나상환될 수 있다는 가정 하에 회계처리되었습니다. 그러나 연결재무재표에 대한 주석 37에서 설명하고있는 바와 같이 연결회사는 2019년 12월 31일로 종료되는 회계연도에 영업손실과 당기순손실이 각각 9,149백만원과 25,341백만원이며, 부의 영업활동 현금흐름이 4,563백만원입니다. 그리고 연결회사의 영업부진을 타개하기 위한 경영진의 신규사업 등도 구체적이지 아니하며, 재무구조 개선을 위한 자금조달내역과 계획도 충분하지 아니합니다. 이러한 상황은 연결회사의 계속기업으로의 존속능력에 대하여 유의적인 의문을 초래합니다. 연결회사가 계속기업으로서 존속할지의 여부는 주석 37에서 설명하고 있는 연결회사의 향후 매출증대, 원가절감, 자금조달계획 등 경영개선계획의 성패에 따라 좌우되는 중요한 불확실성을 내포하고 있습니다. 그러나 이러한 불확실성의 최종결과로 발생될 수도 있는 자산과 부채 및 관련 손익항목에 대한 수정을 위해 이를 합리적으로 추정할 수 있는 감사증거를 확보할 수 없었습니다. (2)선급금에 대한 확인 연결회사는 Spackman Media Group Limited.의 주식 8,951,936주를 취득하기 위하여 13,000백만원을 지급하고 이를 선급금으로 연결재무제표에 계상하고 있습니다. 이는 2019년 12월 31일 현재 연결회사 순자산의 37.37%에해당합니다. 그러나 우리는 동 거래의 정당성과 해당자산의 회수가능성 등에 대하여 충분하고 적합한 감사증거를 입수할 수 없었습니다. 그 결과 동 금액의 수정이 필요한지 여부를 결정할 수 없었습니다.",2019년 12월 31일 까지 대현회계법인,4,의견거절근거|기타사항|연결재무제표에 대한 경영진과 지배기구의 책임|연결재무제표감사에 대한 감사인의 책임
00347877,2020,(주)세영디앤씨,콘텐츠,901,20210323001177,0,연결감사보고서,연결,0,0,0,0,,의견거절,"우리는 2020년 12월 31일로 종료되는 회계연도의 연결재무제표에 대한 감사절차 실시에 필요한 주요 자료를 제공 받지 못하였습니다. 우리는 동 사항에 대한 감사범위의 제한 때문에 대한민국의 회계감사기준에서 요구하는 감사절차를 수행할 수 없었습니다. 또한, 대체적 절차를 통하여도 이를 확인할 수 없었습니다.",2020년 12월 31일 까지 이촌회계법인,4,의견거절근거|기타사항|연결재무제표에 대한 경영진과 지배기구의 책임|연결재무제표감사에 대한 감사인의 책임
00347877,2021,(주)세영디앤씨,콘텐츠,901,20220323001134,0,연결감사보고서,연결,0,0,0,0,,의견거절,"우리는 2021년 12월 31일로 종료되는 회계연도의 연결재무제표에 대한 감사절차 실시에 필요한 주요 자료를 제공 받지 못하였습니다. 우리는 동 사항에 대한 감사범위의 제한 때문에 대한민국의 회계감사기준에서 요구하는 감사절차를 수행할 수 없었습니다. 또한, 대체적 절차를 통하여도 이를 확인할 수 없었습니다.",료되는 보고기간의 연결재무제표는 이촌회계법인,4,의견거절근거|기타사항|연결재무제표에 대한 경영진과 지배기구의 책임|연결재무제표감사에 대한 감사인의 책임
00347877,2022,(주)세영디앤씨,콘텐츠,901,20230323001122,0,연결감사보고서,연결,0,0,0,0,,의견거절,"2021년 12월 31일로 종료하는 보고기간의 연결재무제표는 타감사인이 감사하였으며, 2022년 3월 21일자 감사보고서에서 감사의견을 표명하지 아니하였습니다. 동 사유로 인하여, 우리는 회사의 2022년 1월 1일자 연결재무제표에 대한 충분하고 적합한 증거를 확보하지 못하였으며, 또한 대체적인 방법에 의하여도 기초연결재무제표에 대해 만족할 만한 결과를 얻지 못하였습니다. 이로 인하여, 기초연결재무제표에 포함되었을 수도 있는왜곡표시가 당기말 현재의 재무상태, 당기의 재무성과와 현금흐름에 미치는 영향을 결정할 수 없었습니다.",2022년 12월 31일 까지 대현회계법인,4,의견거절근거|기타사항|연결재무제표에 대한 경영진과 지배기구의 책임|연결재무제표감사에 대한 감사인의 책임
00347877,2023,(주)세영디앤씨,콘텐츠,901,20240321000531,0,연결감사보고서,연결,0,0,0,0,,적정,,2023년 12월 31일 까지 대현회계법인,4,감사의견근거|기타사항|연결재무제표에 대한 경영진과 지배기구의 책임|연결재무제표감사에 대한 감사인의 책임
00347877,2024,(주)세영디앤씨,콘텐츠,901,20250321000834,0,연결감사보고서,연결,0,0,0,0,,적정,,2023년 12월 31일 까지 대현회계법인,3,감사의견근거|연결재무제표에 대한 경영진과 지배기구의 책임|연결재무제표감사에 대한 감사인의 책임
00347877,2025,(주)세영디앤씨,콘텐츠,901,20260323000871,0,연결감사보고서,연결,0,0,0,0,,적정,,2024년 12월 31일 까지 대현회계법인,3,감사의견근거|연결재무제표에 대한 경영진과 지배기구의 책임|연결재무제표감사에 대한 감사인의 책임
00348034,2019,(주)액토즈소프트,게임,5821,20200330002925,0,연결감사보고서,연결,1,0,1,0,,적정,,2018년 12월 31일 까지 삼일회계법인,4,감사의견근거|핵심감사사항|연결재무제표에 대한 경영진과 지배기구의 책임|연결재무제표감사에 대한 감사인의 책임
00348034,2020,(주)액토즈소프트,게임,5821,20210323000612,0,연결감사보고서,연결,1,0,1,0,,적정,,2019년 12월 31일 까지 삼일회계법인,4,감사의견근거|핵심감사사항|연결재무제표에 대한 경영진과 지배기구의 책임|연결재무제표감사에 대한 감사인의 책임
00348034,2021,(주)액토즈소프트,게임,5821,20220322000871,0,연결감사보고서,연결,1,0,1,0,,적정,,강남파이낸스센터 27층) 삼정회계법인,5,감사의견근거|핵심감사사항|기타사항|연결재무제표에 대한 경영진과 지배기구의 책임|연결재무제표감사에 대한 감사인의 책임
00348034,2022,(주)액토즈소프트,게임,5821,20230323001558,0,연결감사보고서,연결,1,0,1,0,,적정,,강남파이낸스센터 27층) 삼정회계법인,4,감사의견근거|핵심감사사항|연결재무제표에 대한 경영진과 지배기구의 책임|연결재무제표감사에 대한 감사인의 책임
00348034,2023,(주)액토즈소프트,게임,5821,20240321001839,0,연결감사보고서,연결,1,0,1,0,,적정,,2022년 12월 31일 까지 삼정회계법인,4,감사의견근거|핵심감사사항|연결재무제표에 대한 경영진과 지배기구의 책임|연결재무제표감사에 대한 감사인의 책임
00348034,2024,(주)액토즈소프트,게임,5821,20250320001182,0,연결감사보고서,연결,1,0,1,0,,적정,,2023년 12월 31일 까지 한울회계법인,4,감사의견근거|핵심감사사항|기타사항|연결재무제표에 대한 경영진과 지배기구의 책임
00348034,2025,(주)액토즈소프트,게임,5821,20260323001009,0,연결감사보고서,연결,1,0,1,0,,적정,,2024년 12월 31일 까지 한울회계법인,3,감사의견근거|핵심감사사항|연결재무제표에 대한 경영진과 지배기구의 책임
00348292,2019,(주)한빛소프트,게임,5821,20200327001937,0,연결감사보고서,연결,0,0,0,0,,적정,,2018년 12월 31일 까지 한미회계법인,3,감사의견근거|연결재무제표에 대한 경영진과 지배기구의 책임|연결재무제표감사에 대한 감사인의 책임
00348292,2020,(주)한빛소프트,게임,5821,20210318001250,0,연결감사보고서,연결,1,0,1,0,,적정,,2019년 12월 31일 까지 한미회계법인,5,감사의견근거|강조사항|핵심감사사항|연결재무제표에 대한 경영진과 지배기구의 책임|연결재무제표감사에 대한 감사인의 책임
00348292,2021,(주)한빛소프트,게임,5821,20220316001384,0,연결감사보고서,연결,1,0,1,0,,적정,,2020년 12월 31일 까지 한미회계법인,4,감사의견근거|핵심감사사항|연결재무제표에 대한 경영진과 지배기구의 책임|연결재무제표감사에 대한 감사인의 책임
00348292,2022,(주)한빛소프트,게임,5821,20230313000859,0,연결감사보고서,연결,1,0,1,0,,적정,,2021년 12월 31일 까지 한미회계법인,4,감사의견근거|핵심감사사항|연결재무제표에 대한 경영진과 지배기구의 책임|연결재무제표감사에 대한 감사인의 책임
00348292,2023,(주)한빛소프트,게임,5821,20240319000743,0,연결감사보고서,연결,1,0,1,0,,적정,,2023년 12월 31일 까지 안진회계법인,5,감사의견근거|핵심감사사항|기타사항|연결재무제표에 대한 경영진과 지배기구의 책임|연결재무제표감사에 대한 감사인의 책임
00348292,2024,(주)한빛소프트,게임,5821,20250318000817,0,연결감사보고서,연결,1,0,1,0,,적정,,2023년 12월 31일 까지 안진회계법인,4,감사의견근거|핵심감사사항|연결재무제표에 대한 경영진과 지배기구의 책임|연결재무제표감사에 대한 감사인의 책임
00348292,2025,(주)한빛소프트,게임,5821,20260312001259,0,연결감사보고서,연결,1,0,1,0,,적정,,2024년 12월 31일 까지 안진회계법인,4,감사의견근거|핵심감사사항|연결재무제표에 대한 경영진과 지배기구의 책임|연결재무제표감사에 대한 감사인의 책임
00349097,2019,(주)케이티스카이라이프,콘텐츠,60229,20200330003670,0,연결감사보고서,연결,1,0,1,0,,적정,,,4,감사의견근거|핵심감사사항|연결재무제표에 대한 경영진과 지배기구의 책임|연결재무제표감사에 대한 감사인의 책임
00349097,2020,(주)케이티스카이라이프,콘텐츠,60229,20210323000841,0,연결감사보고서,연결,1,0,1,0,,적정,,,4,감사의견근거|핵심감사사항|연결재무제표에 대한 경영진과 지배기구의 책임|연결재무제표감사에 대한 감사인의 책임
00349097,2021,(주)케이티스카이라이프,콘텐츠,60229,20220321001037,0,연결감사보고서,연결,1,0,2,0,,적정,,,4,감사의견근거|핵심감사사항|연결재무제표에 대한 경영진과 지배기구의 책임|연결재무제표감사에 대한 감사인의 책임
00349097,2022,(주)케이티스카이라이프,콘텐츠,60229,20230323001208,0,연결감사보고서,연결,1,0,1,0,,적정,,료되는 보고기간의 연결재무제표는 안진회계법인,5,감사의견근거|핵심감사사항|기타사항|연결재무제표에 대한 경영진과 지배기구의 책임|연결재무제표감사에 대한 감사인의 책임
00349097,2023,(주)케이티스카이라이프,콘텐츠,60229,20240320001841,0,연결감사보고서,연결,1,0,1,0,,적정,,2022년 12월 31일 까지 삼일회계법인,4,감사의견근거|핵심감사사항|연결재무제표에 대한 경영진과 지배기구의 책임|연결재무제표감사에 대한 감사인의 책임
00349097,2024,(주)케이티스카이라이프,콘텐츠,60229,20250318001057,0,연결감사보고서,연결,1,0,1,0,,적정,,2023년 12월 31일 까지 삼일회계법인,4,감사의견근거|핵심감사사항|연결재무제표에 대한 경영진과 지배기구의 책임|연결재무제표감사에 대한 감사인의 책임
00349097,2025,(주)케이티스카이라이프,콘텐츠,60229,20260318000272,0,연결감사보고서,연결,1,0,1,0,,적정,,2025년 12월 31일 까지 안진회계법인,5,감사의견근거|핵심감사사항|기타사항|연결재무제표에 대한 경영진과 지배기구의 책임|연결재무제표감사에 대한 감사인의 책임
00353762,2019,(주)키이스트,콘텐츠,59130,20200330003128,0,연결감사보고서,연결,0,0,0,0,,적정,,2018년 12월 31일 까지 신우회계법인,3,감사의견근거|연결재무제표에 대한 경영진과 지배기구의 책임|연결재무제표감사에 대한 감사인의 책임
00353762,2020,(주)키이스트,콘텐츠,59130,20210317000477,0,연결감사보고서,연결,1,0,1,0,,적정,,2019년 12월 31일 까지 신우회계법인,4,감사의견근거|핵심감사사항|연결재무제표에 대한 경영진과 지배기구의 책임|연결재무제표감사에 대한 감사인의 책임
00353762,2021,(주)키이스트,콘텐츠,59130,20220321000859,0,연결감사보고서,연결,1,0,1,0,,적정,,2020년 12월 31일 까지 신우회계법인,4,감사의견근거|핵심감사사항|연결재무제표에 대한 경영진과 지배기구의 책임|연결재무제표감사에 대한 감사인의 책임
00353762,2022,(주)키이스트,콘텐츠,59130,20230321001077,0,감사보고서,별도,1,0,1,0,,적정,,2021년 12월 31일 까지 신우회계법인,5,감사의견근거|강조사항|핵심감사사항|재무제표에 대한 경영진과 지배기구의 책임|재무제표감사에 대한 감사인의 책임
00353762,2023,(주)키이스트,콘텐츠,59130,20240318000810,0,감사보고서,별도,1,0,1,0,,적정,,2022년 12월 31일 까지 신우회계법인,4,감사의견근거|핵심감사사항|재무제표에 대한 경영진과 지배기구의 책임|재무제표감사에 대한 감사인의 책임
00353762,2024,(주)키이스트,콘텐츠,59130,20250314001265,0,감사보고서,별도,1,0,1,0,,적정,,2024년 12월 31일 까지 정동회계법인,5,감사의견근거|핵심감사사항|기타사항|재무제표에 대한 경영진과 지배기구의 책임|재무제표감사에 대한 감사인의 책임
00353762,2025,(주)키이스트,콘텐츠,59130,20260316001281,0,감사보고서,별도,1,0,1,0,,적정,,2024년 12월 31일 까지 정동회계법인,4,감사의견근거|핵심감사사항|재무제표에 대한 경영진과 지배기구의 책임|재무제표감사에 대한 감사인의 책임
00359474,2019,(주)제이웨이,콘텐츠,59130,20200327002056,0,연결감사보고서,연결,0,0,0,0,,적정,,018년 12월 31일 까지 대성삼경회계법인,4,감사의견근거|강조사항|연결재무제표에 대한 경영진과 지배기구의 책임|연결재무제표감사에 대한 감사인의 책임
00359474,2020,(주)제이웨이,콘텐츠,59130,20210329001206,0,연결감사보고서,연결,0,0,0,1,"계속기업 관련 중요한 불확실성 당사는 2020년 03월 20일자로 최근 4사업연도 연속 영업손실 발생 사유로 관리종목으로 지정된 바 있으며, 또한 2021년 02월 16일에 ""내부결산시점 관리종목 지정 또는 상장폐지 사유 발생"" 공시를 통해 최근 5사업연도 연속 영업손실 발생임을 공시하였습니다. 이러한 상황은 계속기업으로서의 존속능력에 유의적 의문을 제기할만한 중요한 불확실성이 존재함을 나타냅니다. 상기 계속기업으로서의 존속능력에 유의적 의문을 제기하는 상황에 대한 당사의 계속기업에 대한 불확실성을 해소하기 위한 방안은 다음과 같습니다. (1) 부실사업부문의 구조조정을 통한 재무건전성을 확보 당사는 매출 채널 및 제품 다양화 등 경쟁력 향상을 통하여 정체된 내수시장을 극복하고 점유율을 높이기 위한 지속적인 노력을 기울이고 있으며, 부실 가맹점 수 조정 등 수익성 위주의 사업운영을 계속 추진해 나갈 예정입니다. 이러한 매출액 증가 및 영업비용의 절감을 통하여 영업이익 달성 및 영업현금흐름이 개선될 것으로 예상하고 있습니다. (2) 지배구조변경을 통한 경영투명성 제고 당사는 2021년 03월 26일 제3자배정 유상증자를 통한 자금조달과 최대주주 변경 등의 자구계획을 추진하고 있습니다. 제3자배정 유상증자가 완료되면 그에 따른 지배구조 변경으로 인한 재무건전성 확보가 이루어질 예정입니다. 또한, 원활한 지배구조 변경 및 재무구조 개선을 위하여 2021년 2월 17일 개최된 임시주주총회에서 7:1의 무상감자를 의결하였고, 감자차액으로 결손금을 보전하기로 하였습니다. (3) 신규사업 추진 당사는 기존 사업외에도 수익성 개선을 위한 신규사업을 추진하기 위해 지속적으로 노력하고 있습니다. 만일 이러한 당사의 계획에 차질이 있는 경우에는 당사의 자산과 부채를 정상적인 사업활동과정을 통하여 장부가액으로 회수하거나 상환하지 못할 수도 있습니다. 이와 같은 불확실성의 최종 결과로 계속기업 가정이 타당하지 않을 경우에 발생될 수도 있는 자산과 부채의 금액 및 분류표시와 관련 손익항목에 대한 수정사항은 당사의 동 재무제표에 반영되어 있지 않습니다. 37. 보고기간 이후의 사건 가. 지분양수도 계약 2020년 02월 14일 최대주주 김병건 은 티알1호투자조합 과 지분양수도계약을 체결하였습니다. 그러나 최대주주 김병건이 주식처분금지 가처분 사건에 대한 법원의 인가 결정을 받으므로 인해 2021년 08월 17일로 잔금 일정이 연기되었으며,",의견거절,"우리는 당기 중 발생한 연결회사의 마스크 매출, 대여금 및 지급수수료 등 자금거래 흐름의 타당성 및 사실 판단, 거래상대방의 특수관계자 여부 등을 판단할 충분하고 적합한 감사증거를 확보하지 못하였습니다. 이로 인해 추가적인 수정이 필요한지 여부를 결정할 수 없었습니다. 또한 연결회사가 계속기업으로서 존속할지의 여부는 상기 사항 및 주석 36에서 설명하고 있는 상장적격성 실질심사 결과에 따라 좌우되는 중요한 불확실성을 내포하고 있습니다. 그러나 이러한 불확실성의 최종 결과로 발생될 수도 있는 자산과 부채 및 관련 손익항목에 대한 수정여부 등을 합리적으로 추정할 수 있는 감사증거를 확보할 수 없었습니다.",2020년 12월 31일 까지 삼일회계법인,5,의견거절근거|강조사항|기타사항|연결재무제표에 대한 경영진과 지배기구의 책임|연결재무제표감사에 대한 감사인의 책임
00359474,2021,(주)제이웨이,콘텐츠,59130,20220405001351,0,연결감사보고서,연결,0,0,0,1,"계속기업 관련 중요한 불확실성 회사는 2021년 03월 23일 감사보고서 제출 공시를 통해 감사범위제한 및 계속기업 존속능력 불확실성으로 인한 감사인의 의견거절로 코스닥시장상장규정 제38조의 규정에 의한 상장폐지사유가 발생하였으며, 이에 대해 회사는 코스닥시장상장규정 시행세칙 제33조의4에 의거, 2021년 04월 06일 이의신청서를 제출함에 따라, 거래소는 코스닥시장상장규정 제40조에 의거 2022년 04월 14일까지 개선기간을 부여하였습니다. 회사는 개선기간 종료 후 15일(매매일 기준) 이내에 거래소에 개선계획 이행내역서, 개선계획 이행결과에 대한 전문가의 확인서 등을 제출하고, 거래소는 동 서류제출일로부터 20일(매매일 기준) 이내에 기업심사위원회를 개최하여 상장폐지 여부를 심의·의결할 예정입니다. 이러한 상황은 계속기업으로서의 존속능력에 유의적 의문을 제기할 만한 중요한 불확실성이 존재함을 나타냅니다. 상기 계속기업으로서의 존속능력에 유의적 의문을 제기하는 상황에 대한 회사의 계속기업에 대한 불확실성을 해소하기 위한 방안은 다음과 같습니다. (1) 부실사업부문의 구조조정을 통한 재무건전성을 확보 회사는 매출 채널 및 제품 다양화 등 경쟁력 향상을 통하여 정체된 내수시장을 극복하고 점유율을 높이기 위한 지속적인 노력을 기울이고 있으며, 부실 가맹점 수 조정 등 수익성 위주의 사업운영을 계속 추진해 나갈 예정입니다. 이러한 매출액 증가 및 영업비용의 절감을 통하여 영업이익 달성 및 영업현금흐름이 개선될 것으로 예상하고 있습니다. (2) 지배구조변경을 통한 경영투명성 제고 회사는 원활한 지배구조 변경 및 재무구조 개선을 위하여 2021년 02월 17일 개최된 임시주주총회에서 7:1의 무상감자를 의결하여 승인되었고, 감자차액으로 결손금을 보전한 바 있습니다. 또한, 회사는 2021년 03월 19일 제3자배정 유상증자를 통해 최대주주가 변경되었으며, 이로 인해 지배구조가 변경됨에 따라 신규사업 및 사업운영에 필요한 추가적인 자금조달을 위한 제3자배정 유상증자 및 전환사채 발행 등을 계획하고 있습니다. (3) 신규사업 추진 회사는 기존 사업외에도 수익성 개선을 위한 신규사업을 추진하기 위해 지속적으로 노력하고 있습니다. 만일 이러한 회사의 계획에 차질이 있는 경우에는 회사의 자산과 부채를 정상적인 사업활동과정을 통하여 장부가액으로 회수하거나 상환하지 못할 수도 있습니다. 이와 같은 불확실성의 최종 결과로 계속기업",의견거절,"(1) 전기 연결재무제표에 대한 감사범위의 제한 우리는 연결회사의 2020년 12월 31일로 종료하는 보고기간의 연결재무제표에 대하여 감사를 수행하였으며, 2021년 3월 23일자 감사보고서에서 연결회사의 마스크 매출, 대여금 및 지급수수료 등 자금거래 흐름의 타당성 및 사실 판단, 거래상대방의 특수관계자 여부 등을 판단할 충분하고 적합한 감사증거를 확보하지 못하였음과 계속기업가정에 대한 불확실성을 사유로 감사의견을 표명하지 아니하였습니다. 동 사유로 인하여, 우리는 연결회사의 전기 연결재무제표에 대한 충분하고 적합한 감사증거를 확보하지 못하여, 전기 연결재무제표에 대해 만족할 만한 결과를 얻지 못하였습니다. 이로 인하여, 전기말 연결재무제표에 포함되었을 수도 있는 왜곡표시가 당기말 현재의 연결재무상태, 당기의 연결재무성과와 연결현금흐름에 미치는 영향을 결정할 수 없었습니다. (2) 당기 연결재무제표에 대한 감사범위의 제한 우리는 당기 중 발생한 연결회사의 대여금 및 투자주식 거래 등과 관련하여 자금거래 흐름의 타당성 및 사실 판단, 거래상대방의 특수관계자 여부 등을 판단할 충분하고 적합한 감사증거를 확보하지 못하였습니다. 또한, 당기 연결재무제표 및 연결재무제표에 대한 주석과 관련하여 일부 감사절차 실시에 필요한 주요 자료를 제공받지 못하였습니다. 이로 인해 추가적인 수정이 필요한지 여부를 결정할 수 없었습니다. (3) 계속기업가정에 대한 불확실성 연결회사의 연결재무제표는 연결회사가 계속기업으로서 존속한다는 가정을 전제로 작성되었으므로 연결회사의 자산과 부채가 정상적인 영업활동과정을 통하여 회수되거나 상환될 수 있다는 가정하에 회계처리 되었습니다. 그러나, 연결회사는 2021년 12월 31일로 종료되는 보고기간에 영업손실 3,812백만원, 법인세비용차감전순손실 6,618백만원 및 부의 영업현금흐름 2,187백만원이 발생하였습니다. 이러한 상황은 계속기업으로서의 존속능력에 의문을 제기하는 바 계속기업으로서의 존속여부는 연결회사의 향후 자금조달계획과 생산, 판매, 재무 등 경영개선계획의 성패와 우발채무의 최종결과 및 상장적격성 실질심사 결과에 따라 좌우되는 중요한 불확실성을 내포하고 있습니다. 이러한 계속기업가정에 유의적 의문을 제기하는 상황에도 불구하고 회사의 경영진은 계속기업가정에 대한 평가를 수행하지 않았으며 이로 인해 우리는 계속기업가정의 사용이 적합한지에 대한 충분하고 적합한 감사증거를 입수할 수 없었습니다.",2020년 12월 31일 까지 삼일회계법인,4,의견거절근거|기타사항|재무제표에 대한 경영진과 지배기구의 책임|재무제표감사에 대한 감사인의 책임
00359474,2022,(주)제이웨이,콘텐츠,59130,20230331004382,0,감사보고서,별도,0,0,0,0,,의견거절,"(1) 전기 재무제표에 대한 감사범위의 제한 전기감사인은 회사의 2021년 12월 31일로 종료하는 보고기간의 재무제표에 대하여 감사를 수행하였으며, 2022년 3월 23일자 감사보고서에서 대여금 및 투자주식 거래 등과 관련하여 자금거래 흐름의 타당성 및 사실 판단, 거래상대방의 특수관계자 여부등을 판단할 충분하고 적합한 감사증거 제공받지 못한 점과 전기 재무제표 및 전기 재무제표 주석에 대한 일부 감사절차 실시에 필요한 주요 자료를 제공받지 못하였음 및 계속기업가정에 대한 불확실성을 사유로 감사의견을 표명하지 아니하였습니다. 동 사유로 인하여, 기초 재무제표에 포함되었을 수도 있는 왜곡표시가 당기말 현재의재무상태, 당기의 재무성과와 현금흐름에 미치는 영향을 결정할 수 없었습니다. (2) 당기 재무제표에 대한 감사범위의 제한 우리는 당기 중 재무제표 및 재무제표에 대한 주석과 관련하여 주요 감사절차 실시에필요한 주요 자료를 제공받지 못하였습니다. 이로 인해 추가적인 수정이 필요한지 여부를 결정할 수 없었습니다. (3) 계속기업가정에 대한 불확실성 회사의 재무제표는 회사가 계속기업으로서 존속한다는 가정을 전제로 작성되었으므로 회사의 자산과 부채가 정상적인 영업활동과정을 통하여 회수되거나 상환될 수 있다는 가정하에 회계처리 되었습니다. 그러나, 회사는 2022년 12월 31일로 종료되는 보고기간말의 총부채가 총자산을 4,881백만원을 초과, 유동부채가 유동자산을 4,124백만원을 초과하고 있으며, 동일로 종료되는 보고기간에 영업손실 1,468백만원, 법인세비용차감전순손실 1,256백만원 및 부의 영업현금흐름 658백만원이 발생하였습니다. 이러한 상황은 계속기업으로서의 존속능력에 의문을 제기하는 바 계속기업으로서의 존속여부는 회사의 향후 자금조달계획과 생산, 판매, 재무 등 경영개선계획의성패와 우발채무의 최종결과 및 상장적격성 실질심사 결과에 따라 좌우되는 중요한 불확실성을 내포하고 있습니다. 이러한 계속기업가정에 유의적 의문을 제기하는 상황에도 불구하고 회사의 경영진은 계속기업가정에 대한 평가를 수행하지 않았으며이로 인해 우리는 계속기업가정의 사용이 적합한지에 대한 충분하고 적합한 감사증거를 입수할 수 없었습니다. 기타사항(1) 상장폐지 사유 발생 2021년 02월 03일 불성실공시법인 지정으로 인한 상장적격성 실질심사 대상 사유가발생하여 거래정지되었으며, 실질심사 대상여부 결정을 위한 조사기간 중 2021년 3월 21일자에 최대주주 변경으로 코스닥시장상장규정 제38조제2항제5호의 종합적 요건에 의한 상장폐지 가능성 등을 검토하여 상장적격성 실질심사 대상으로 결정하였습니다. 또한 2021년 독립된 감사인의 감사보고서 상 감사의견 거절에 따라 형식적 상장폐지요건이 추가되었습니다. 이에 대해 회사는 코스닥시장상장규정 시행세칙제33조의4에 의거, 2021년 4월 6일 이의신청서를 제출함에 따라, 거래소는 코스닥시장상장규정 제40조에 의거 2022년 4월 14일까지 개선기간을 부여하였습니다. 2022년 5월 27일 개최된 기업심사위원회에서 2022년 8월 31일까지의 개선계획 이행내역을 반영하여 이후 개최되는 기업심사위원회에서 상장폐지 여부에 대한 심의를 속개하기로 결정하였습니다. 2022년 12월 28일 개최된 기업심사위원회에서 당사의 주권을 상장폐지로 심의, 의결하여 2023년 1월 2일 정리매매가 개시될 예정이었습니다. 회사는 2022년 12월 30일 거래소의 상장폐지 결정에 대한 효력정지 가처분을 신청하였고 현재 판결을 기다리고 있습니다. (2) 회생절차 개시결정 회사는 2022년 5월 2일 회생절차개시를 신청하여 2022년 5월 4일 보전처분, 2022년6월 10일 개시결정을 받았습니다. 회사는 회생 중 M&A를 목적으로 2022년 8월 19일 매각주간사를 선정하고 인수자를 물색하였으나, 2022년 거래소의 상장폐지 결정을 수령할때까지 인수자를 명확하게 확보하지 못하였습니다. 현재 회사가 접수한 상장폐지결정 가처분 신청의 결과에 따라 회생절차 진행여부의 실익을 판단하여 추가적인 회생절차 진행 여부를 결정할 예정입니다.",2022년 12월 31일 까지 한미회계법인,3,의견거절근거|재무제표에 대한 경영진과 지배기구의 책임|재무제표감사에 대한 감사인의 책임
00364467,2019,(주)드림어스컴퍼니,콘텐츠,603,20200330003890,0,연결감사보고서,연결,1,0,1,0,,적정,,강남파이낸스센터 27층) 삼정회계법인,4,감사의견근거|핵심감사사항|연결재무제표에 대한 경영진과 지배기구의 책임|연결재무제표감사에 대한 감사인의 책임
00364467,2020,(주)드림어스컴퍼니,콘텐츠,603,20210322000628,0,연결감사보고서,연결,1,0,1,0,,적정,,종료된 보고기간의 연결재무제표는 삼정회계법인,5,감사의견근거|핵심감사사항|기타사항|연결재무제표에 대한 경영진과 지배기구의 책임|연결재무제표감사에 대한 감사인의 책임
00364467,2021,(주)드림어스컴퍼니,콘텐츠,603,20220322000899,0,연결감사보고서,연결,1,0,1,0,,적정,,2020년 12월 31일 까지 삼덕회계법인,4,감사의견근거|핵심감사사항|연결재무제표에 대한 경영진과 지배기구의 책임|연결재무제표감사에 대한 감사인의 책임
00364467,2022,(주)드림어스컴퍼니,콘텐츠,603,20230322001279,0,연결감사보고서,연결,1,0,1,0,,적정,,2021년 12월 31일 까지 삼덕회계법인,4,감사의견근거|핵심감사사항|연결재무제표에 대한 경영진과 지배기구의 책임|연결재무제표감사에 대한 감사인의 책임
00364467,2023,(주)드림어스컴퍼니,콘텐츠,603,20240321000542,0,연결감사보고서,연결,1,0,1,0,,적정,,강남파이낸스센터 27층) 삼정회계법인,5,감사의견근거|핵심감사사항|기타사항|연결재무제표에 대한 경영진과 지배기구의 책임|연결재무제표감사에 대한 감사인의 책임
00364467,2024,(주)드림어스컴퍼니,콘텐츠,603,20250320000944,0,연결감사보고서,연결,1,0,1,0,,적정,,강남파이낸스센터 27층) 삼정회계법인,5,감사의견근거|핵심감사사항|강조사항|연결재무제표에 대한 경영진과 지배기구의 책임|연결재무제표감사에 대한 감사인의 책임
00364467,2025,(주)드림어스컴퍼니,콘텐츠,603,20260319000743,0,연결감사보고서,연결,1,0,1,0,,적정,,2024년 12월 31일 까지 삼정회계법인,4,감사의견근거|핵심감사사항|연결재무제표에 대한 경영진과 지배기구의 책임|연결재무제표감사에 대한 감사인의 책임
00364795,2019,(주)레드로버,콘텐츠,59112,20200824000087,1,연결감사보고서,연결,1,0,1,1,"주석 34번에 주의를 기울여야 할 필요가 있습니다. 주석 34번은 지배회사는 자산에 대한 손실충당금설정등에 따라 당기순손실 101,048백만원이 발생하였고, 당기말 현재 유동부채는 유동자산을 12,590백만원만큼 초과하고 있다는 사실을 기재하고 있습니다. 또한,지배회사는 상장적격성 실질심사와 관련하여 유상증자등 자금조달 및 애니메이션 및 신규사업계획등이 포함된 개선계획을 제출한 바 있으며, 코스닥시장위원회 심의의결(2019년 12월 4일자) 결과 개선기간 1년을 부여받았습니다. 지배회사는 영업의 지속성을 위하여 매출 및 수익성개선계획을 수립하여 추진중이며, 재무구조의 건전성을 위하여 유상증자, 종속기업 및 금융자산 처분을 통한 자금조달을 한바 있으며, 추가로 2020년 상반기이내에 전환사채 재매각 및 제3자배정 유상증자를통한 자금조달을 계획하고 있습니다. 연결재무제표는 자산과 부채가 정상적인 사업활동과정을 통하여 장부가액으로 회수되거나 상환될 수 있다는 가정하에 작성되었으나, 지배회사의 개선계획의 이행결과 및 상장폐지 여부에 따라서 좌우되는 중요한 불확실성을 내포하고 있습니다. 이러한 상황은 계속기업으로서의 존속능력에 유의적 의문을 제기할 만한 중요한 불확실성이존재함을 나타냅니다. 그러나 이로 인한 연결회사의 계속기업으로서의 존속능력에 미칠 궁극적인 영향은 현재로서는 측정할 수 없으며, 따라서 불확실성의 최종 결과로발생할 수도 있는 조정사항은 연결재무제표에 반영되지 않았습니다. 우리의 의견은 이 사항으로부터 영향을 받지 아니합니다. 연결재무제표의 재작성 감사의견에는 영향을 미치지 않는 사항으로서 주석 35에 주의를 기울여야 할 필요가있습니다. 주석 35에서 설명하는 바와 같이 회사는 금융자산 회계처리 및 관계회사투자 지분법 평가액 수정과 관련하여 2019년 12월 31일 및 2018년 12월 31일로 종료되는 양보고기간의 연결재무제표를 재작성하였습니다. 회계처리의 수정으로 인하여 회사의 2019년 12월 31일의 연결순자산은 734백만원 증가하였고 2018년 12월 31일의 연결순자산은 변동없으며, 동일로 종료되는 양 보고기간의 연결당기순손실은 각각 4,695백만원 및 4,024백만원 감소하였습니다.이러한 수정사항을 반영하여 감사보고서를 재발행하게 되었습니다.",적정,,2019년 12월 31일 까지 정명회계법인,10,계속기업 관련 중요한 불확실성|계속기업 관련 중요한 불확실성|기타사항|감사의견근거|강조사항|계속기업 관련 중요한 불확실성|핵심감사사항|연결재무제표에 대한 경영진과 지배기구의 책임|연결재무제표감사에 대한 감사인의 책임|기타사항
00364795,2020,(주)레드로버,콘텐츠,59112,20210322001063,0,연결감사보고서,연결,1,0,1,1,"주 석38에서 기술되어있는 바와 같이 연결회사는 2019년 7월 22일에 채권자의 파산신청으로 관리종목으로 지정되었으며, 이에 따라 2019년 8월 22일에 상장 적격성 실질심사 대상으로 결정되었습니다. 2019년 11월 14일에 이와 관련하여 유상증자 등 자금조달 및 애니메이션 및 신규사업계획등이 포함된 개선계획을 제출한 바 있으며, 코스닥시장위원회 심의 의결(2019년 12월 4일자) 결과 개선기간 1년을 부여 받았고, 2020년 3월 18일에 채권자의 파산신청의 소 취하로 해소되었으나, 자본잠식률 50%이상이 관리종목 지정사유에 추가되었습니다. 이후 2020년 11월 30일 개선계획 이행내역서를 제출하여 2020년 12월 21일 코스닥시장위원회에서 심의 개최한 결과, 추후 심의를 속개하기로 결정하였습니다. 연결회사의 연결재무제표는 자산과 부채가 정상적인 사업활동과정을 통하여 장부가액으로 회수되거나 상환될 수 있다는 가정하에 작성되었으나, 개선계획의 이행결과 및 상장폐지 여부에 따라서 좌우되는 중요한 불확실성을 내포하고 있습니다. 이러한 상황은 계속기업으로서의 존속능력에 유의적의문을 제기할 만한 중요한 불확실성이 존재함을 나타냅니다. 그러나 이로 인한 연결회사의 계속기업으로서의 존속능력에 미칠 궁극적인 영향은 현재로서는 측정할 수 없으며, 따라서 불확실성의 최종 결과로 발생할 수도 있는 조정사항은 연결재무제표에 반영되지 않았습니다. 우리의 의견은 이 사항으로부터 영향을 받지 아니합니다.",적정,,결자본변동표 및 연결현금흐름표는 정명회계법인,6,감사의견근거|계속기업 관련 중요한 불확실성|기타사항|핵심감사사항|재무제표에 대한 경영진과 지배기구의 책임|재무제표감사에 대한 감사인의 책임
00364795,2021,(주)레드로버,콘텐츠,59112,20220516002417,0,연결감사보고서,연결,0,0,0,0,,의견거절,우리는 연결회사의 경영진으로부터 감사대상 연결재무제표를 제시받지 못하였습니다. 우리는 동 사항에 대한 감사범위의 제한 때문에 대한민국의 회계감사기준에서 요구하는 감사절차를 수행할 수 없었습니다.,2021년 12월 31일 까지 삼화회계법인,4,의견거절 근거|기타사항|연결재무제표에 대한 경영진과 지배기구의 책임|연결재무제표감사에 대한 감사인의 책임
00364795,2022,(주)레드로버,콘텐츠,59112,20230407002478,0,연결감사보고서,연결,0,0,0,1,"계속기업관련 중요한 불확실성연결회사의 연결재무제표는 연결회사가 계속기업으로서 존속한다는 가정을 전제로 작성되었으므로, 연결회사의 자산과 부채가 정상적인 사업활동과정을 통하여 회수되거나 상환될 수 있다는 가정하에 회계처리 되었습니다. 그러나 연결회사는 보고기간 종료일 현재 영업손실이 2,244백만원이며 당기순손실이 9,231백만원이고, 당기 보고기간말 현재 누적 결손금은 157,880백만원입니다. 이러한 상황은 계속기업으로서 그 존속능력에 유의적 의문을 제기하고 있습니다. 연결회사가 계속기업으로서 존속할 지의 여부는 부채상환과 기타 자금수요를 위해 필요한 자금조달계획과 재무 및 경영개선계획의 최종결과에 따라 좌우되는 중요한 불확실성을 내포하고 있습니다. 그러나 우리는 이러한 불확실성의 최종결과로 발생될 수도 있는 자산과 부채 및 관련 손익항목에 대한 수정을 위해 이를 합리적으로 추정할 수 있는 감사증거를 확보할 수없었습니다. 강조사항 주석 38에 기술되어 있는 바와 같이, 한국거래소는 2022년 7월 8일 코스닥시장위원회를 개최하여 연결회사의 주권의 상장폐지여부를 심의한 결과, 상장폐지로 의결하였고 2022년 11월 4일 정리매매가 완료되어 최종 코스닥 상장폐지 되었습니다. 기타사항 2021년 12월 31일 현재의 연결재무상태표, 동일로 종료하는 보고기간의 연결포괄손익계산서, 연결자본변동표 및 연결현금흐름표는 타감사인이 회계감사기준에 따라 감사하였고, 이 감사인의 2022년 5월 13일자 감사보고서에서 연결회사의 경영진으로부터 연결재무제표를 제시받지 못했다는 사유로 의견거절이 표명되었습니다. 우리는2021년 12월 31일 현재의 연결재무상태표, 동일로 종료하는 보고기간의 연결포괄손익계산서, 연결자본변동표 및 연결현금흐름표에 대해 감사 및 기타 어떠한 계약도 체결하지 않았으며 따라서 우리는 이에 대하여 감사의견 또는 기타 어떠한 형태의 확신도 표명하지 아니합니다. 연결재무제표에 대한 경영진과 지배기구의 책임 경영진은 한국채택국제회계기준에 따라 이 연결재무제표를 작성하고 공정하게 표시할 책임이 있으며, 부정이나 오류로 인한 중요한 왜곡표시가 없는 연결재무제표를 작성하는데 필요하다고 결정한 내부통제에 대해서도 책임이 있습니다. 경영진은 연결재무제표를 작성할 때, 연결회사의 계속기업으로서의 존속능력을 평가하고 해당되는 경우, 계속기업 관련 사항을 공시할 책임이 있습니다. 그리고 경영진이 기업을 청산하거나 영업을 중단할 ",의견거절,"(1) 기초연결재무제표에 대한 감사범위의 제한2021년 12월 31일로 종료하는 보고기간의 연결재무제표는 타감사인이 감사하였으며, 타감사인은 2022년 5월 13일자 감사보고서에서 감사의견을 표명하지 아니하였습니다. 동 사유로 인하여, 우리는 연결회사의 2022년 1월 1일자 재무제표에 대한 충분한 증거를 확보하지 못하였으며, 또한 대체적인 방법에 의하여도 기초연결재무제표에 대해 만족할 만한 결과를 얻지 못하였습니다. 이로 인하여, 기초연결재무제표에포함되었을 수도있는 왜곡표시가 당기말 현재의 재무상태, 당기의 재무성과와 현금흐름에 미치는 영향을 결정할 수 없었습니다.(2) 주요 감사절차의 제약 우리는 주요 감사절차인 금융자산의 공정가치 평가, 부외부채의 완전성, 법인세 회계처리의 적정성, 유형자산의 손상 검토 등을 수행하기 위한 자료를 제공받지 못하였 고, 채권 실재성 확인을 위한 외부조회, 매출의 실재성 확인을 위한 자료 등을 한정적으로만 입수 할 수 있었으므로 연결회사의 연결재무제표에 대한 감사의견을 형성하기 위해 충분하고 적합한 감사증거를 확보하지 못하였습니다. 이러한 전반적인 감사범위 제한으로 인하여, 우리는 회사의 당기 연결재무제표 구성요소들에 대하여 수정이 필요한지 여부를 결정할 수 없었습니다.(3) 계속기업관련 중요한 불확실성연결회사의 연결재무제표는 연결회사가 계속기업으로서 존속한다는 가정을 전제로 작성되었으므로, 연결회사의 자산과 부채가 정상적인 사업활동과정을 통하여 회수되거나 상환될 수 있다는 가정하에 회계처리 되었습니다. 그러나 연결회사는 보고기간 종료일 현재 영업손실이 2,244백만원이며 당기순손실이 9,231백만원이고, 당기 보고기간말 현재 누적 결손금은 157,880백만원입니다. 이러한 상황은 계속기업으로서 그 존속능력에 유의적 의문을 제기하고 있습니다. 연결회사가 계속기업으로서 존속할 지의 여부는 부채상환과 기타 자금수요를 위해 필요한 자금조달계획과 재무 및 경영개선계획의 최종결과에 따라 좌우되는 중요한 불확실성을 내포하고 있습니다. 그러나 우리는 이러한 불확실성의 최종결과로 발생될 수도 있는 자산과 부채 및 관련 손익항목에 대한 수정을 위해 이를 합리적으로 추정할 수 있는 감사증거를 확보할 수없었습니다.",2022년 12월 31일 까지 우리회계법인,5,의견거절근거|강조사항|기타사항|연결재무제표에 대한 경영진과 지배기구의 책임|연결재무제표감사에 대한 감사인의 책임
00364795,2023,(주)레드로버,콘텐츠,59112,20240329001118,0,감사보고서,별도,0,0,0,1,"계속기업관련 중요한 불확실성회사의 재무제표는 회사가 계속기업으로서 존속한다는 가정을 전제로 작성되었으므로 , 회사의 자산과 부채가 정상적인 사업활동과정을 통하여 회수되거나 상환될 수 있다는 가정하에 회계처리 되었습니다. 그러나 회사는 당기 보고기간 현재 영업손실이 1,589백만원이며 당기순손실이 594백만원이고, 당기 보고기간말 현재 누적 결손금은 158,673백만원입니다. 이러한 상황은 계속기업으로서 그 존속능력에 유의적 의문을 제기하고 있습니다. 회사가 계속기업으로서 존속할 지의 여부는 부채상환과 기타 자금수요를 위해 필요한 자금조달계획과 재무 및 경영개선계획의 최종결과에 따라 좌우되는 중요한 불확실성을 내포하고 있습니다. 그러나 우리는 이러한 불확실성의 최종결과로 발생될 수도 있는 자산과 부채 및 관련 손익항목에 대한 수정을 위해 이를 합리적으로 추정할 수 있는 감사증거를 확보할 수 없었습니다. 강조사항 주석 18에 기술되어 있는 바와 같이, 한국거래소는 2022년 7월 8일 코스닥시장위원회를 개최하여 회사의 주권의 상장폐지여부를 심의한 결과, 상장폐지로 의결하였고 2022년 11월 4일 정리매매가 완료되어 최종 코스닥 상장폐지 되었습니다. 기타사항 2022년 12월 31일 현재의 재무상태표, 동일로 종료하는 보고기간의 포괄손익계산 서, 자본변동표 및 현금흐름표는 타감사인이 회계감사기준에 따라 감사하였고, 이 감사인의 2023년 3월 22일자 감사보고서에서 회사의 경영진으로부터 재무제표를 제시받지 못했다는 사유로 의견거절이 표명되었습니다. 우리는 2022년 12월 31일 현재의 재무상태표, 동일로 종료하는 보고기간의 포괄손익계산서, 자본변동표 및 현금흐름표에 대해 감사 및 기타 어떠한 계약도 체결하지않았으며 따라서 우리는 이에 대하여 감사의견 또는 기타 어떠한 형태의 확신도 표명하지 아니합니다. 재무제표에 대한 경영진과 지배기구의 책임 경영진은 일반기업회계기준에 따라 이 재무제표를 작성하고 공정하게 표시할 책임이있으며, 부정이나 오류로 인한 중요한 왜곡표시가 없는 재무제표를 작성하는데 필요하다고 결정한 내부통제에 대해서도 책임이 있습니다. 경영진은 재무제표를 작성할 때, 회사의 계속기업으로서의 존속능력을 평가하고 해당되는 경우, 계속기업 관련 사항을 공시할 책임이 있습니다. 그리고 경영진이 기업을 청산하거나 영업을 중단할 의도가 없는 한, 회계의 계속기업전제의 사용에 대해서도 책임이 있습니다. 지배기구는 ",의견거절,"(1) 기초재무제표에 대한 감사범위의 제한 2022년 12월 31일로 종료하는 보고기간의 재무제표는 타감사인이 감사하였으며, 타감사인은 2023년 3월 22일자 감사보고서에서 감사의견을 표명하지 아니하였습니다. 동 사유로 인하여, 우리는 회사의 2023년 1월 1일자 재무제표에 대한 충분한 증거를 확보하지 못하였으며, 또한 대체적인 방법에 의하여도 기초재무제표에 대해 만족할 만한 결과를 얻지 못하였습니다. 이로 인하여, 기초재무제표에 포함되었을 수도있는 왜곡표시가 당기말 현재의 재무상태, 당기의 재무성과와 현금흐름에 미치는 영향을 결정할 수 없었습니다. (2) 주요 감사절차의 제약우리는 주요 감사절차인 금융자산의 공정가치 평가 , 부외부채의 완전성, 법인세 회계처리의 적정성, 유형자산의 손상 검토 등을 수행하기 위한 자료를 제공받지 못하였 고, 채권 실재성 확인을 위한 외부조회, 매출의 실재성 확인을 위한 자료 등을 한정적으로만 입수 할 수 있었으므로 회사의 재무제표에 대한 감사의견을 형성하기 위해 충분하고 적합한 감사증거를 확보하지 못하였습니다. 이러한 전반적인 감사범위 제한으로 인하여, 우리는 회사의 당기 재무제표 구성요소들에 대하여 수정이 필요한지 여부를 결정할 수 없었습니다. (3) 계속기업관련 중요한 불확실성회사의 재무제표는 회사가 계속기업으로서 존속한다는 가정을 전제로 작성되었으므로 , 회사의 자산과 부채가 정상적인 사업활동과정을 통하여 회수되거나 상환될 수 있다는 가정하에 회계처리 되었습니다. 그러나 회사는 당기 보고기간 현재 영업손실이 1,589백만원이며 당기순손실이 594백만원이고, 당기 보고기간말 현재 누적 결손금은 158,673백만원입니다. 이러한 상황은 계속기업으로서 그 존속능력에 유의적 의문을 제기하고 있습니다. 회사가 계속기업으로서 존속할 지의 여부는 부채상환과 기타 자금수요를 위해 필요한 자금조달계획과 재무 및 경영개선계획의 최종결과에 따라 좌우되는 중요한 불확실성을 내포하고 있습니다. 그러나 우리는 이러한 불확실성의 최종결과로 발생될 수도 있는 자산과 부채 및 관련 손익항목에 대한 수정을 위해 이를 합리적으로 추정할 수 있는 감사증거를 확보할 수 없었습니다.",2023년 12월 31일 까지 세덕회계법인,5,의견거절근거|강조사항|기타사항|재무제표에 대한 경영진과 지배기구의 책임|재무제표감사에 대한 감사인의 책임
00364795,2024,(주)레드로버,콘텐츠,59112,20250331003766,0,감사보고서,별도,0,0,0,1,"계속기업관련 중요한 불확실성회사의 재무제표는 회사가 계속기업으로서 존속한다는 가정을 전제로 작성되었으므로, 회사의 자산과 부채가 정상적인 사업활동과정을 통하여 회수되거나 상환될 수 있다는 가정하에 회계처리 되었습니다. 그러나 회사는 당기 보고기간 현재 영업손실이 782백만원이며 당기순손실이 501백만원이고, 당기 보고기간말 현재 누적 결손금은 159,174백만원입니다. 이러한 상황은 계속기업으로서 그 존속능력에 유의적 의문을 제기하고 있습니다. 회사가 계속기업으로서 존속할 지의 여부는 부채상환과 기타 자금수요를 위해 필요한 자금조달계획과 재무 및 경영개선계획의 최종결과에 따라 좌우되는 중요한 불확실성을 내포하고 있습니다. 그러나 우리는 이러한 불확실성의 최종결과로 발생될 수도 있는 자산과 부채 및 관련 손익항목에 대한 수정을 위해 이를 합리적으로 추정할 수 있는 감사증거를 확보할 수 없었습니다. 강조사항 주석 18에 기술되어 있는 바와 같이, 한국거래소는 2022년 7월 8일 코스닥시장위원회를 개최하여 회사의 주권의 상장폐지여부를 심의한 결과, 상장폐지로 의결하였고 2022년 11월 4일 정리매매가 완료되어 최종 코스닥 상장폐지 되었습니다. 기타사항 회사의 2023년 12월 31일로 종료되는 보고기간의 재무제표는 타감사인이 감사하였으며, 이 감사인의 2024년 3월 22일자 감사보고서에서 회사의 경영진으로부터 재무제표를 제시받지 못했다는 사유로 의견거절이 표명되었습니다. 재무제표에 대한 경영진과 지배기구의 책임 경영진은 일반기업회계기준에 따라 이 재무제표를 작성하고 공정하게 표시할 책임이있으며, 부정이나 오류로 인한 중요한 왜곡표시가 없는 재무제표를 작성하는데 필요하다고 결정한 내부통제에 대해서도 책임이 있습니다. 경영진은 재무제표를 작성할 때, 회사의 계속기업으로서의 존속능력을 평가하고 해당되는 경우, 계속기업 관련 사항을 공시할 책임이 있습니다. 그리고 경영진이 기업을 청산하거나 영업을 중단할 의도가 없는 한, 회계의 계속기업전제의 사용에 대해서도 책임이 있습니다. 지배기구는 회사의 재무보고절차의 감시에 대한 책임이 있습니다. 재무제표감사에 대한 감사인의 책임 우리의 책임은 대한민국의 회계감사기준에 따라 회사의 재무제표를 감사하고 감사보고서를 발행하는데 있습니다. 그러나 우리는 이 감사보고서의 의견거절근거 단락에서 기술된 사항의 유의성 때문에 해당 재무제표에 대한 감사의견의 근거를 제공하는 충분하고 적합한 ",의견거절,"(1) 기초재무제표에 대한 감사범위의 제한 2023년 12월 31일로 종료되는 보고기간의 재무제표는 타감사인이 감사하였으며, 타감사인은 2024년 3월 22일자 감사보고서에서 감사의견을 표명하지 아니하였습니다. 동 사유로 인하여, 우리는 회사의 2024년 1월 1일자 재무제표에 대한 충분한 증거를 확보하지 못하였으며, 또한 대체적인 방법에 의하여도 기초재무제표에 대해 만족할 만한 결과를 얻지 못하였습니다. 이로 인하여, 기초재무제표에 포함되었을 수도있는 왜곡표시가 당기말 현재의 재무상태, 당기의 재무성과와 현금흐름에 미치는 영향을 결정할 수 없었습니다.(2) 주요 감사절차의 제약우리는 주요 감사절차인 금융자산의 공정가치 평가, 부외부채의 완전성, 법인세 회계처리의 적정성, 유형자산의 손상 검토 등을 수행하기 위한 자료를 제공받지 못하였 고, 채권 실재성 확인을 위한 외부조회, 매출의 실재성 확인을 위한 자료 등을 한정적으로만 입수 할 수 있었으므로 회사의 재무제표에 대한 감사의견을 형성하기 위해 충분하고 적합한 감사증거를 확보하지 못하였습니다. 이러한 전반적인 감사범위 제한으로 인하여, 우리는 회사의 당기 재무제표 구성요소들에 대하여 수정이 필요한지 여부를 결정할 수 없었습니다.(3) 계속기업관련 중요한 불확실성회사의 재무제표는 회사가 계속기업으로서 존속한다는 가정을 전제로 작성되었으므로, 회사의 자산과 부채가 정상적인 사업활동과정을 통하여 회수되거나 상환될 수 있다는 가정하에 회계처리 되었습니다. 그러나 회사는 당기 보고기간 현재 영업손실이 782백만원이며 당기순손실이 501백만원이고, 당기 보고기간말 현재 누적 결손금은 159,174백만원입니다. 이러한 상황은 계속기업으로서 그 존속능력에 유의적 의문을 제기하고 있습니다. 회사가 계속기업으로서 존속할 지의 여부는 부채상환과 기타 자금수요를 위해 필요한 자금조달계획과 재무 및 경영개선계획의 최종결과에 따라 좌우되는 중요한 불확실성을 내포하고 있습니다. 그러나 우리는 이러한 불확실성의 최종결과로 발생될 수도 있는 자산과 부채 및 관련 손익항목에 대한 수정을 위해 이를 합리적으로 추정할 수 있는 감사증거를 확보할 수 없었습니다.",2024년 12월 31일 까지 현대회계법인,5,의견거절근거|강조사항|기타사항|재무제표에 대한 경영진과 지배기구의 책임|재무제표감사에 대한 감사인의 책임
00364795,2025,(주)레드로버,콘텐츠,59112,20260330000689,0,감사보고서,별도,0,0,0,1,"계속기업관련 중요한 불확실성회사의 재무제표는 회사가 계속기업으로서 존속한다는 가정을 전제로 작성되었으므로, 회사의 자산과 부채가 정상적인 사업활동과정을 통하여 회수되거나 상환될 수 있다는 가정하에 회계처리 되었습니다. 그러나 회사는 당기 보고기간 현재 영업손실이 510백만원이며 당기순손실이 344백만원이고, 당기 보고기간말 현재 누적 결손금은 159,518백만원입니다. 이러한 상황은 계속기업으로서 그 존속능력에 유의적 의문을 제기하고 있습니다. 회사가 계속기업으로서 존속할 지의 여부는 부채상환과 기타 자금수요를 위해 필요한 자금조달계획과 재무 및 경영개선계획의 최종결과에 따라 좌우되는 중요한 불확실성을 내포하고 있습니다. 그러나 우리는 이러한 불확실성의 최종결과로 발생될 수도 있는 자산과 부채 및 관련 손익항목에 대한 수정을 위해 이를 합리적으로 추정할 수 있는 감사증거를 확보할 수 없었습니다. 강조사항 주석 18에 기술되어 있는 바와 같이, 한국거래소는 2022년 7월 8일 코스닥시장위원회를 개최하여 회사의 주권의 상장폐지여부를 심의한 결과, 상장폐지로 의결하였고 2022년 11월 4일 정리매매가 완료되어 최종 코스닥 상장폐지 되었습니다. 기타사항 회사의 2024년 12월 31일로 종료되는 보고기간의 재무제표는 우리가 감사하였으며,2025년 3월 24일 감사보고서에서 의견거절을 표명하였습니다. 재무제표에 대한 경영진과 지배기구의 책임 경영진은 일반기업회계기준에 따라 이 재무제표를 작성하고 공정하게 표시할 책임이있으며, 부정이나 오류로 인한 중요한 왜곡표시가 없는 재무제표를 작성하는데 필요하다고 결정한 내부통제에 대해서도 책임이 있습니다. 경영진은 재무제표를 작성할 때, 회사의 계속기업으로서의 존속능력을 평가하고 해당되는 경우, 계속기업 관련 사항을 공시할 책임이 있습니다. 그리고 경영진이 기업을 청산하거나 영업을 중단할 의도가 없는 한, 회계의 계속기업전제의 사용에 대해서도 책임이 있습니다. 지배기구는 회사의 재무보고절차의 감시에 대한 책임이 있습니다. 재무제표감사에 대한 감사인의 책임 우리의 책임은 대한민국의 회계감사기준에 따라 회사의 재무제표를 감사하고 감사보고서를 발행하는데 있습니다. 그러나 우리는 이 감사보고서의 의견거절근거 단락에서 기술된 사항의 유의성 때문에 해당 재무제표에 대한 감사의견의 근거를 제공하는 충분하고 적합한 감사증거를 입수할 수 없었습니다. 우리는 재무제표 감사와 관련된 대한민국의 윤",의견거절,"(1) 주요 감사절차의 제약우리는 주요 감사절차인 금융자산의 공정가치 평가, 부외부채의 완전성, 법인세 회계처리의 적정성, 유형자산의 손상 검토 등을 수행하기 위한 자료를 제공받지 못하였 고, 채권 실재성 확인을 위한 외부조회, 매출의 실재성 확인을 위한 자료 등을 한정적으로만 입수 할 수 있었으므로 회사의 재무제표에 대한 감사의견을 형성하기 위해 충분하고 적합한 감사증거를 확보하지 못하였습니다. 이러한 전반적인 감사범위 제한으로 인하여, 우리는 회사의 당기 재무제표 구성요소들에 대하여 수정이 필요한지 여부를 결정할 수 없었습니다.(2) 계속기업관련 중요한 불확실성회사의 재무제표는 회사가 계속기업으로서 존속한다는 가정을 전제로 작성되었으므로, 회사의 자산과 부채가 정상적인 사업활동과정을 통하여 회수되거나 상환될 수 있다는 가정하에 회계처리 되었습니다. 그러나 회사는 당기 보고기간 현재 영업손실이 510백만원이며 당기순손실이 344백만원이고, 당기 보고기간말 현재 누적 결손금은 159,518백만원입니다. 이러한 상황은 계속기업으로서 그 존속능력에 유의적 의문을 제기하고 있습니다. 회사가 계속기업으로서 존속할 지의 여부는 부채상환과 기타 자금수요를 위해 필요한 자금조달계획과 재무 및 경영개선계획의 최종결과에 따라 좌우되는 중요한 불확실성을 내포하고 있습니다. 그러나 우리는 이러한 불확실성의 최종결과로 발생될 수도 있는 자산과 부채 및 관련 손익항목에 대한 수정을 위해 이를 합리적으로 추정할 수 있는 감사증거를 확보할 수 없었습니다.",2024년 12월 31일 까지 현대회계법인,5,의견거절근거|강조사항|기타사항|재무제표에 대한 경영진과 지배기구의 책임|재무제표감사에 대한 감사인의 책임
00370006,2019,(주)아이엠비씨,콘텐츠,603,20200330003639,0,연결감사보고서,연결,0,0,0,0,,적정,,2018년 12월 31일 까지 삼일회계법인,3,감사의견근거|연결재무제표에 대한 경영진과 지배기구의 책임|연결재무제표감사에 대한 감사인의 책임
00370006,2020,(주)아이엠비씨,콘텐츠,603,20210322000753,0,연결감사보고서,연결,1,0,1,0,,적정,,2020년 12월 31일 까지 한울회계법인,5,감사의견근거|핵심감사사항|연결재무제표에 대한 경영진과 지배기구의 책임|연결재무제표감사에 대한 감사인의 책임|기타사항
00370006,2021,(주)아이엠비씨,콘텐츠,603,20220322000895,0,연결감사보고서,연결,1,0,1,0,,적정,,2020년 12월 31일 까지 한울회계법인,4,감사의견근거|핵심감사사항|연결재무제표에 대한 경영진과 지배기구의 책임|연결재무제표감사에 대한 감사인의 책임
00370006,2022,(주)아이엠비씨,콘텐츠,603,20230322001119,0,연결감사보고서,연결,1,0,1,0,,적정,,2021년 12월 31일 까지 한울회계법인,4,감사의견근거|핵심감사사항|연결재무제표에 대한 경영진과 지배기구의 책임|연결재무제표감사에 대한 감사인의 책임
00370006,2023,(주)아이엠비씨,콘텐츠,603,20240320001641,0,연결감사보고서,연결,1,0,1,0,,적정,,대하빌딩) 인덕회계법인,5,감사의견근거|기타사항|핵심감사사항|연결재무제표에 대한 경영진과 지배기구의 책임|연결재무제표감사에 대한 감사인의 책임
00370006,2024,(주)아이엠비씨,콘텐츠,603,20250320001124,0,연결감사보고서,연결,1,0,1,0,,적정,,대하빌딩) 인덕회계법인,4,감사의견근거|핵심감사사항|연결재무제표에 대한 경영진과 지배기구의 책임|연결재무제표감사에 대한 감사인의 책임
00370006,2025,(주)아이엠비씨,콘텐츠,603,20260320000320,0,연결감사보고서,연결,1,0,1,0,,적정,,2024년 12월 31일 까지 인덕회계법인,4,감사의견근거|핵심감사사항|연결재무제표에 대한 경영진과 지배기구의 책임|연결재무제표감사에 대한 감사인의 책임
00397058,2019,주식회사 엠게임,게임,5821,20200330001002,0,연결감사보고서,연결,0,0,0,0,,적정,,부터 2018년 12월 31일 까지 회계법인,3,감사의견근거|연결재무제표에 대한 경영진과 지배기구의 책임|연결재무제표감사에 대한 감사인의 책임
00397058,2020,주식회사 엠게임,게임,5821,20210319000589,0,연결감사보고서,연결,1,0,1,0,,적정,,부터 2019년 12월 31일 까지 회계법인,4,감사의견근거|핵심감사사항|연결재무제표에 대한 경영진과 지배기구의 책임|연결재무제표감사에 대한 감사인의 책임
00397058,2021,주식회사 엠게임,게임,5821,20220318000409,0,연결감사보고서,연결,1,0,1,0,,적정,,부터 2020년 12월 31일 까지 회계법인,4,감사의견근거|핵심감사사항|연결재무제표에 대한 경영진과 지배기구의 책임|연결재무제표감사에 대한 감사인의 책임
00397058,2022,주식회사 엠게임,게임,5821,20230317000318,0,연결감사보고서,연결,1,0,0,0,,적정,,부터 2021년 12월 31일 까지 회계법인,4,감사의견근거|핵심감사사항|연결재무제표에 대한 경영진과 지배기구의 책임|연결재무제표감사에 대한 감사인의 책임
00397058,2023,주식회사 엠게임,게임,5821,20240315000213,0,연결감사보고서,연결,1,0,0,0,,적정,,2023년 12월 31일 까지 대주회계법인,5,감사의견근거|핵심감사사항|기타사항|연결재무제표에 대한 경영진과 지배기구의 책임|연결재무제표감사에 대한 감사인의 책임
00397058,2024,주식회사 엠게임,게임,5821,20250314000862,0,연결감사보고서,연결,1,0,0,0,,적정,,2023년 12월 31일 까지 대주회계법인,4,감사의견근거|핵심감사사항|연결재무제표에 대한 경영진과 지배기구의 책임|연결재무제표감사에 대한 감사인의 책임
00397058,2025,주식회사 엠게임,게임,5821,20260316000001,0,연결감사보고서,연결,1,0,0,0,,적정,,2024년 12월 31일 까지 대주회계법인,4,감사의견근거|핵심감사사항|연결재무제표에 대한 경영진과 지배기구의 책임|연결재무제표감사에 대한 감사인의 책임
00397191,2019,(주)팬엔터테인먼트,콘텐츠,59114,20200330000224,0,연결감사보고서,연결,0,0,0,0,,적정,,2018년 12월 31일 까지 우리회계법인,3,감사의견근거|연결재무제표에 대한 경영진과 지배기구의 책임|연결재무제표감사에 대한 감사인의 책임
00397191,2020,(주)팬엔터테인먼트,콘텐츠,59114,20210317000983,0,연결감사보고서,연결,1,0,1,0,,적정,,2019년 12월 31일 까지 우리회계법인,4,감사의견근거|핵심감사사항|연결재무제표에 대한 경영진과 지배기구의 책임|연결재무제표감사에 대한 감사인의 책임
00397191,2021,(주)팬엔터테인먼트,콘텐츠,59114,20220317001238,0,감사보고서,별도,1,0,1,0,,적정,,2020년 12월 31일 까지 우리회계법인,5,감사의견근거|핵심감사사항|강조사항|재무제표에 대한 경영진과 지배기구의 책임|재무제표감사에 대한 감사인의 책임
00397191,2022,(주)팬엔터테인먼트,콘텐츠,59114,20230316000308,0,감사보고서,별도,1,0,0,0,,적정,,2021년 12월 31일 까지 우리회계법인,5,감사의견근거|핵심감사사항|강조사항|재무제표에 대한 경영진과 지배기구의 책임|재무제표감사에 대한 감사인의 책임
00397191,2023,(주)팬엔터테인먼트,콘텐츠,59114,20240320000974,0,감사보고서,별도,1,0,1,0,,적정,,2022년 12월 31일 까지 우리회계법인,4,감사의견근거|핵심감사사항|재무제표에 대한 경영진과 지배기구의 책임|재무제표감사에 대한 감사인의 책임
00397191,2024,(주)팬엔터테인먼트,콘텐츠,59114,20250318001438,0,연결감사보고서,연결,1,0,0,0,,적정,,2024년 12월 31일 까지 삼일회계법인,5,감사의견근거|핵심감사사항|기타사항|연결재무제표에 대한 경영진과 지배기구의 책임|연결재무제표감사에 대한 감사인의 책임
00397191,2025,(주)팬엔터테인먼트,콘텐츠,59114,20260318001133,0,연결감사보고서,연결,1,0,0,0,,적정,,2024년 12월 31일 까지 삼일회계법인,4,감사의견근거|핵심감사사항|연결재무제표에 대한 경영진과 지배기구의 책임|연결재무제표감사에 대한 감사인의 책임
00397252,2019,(주)조이시티,게임,5821,20200330003140,0,연결감사보고서,연결,0,0,0,0,,적정,,2018년 12월 31일 까지 삼일회계법인,4,감사의견근거|연결재무제표에 대한 경영진과 지배기구의 책임|연결재무제표감사에 대한 감사인의 책임|기타사항
00397252,2020,(주)조이시티,게임,5821,20210317000894,0,연결감사보고서,연결,1,0,1,0,,적정,,2019년 12월 31일 까지 삼일회계법인,6,감사의견근거|핵심감사사항|연결재무제표에 대한 경영진과 지배기구의 책임|연결재무제표감사에 대한 감사인의 책임|기타사항|핵심감사사항
00397252,2021,(주)조이시티,게임,5821,20220321001510,0,연결감사보고서,연결,1,0,1,0,,적정,,2020년 12월 31일 까지 삼일회계법인,6,감사의견근거|핵심감사사항|연결재무제표에 대한 경영진과 지배기구의 책임|연결재무제표감사에 대한 감사인의 책임|기타사항|핵심감사사항
00397252,2022,(주)조이시티,게임,5821,20230317001062,0,연결감사보고서,연결,1,0,0,0,,적정,,2021년 12월 31일 까지 삼일회계법인,5,감사의견근거|핵심감사사항|연결재무제표에 대한 경영진과 지배기구의 책임|연결재무제표감사에 대한 감사인의 책임|기타사항
00397252,2023,(주)조이시티,게임,5821,20240319000003,0,연결감사보고서,연결,1,0,1,0,,적정,,,5,감사의견근거|핵심감사사항|기타사항|연결재무제표에 대한 경영진과 지배기구의 책임|연결재무제표감사에 대한 감사인의 책임
00397252,2024,(주)조이시티,게임,5821,20250318001172,0,연결감사보고서,연결,1,0,1,0,,적정,,,4,감사의견근거|핵심감사사항|연결재무제표에 대한 경영진과 지배기구의 책임|연결재무제표감사에 대한 감사인의 책임
00397252,2025,(주)조이시티,게임,5821,20260318001295,0,연결감사보고서,연결,1,0,1,0,,적정,,,4,감사의견근거|핵심감사사항|연결재무제표에 대한 경영진과 지배기구의 책임|연결재무제표감사에 대한 감사인의 책임
00405320,2019,(주)웹젠,게임,5821,20200327001194,0,연결감사보고서,연결,1,0,1,0,,적정,,2018년 12월 31일 까지 삼일회계법인,4,감사의견근거|핵심감사사항|연결재무제표에 대한 경영진과 지배기구의 책임|연결재무제표감사에 대한 감사인의 책임
00405320,2020,(주)웹젠,게임,5821,20210311000605,0,연결감사보고서,연결,1,0,1,0,,적정,,2019년 12월 31일 까지 삼일회계법인,4,감사의견근거|핵심감사사항|연결재무제표에 대한 경영진과 지배기구의 책임|연결재무제표감사에 대한 감사인의 책임
00405320,2021,(주)웹젠,게임,5821,20220316000678,0,연결감사보고서,연결,1,0,1,0,,적정,,2020년 12월 31일 까지 삼일회계법인,4,감사의견근거|핵심감사사항|연결재무제표에 대한 경영진과 지배기구의 책임|연결재무제표감사에 대한 감사인의 책임
00405320,2022,(주)웹젠,게임,5821,20230323000286,0,연결감사보고서,연결,1,0,1,0,,적정,,2021년 12월 31일 까지 삼일회계법인,4,감사의견근거|핵심감사사항|연결재무제표에 대한 경영진과 지배기구의 책임|연결재무제표감사에 대한 감사인의 책임
00405320,2023,(주)웹젠,게임,5821,20240313000247,0,연결감사보고서,연결,1,0,1,0,,적정,,강남파이낸스센터 27층) 삼정회계법인,5,감사의견근거|핵심감사사항|기타사항|연결재무제표에 대한 경영진과 지배기구의 책임|연결재무제표감사에 대한 감사인의 책임
00405320,2024,(주)웹젠,게임,5821,20250320000704,0,연결감사보고서,연결,1,0,1,0,,적정,,강남파이낸스센터 27층) 삼정회계법인,4,감사의견근거|핵심감사사항|연결재무제표에 대한 경영진과 지배기구의 책임|연결재무제표감사에 대한 감사인의 책임
00405320,2025,(주)웹젠,게임,5821,20260318000593,0,연결감사보고서,연결,1,0,1,0,,적정,,2024년 12월 31일 까지 삼정회계법인,4,감사의견근거|핵심감사사항|연결재무제표에 대한 경영진과 지배기구의 책임|연결재무제표감사에 대한 감사인의 책임
00444329,2019,(주)위메이드,게임,5821,20200327001813,0,연결감사보고서,연결,1,0,1,0,,적정,,2018년 12월 31일 까지 한영회계법인,4,감사의견근거|핵심감사사항|연결재무제표에 대한 경영진과 지배기구의 책임|연결재무제표감사에 대한 감사인의 책임
00444329,2020,(주)위메이드,게임,5821,20210317001252,0,연결감사보고서,연결,1,0,1,0,,적정,,2019년 12월 31일 까지 한영회계법인,4,감사의견근거|핵심감사사항|연결재무제표에 대한 경영진과 지배기구의 책임|연결재무제표감사에 대한 감사인의 책임
00444329,2021,(주)위메이드,게임,5821,20220330001704,0,연결감사보고서,연결,1,0,1,0,,적정,,강남파이낸스센터 27층) 삼정회계법인,6,감사의견근거|강조사항|핵심감사사항|기타사항|연결재무제표에 대한 경영진과 지배기구의 책임|연결재무제표감사에 대한 감사인의 책임
00444329,2022,(주)위메이드,게임,5821,20230327000993,0,연결감사보고서,연결,1,0,1,0,,적정,,강남파이낸스센터 27층) 삼정회계법인,5,감사의견근거|강조사항|핵심감사사항|연결재무제표에 대한 경영진과 지배기구의 책임|연결재무제표감사에 대한 감사인의 책임
00444329,2023,(주)위메이드,게임,5821,20240412003722,1,연결감사보고서,연결,1,0,1,0,,적정,,2022년 12월 31일 까지 삼정회계법인,6,감사의견근거|강조사항|핵심감사사항|기타사항|연결재무제표에 대한 경영진과 지배기구의 책임|연결재무제표감사에 대한 감사인의 책임
00444329,2024,(주)위메이드,게임,5821,20250320001699,0,연결감사보고서,연결,1,0,1,0,,적정,,료되는 보고기간의 연결재무제표는 삼정회계법인,5,감사의견근거|핵심감사사항|기타사항|연결재무제표에 대한 경영진과 지배기구의 책임|연결재무제표감사에 대한 감사인의 책임
00444329,2025,(주)위메이드,게임,5821,20260319000853,0,연결감사보고서,연결,1,0,0,0,,적정,,2024년 12월 31일 까지 삼일회계법인,4,감사의견근거|핵심감사사항|연결재무제표에 대한 경영진과 지배기구의 책임|연결재무제표감사에 대한 감사인의 책임
00476498,2019,(주)컴투스,게임,5821,20200330004409,0,연결감사보고서,연결,1,0,2,0,,적정,,2018년 12월 31일 까지 삼일회계법인,3,감사의견근거|핵심감사사항|연결재무제표에 대한 경영진과 지배기구의 책임
00476498,2020,(주)컴투스,게임,5821,20210318001263,0,연결감사보고서,연결,1,0,2,0,,미상,,2020년 12월 31일 까지 삼정회계법인,4,감사의견근거|핵심감사사항|기타사항|연결재무제표에 대한 경영진과 지배기구의 책임
00476498,2021,(주)컴투스,게임,5821,20220321001504,0,연결감사보고서,연결,1,0,2,0,,적정,,2020년 12월 31일 까지 삼정회계법인,3,감사의견근거|핵심감사사항|연결재무제표에 대한 경영진과 지배기구의 책임
00476498,2022,(주)컴투스,게임,5821,20230322001134,0,연결감사보고서,연결,1,0,1,0,,적정,,강남파이낸스센터 27층) 삼정회계법인,3,감사의견근거|핵심감사사항|연결재무제표에 대한 경영진과 지배기구의 책임
00476498,2023,(주)컴투스,게임,5821,20240322000010,0,연결감사보고서,연결,1,0,0,0,,적정,,2023년 12월 31일 까지 삼일회계법인,6,감사의견근거|강조사항|핵심감사사항|기타사항|연결재무제표에 대한 경영진과 지배기구의 책임|연결재무제표감사에 대한 감사인의 책임
00476498,2024,(주)컴투스,게임,5821,20250320001690,0,연결감사보고서,연결,1,0,0,0,,적정,,2023년 12월 31일 까지 삼일회계법인,4,감사의견근거|핵심감사사항|연결재무제표에 대한 경영진과 지배기구의 책임|연결재무제표감사에 대한 감사인의 책임
00476498,2025,(주)컴투스,게임,5821,20260320001410,0,연결감사보고서,연결,1,0,0,0,,적정,,2024년 12월 31일 까지 삼일회계법인,4,감사의견근거|핵심감사사항|연결재무제표에 대한 경영진과 지배기구의 책임|연결재무제표감사에 대한 감사인의 책임
00543204,2019,(주)아이오케이이엔엠,콘텐츠,591,20200330000272,0,연결감사보고서,연결,1,0,1,0,,적정,,018년 12월 31일 까지 정진세림회계법인,4,감사의견근거|핵심감사사항|연결재무제표에 대한 경영진과 지배기구의 책임|연결재무제표감사에 대한 감사인의 책임
00543204,2020,(주)아이오케이이엔엠,콘텐츠,591,20210323000661,0,연결감사보고서,연결,1,0,1,0,,적정,,는 보고기간의 연결재무제표는 정진세림회계법인,5,감사의견근거|핵심감사사항|기타사항|연결재무제표에 대한 경영진과 지배기구의 책임|연결재무제표감사에 대한 감사인의 책임
00543204,2021,(주)아이오케이이엔엠,콘텐츠,591,20220321001241,0,연결감사보고서,연결,1,0,1,0,,적정,,2020년 12월 31일 까지 태성회계법인,4,감사의견근거|핵심감사사항|연결재무제표에 대한 경영진과 지배기구의 책임|연결재무제표감사에 대한 감사인의 책임
00543204,2022,(주)아이오케이이엔엠,콘텐츠,591,20240314001583,1,연결감사보고서,연결,1,0,1,0,,적정,,2021년 12월 31일 까지 태성회계법인,6,감사의견근거|강조사항|핵심감사사항|기타사항|연결재무제표에 대한 경영진과 지배기구의 책임|연결재무제표감사에 대한 감사인의 책임
00543204,2023,(주)아이오케이이엔엠,콘텐츠,591,20240320001959,0,연결감사보고서,연결,1,0,0,0,,적정,,강남파이낸스센터 27층) 삼정회계법인,5,감사의견근거|핵심감사사항|기타사항|연결재무제표에 대한 경영진과 지배기구의 책임|연결재무제표감사에 대한 감사인의 책임
00543204,2024,(주)아이오케이이엔엠,콘텐츠,591,20250319001074,0,연결감사보고서,연결,1,0,0,0,,적정,,2024년 12월 31일 까지 정동회계법인,5,감사의견근거|핵심감사사항|기타사항|연결재무제표에 대한 경영진과 지배기구의 책임|연결재무제표감사에 대한 감사인의 책임
00543204,2025,(주)아이오케이이엔엠,콘텐츠,591,20260319001338,0,연결감사보고서,연결,1,0,0,0,,적정,,2024년 12월 31일 까지 정동회계법인,4,감사의견근거|핵심감사사항|연결재무제표에 대한 경영진과 지배기구의 책임|연결재무제표감사에 대한 감사인의 책임
00550082,2019,(주)캔버스엔,콘텐츠,59114,20200327000099,0,연결감사보고서,연결,0,0,0,0,,적정,,2019년 12월 31일 까지 삼덕회계법인,4,감사의견근거|기타사항|연결재무제표에 대한 경영진과 지배기구의 책임|연결재무제표감사에 대한 감사인의 책임
00550082,2020,(주)캔버스엔,콘텐츠,59114,20210315000442,0,연결감사보고서,연결,0,0,0,0,,적정,,2019년 12월 31일 까지 삼덕회계법인,3,감사의견근거|연결재무제표에 대한 경영진과 지배기구의 책임|연결재무제표감사에 대한 감사인의 책임
00550082,2021,(주)캔버스엔,콘텐츠,59114,20220324000903,0,감사보고서,별도,0,0,0,0,,적정,,)회사의 전기 재무제표는 타회계법인,4,감사의견근거|기타사항|재무제표에 대한 경영진과 지배기구의 책임|재무제표감사에 대한 감사인의 책임
00550082,2022,(주)캔버스엔,콘텐츠,59114,20230321001263,0,감사보고서,별도,0,0,0,0,,적정,,종료되는 보고기간의 재무제표는 삼일회계법인,4,감사의견근거|기타사항|재무제표에 대한 경영진과 지배기구의 책임|재무제표감사에 대한 감사인의 책임
00550082,2023,(주)캔버스엔,콘텐츠,59114,20240320001853,0,감사보고서,별도,1,0,1,0,,적정,,,4,감사의견근거|핵심감사사항|재무제표에 대한 경영진과 지배기구의 책임|재무제표감사에 대한 감사인의 책임
00550082,2024,(주)캔버스엔,콘텐츠,59114,20250314000809,0,감사보고서,별도,1,0,1,0,,적정,,2024년 12월 31일 까지 삼덕회계법인,5,감사의견근거|핵심감사사항|기타사항|재무제표에 대한 경영진과 지배기구의 책임|재무제표감사에 대한 감사인의 책임
00550082,2025,(주)캔버스엔,콘텐츠,59114,20260318000445,0,감사보고서,별도,1,0,1,0,,적정,,2024년 12월 31일 까지 삼덕회계법인,4,감사의견근거|핵심감사사항|재무제표에 대한 경영진과 지배기구의 책임|재무제표감사에 대한 감사인의 책임
00608699,2019,주식회사 탑코미디어,콘텐츠,631,20200330003885,0,감사보고서,별도,0,0,0,0,,적정,,2018년 12월 31일 까지 삼화회계법인,3,감사의견근거|재무제표에 대한 경영진과 지배기구의 책임|재무제표감사에 대한 감사인의 책임
00608699,2020,주식회사 탑코미디어,콘텐츠,631,20210316000553,0,감사보고서,별도,1,0,1,0,,적정,,2019년 12월 31일 까지 인덕회계법인,6,감사의견근거|강조사항|핵심감사사항|기타사항|재무제표에 대한 경영진과 지배기구의 책임|재무제표감사에 대한 감사인의 책임
00608699,2021,주식회사 탑코미디어,콘텐츠,631,20240122000375,1,감사보고서,별도,1,0,1,0,,적정,,2020년 12월 31일 까지 인덕회계법인,10,강조사항|기타사항|강조사항|기타사항|감사의견근거|강조사항|기타사항|핵심감사사항|재무제표에 대한 경영진과 지배기구의 책임|재무제표감사에 대한 감사인의 책임
00608699,2022,주식회사 탑코미디어,콘텐츠,631,20240122000380,1,연결감사보고서,연결,1,0,1,0,,적정,,대하빌딩) 인덕회계법인,8,강조사항|기타사항|감사의견근거|강조사항|기타사항|핵심감사사항|연결재무제표에 대한 경영진과 지배기구의 책임|연결재무제표감사에 대한 감사인의 책임
00608699,2023,주식회사 탑코미디어,콘텐츠,631,20240320002021,0,연결감사보고서,연결,1,0,1,0,,적정,,료되는 보고기간의 연결재무제표는 인덕회계법인,5,감사의견근거|핵심감사사항|기타사항|연결재무제표에 대한 경영진과 지배기구의 책임|연결재무제표감사에 대한 감사인의 책임
00608699,2024,주식회사 탑코미디어,콘텐츠,631,20250318001254,0,연결감사보고서,연결,1,0,1,0,,적정,,료되는 보고기간의 연결재무제표는 삼일회계법인,5,감사의견 근거|핵심감사사항|기타사항|연결재무제표에 대한 경영진과 지배기구의 책임|연결재무제표감사에 대한 감사인의 책임
00608699,2025,주식회사 탑코미디어,콘텐츠,631,20260319000016,0,연결감사보고서,연결,1,0,1,0,,적정,,2024년 12월 31일 까지 대주회계법인,4,감사의견 근거|핵심감사사항|연결재무제표에 대한 경영진과 지배기구의 책임|연결재무제표감사에 대한 감사인의 책임
00609661,2022,(주)티쓰리엔터테인먼트,게임,5821,20230314001024,0,연결감사보고서,연결,1,0,0,0,,적정,,2022년 12월 31일 까지 삼덕회계법인,5,감사의견근거|기타사항|핵심감사사항|연결재무제표에 대한 경영진과 지배기구의 책임|연결재무제표감사에 대한 감사인의 책임
00609661,2023,(주)티쓰리엔터테인먼트,게임,5821,20240319000786,0,연결감사보고서,연결,1,0,2,0,,적정,,2022년 12월 31일 까지 삼덕회계법인,4,감사의견근거|핵심감사사항|연결재무제표에 대한 경영진과 지배기구의 책임|연결재무제표감사에 대한 감사인의 책임
00609661,2024,(주)티쓰리엔터테인먼트,게임,5821,20250318000594,0,연결감사보고서,연결,1,0,1,0,,적정,,2023년 12월 31일 까지 삼덕회계법인,4,감사의견근거|핵심감사사항|연결재무제표에 대한 경영진과 지배기구의 책임|연결재무제표감사에 대한 감사인의 책임
00609661,2025,(주)티쓰리엔터테인먼트,게임,5821,20260312000986,0,연결감사보고서,연결,1,0,1,0,,적정,,2024년 12월 31일 까지 삼덕회계법인,4,감사의견근거|핵심감사사항|연결재무제표에 대한 경영진과 지배기구의 책임|연결재무제표감사에 대한 감사인의 책임
00613318,2019,(주)와이지엔터테인먼트,콘텐츠,59201,20200330003440,0,연결감사보고서,연결,1,0,1,0,,적정,,2018년 12월 31일 까지 한영회계법인,4,감사의견근거|핵심감사사항|재무제표에 대한 경영진과 지배기구의 책임|연결재무제표감사에 대한 감사인의 책임
00613318,2020,(주)와이지엔터테인먼트,콘텐츠,59201,20210318001109,0,연결감사보고서,연결,1,0,1,0,,적정,,2019년 12월 31일 까지 한영회계법인,7,감사의견근거|강조사항|핵심감사사항|연결재무제표에 대한 경영진과 지배기구의 책임|연결재무제표감사에 대한 감사인의 책임|핵심감사사항|핵심감사사항
00613318,2021,(주)와이지엔터테인먼트,콘텐츠,59201,20220317001082,0,연결감사보고서,연결,1,0,1,0,,적정,,2020년 12월 31일 까지 한영회계법인,7,감사의견근거|강조사항|핵심감사사항|연결재무제표에 대한 경영진과 지배기구의 책임|연결재무제표감사에 대한 감사인의 책임|핵심감사사항|핵심감사사항
00613318,2022,(주)와이지엔터테인먼트,콘텐츠,59201,20230316001185,0,연결감사보고서,연결,1,0,0,0,,적정,,료되는 보고기간의 연결재무제표는 한영회계법인,5,감사의견근거|핵심감사사항|기타사항|연결재무제표에 대한 경영진과 지배기구의 책임|연결재무제표감사에 대한 감사인의 책임
00613318,2023,(주)와이지엔터테인먼트,콘텐츠,59201,20240321000506,0,연결감사보고서,연결,1,0,0,0,,적정,,,4,감사의견근거|핵심감사사항|연결재무제표에 대한 경영진과 지배기구의 책임|연결재무제표감사에 대한 감사인의 책임
00613318,2024,(주)와이지엔터테인먼트,콘텐츠,59201,20250320001675,0,연결감사보고서,연결,1,0,0,0,,적정,,,4,감사의견근거|핵심감사사항|연결재무제표에 대한 경영진과 지배기구의 책임|연결재무제표감사에 대한 감사인의 책임
00613318,2025,(주)와이지엔터테인먼트,콘텐츠,59201,20260319001332,0,연결감사보고서,연결,1,0,1,0,,적정,,한영회계법인,5,감사의견근거|핵심감사사항|기타사항|연결재무제표에 대한 경영진과 지배기구의 책임|연결재무제표감사에 대한 감사인의 책임
00628860,2019,(주)네오위즈,게임,5821,20200330003529,0,연결감사보고서,연결,1,0,1,0,,적정,,2018년 12월 31일 까지 삼일회계법인,4,감사의견근거|핵심감사사항|연결재무제표에 대한 경영진과 지배기구의 책임|연결재무제표감사에 대한 감사인의 책임
00628860,2020,(주)네오위즈,게임,5821,20210317001151,0,연결감사보고서,연결,1,0,1,0,,적정,,2020년 12월 31일 까지 삼정회계법인,5,감사의견근거|핵심감사사항|기타사항|연결재무제표에 대한 경영진과 지배기구의 책임|연결재무제표감사에 대한 감사인의 책임
00628860,2021,(주)네오위즈,게임,5821,20220316001366,0,연결감사보고서,연결,1,0,1,0,,적정,,2020년 12월 31일 까지 삼정회계법인,4,감사의견근거|핵심감사사항|연결재무제표에 대한 경영진과 지배기구의 책임|연결재무제표감사에 대한 감사인의 책임
00628860,2022,(주)네오위즈,게임,5821,20230321001558,0,연결감사보고서,연결,1,0,1,0,,적정,,강남파이낸스센터 27층) 삼정회계법인,4,감사의견근거|핵심감사사항|연결재무제표에 대한 경영진과 지배기구의 책임|연결재무제표감사에 대한 감사인의 책임
00628860,2023,(주)네오위즈,게임,5821,20240320001958,0,연결감사보고서,연결,1,0,2,0,,적정,,료되는 보고기간의 연결재무제표는 삼정회계법인,5,감사의견근거|핵심감사사항|기타사항|연결재무제표에 대한 경영진과 지배기구의 책임|연결재무제표감사에 대한 감사인의 책임
00628860,2024,(주)네오위즈,게임,5821,20250319000997,0,연결감사보고서,연결,1,0,1,0,,적정,,2023년 12월 31일 까지 삼일회계법인,4,감사의견근거|핵심감사사항|연결재무제표에 대한 경영진과 지배기구의 책임|연결재무제표감사에 대한 감사인의 책임
00628860,2025,(주)네오위즈,게임,5821,20260319001284,0,연결감사보고서,연결,1,0,1,0,,적정,,2024년 12월 31일 까지 삼일회계법인,4,감사의견근거|핵심감사사항|연결재무제표에 대한 경영진과 지배기구의 책임|연결재무제표감사에 대한 감사인의 책임
00643656,2019,(주)위메이드맥스,게임,5821,20200327002021,0,연결감사보고서,연결,0,0,0,1,"재무제표에 대한 주석 35에 주의를 기울여야 할 필요가 있습니다. 재무제표에 대한 주석 35는 2019년 12월 31일로 종료되는 보고기간에 순손실 15,993백만원이 발생하였습니다. 주석 35에서 기술된 바와 같이, 이러한 사건이나 상황은 주석 35에서 설명하고 있는 다른 사항과 더불어 계속기업으로서의 존속능력에 유의적 의문을 제기할 만한 중요한 불확실성이 존재함을 나타냅니다. 우리의 의견은 이 사항으로부터 영향을 받지 아니합니다.",적정,,2018년 12월 31일 까지 삼덕회계법인,5,감사의견근거|계속기업 관련 중요한 불확실성|강조사항|연결재무제표에 대한 경영진과 지배기구의 책임|연결재무제표감사에 대한 감사인의 책임
00643656,2020,(주)위메이드맥스,게임,5821,20210317001213,0,연결감사보고서,연결,1,0,1,0,,적정,,2020년 12월 31일 까지 삼일회계법인,6,감사의견근거|핵심감사사항|강조사항|기타사항|연결재무제표에 대한 경영진과 지배기구의 책임|연결재무제표감사에 대한 감사인의 책임
00643656,2021,(주)위메이드맥스,게임,5821,20220323001271,0,연결감사보고서,연결,1,0,1,0,,적정,,강남파이낸스센터 27층) 삼정회계법인,5,감사의견근거|핵심감사사항|기타사항|연결재무제표에 대한 경영진과 지배기구의 책임|연결재무제표감사에 대한 감사인의 책임
00643656,2022,(주)위메이드맥스,게임,5821,20230323001423,0,연결감사보고서,연결,1,0,1,0,,적정,,강남파이낸스센터 27층) 삼정회계법인,4,감사의견근거|핵심감사사항|연결재무제표에 대한 경영진과 지배기구의 책임|연결재무제표감사에 대한 감사인의 책임
00643656,2023,(주)위메이드맥스,게임,5821,20240321001857,0,연결감사보고서,연결,1,0,1,0,,적정,,2022년 12월 31일 까지 삼정회계법인,4,감사의견근거|핵심감사사항|연결재무제표에 대한 경영진과 지배기구의 책임|연결재무제표감사에 대한 감사인의 책임
00643656,2024,(주)위메이드맥스,게임,5821,20250313001305,0,연결감사보고서,연결,1,0,1,0,,적정,,강남파이낸스센터 27층) 삼정회계법인,4,감사의견근거|핵심감사사항|연결재무제표에 대한 경영진과 지배기구의 책임|연결재무제표감사에 대한 감사인의 책임
00643656,2025,(주)위메이드맥스,게임,5821,20260316001649,0,연결감사보고서,연결,1,0,1,0,,적정,,2025년 12월 31일 까지 삼일회계법인,5,감사의견근거|핵심감사사항|기타사항|연결재무제표에 대한 경영진과 지배기구의 책임|연결재무제표감사에 대한 감사인의 책임
00650629,2019,SBS미디어홀딩스(주),콘텐츠,602,20200330003619,0,연결감사보고서,연결,1,0,1,0,,적정,,2018년 12월 31일 까지 한영회계법인,4,감사의견근거|핵심감사사항|연결재무제표에 대한 경영진과 지배기구의 책임|연결재무제표감사에 대한 감사인의 책임
00650629,2020,SBS미디어홀딩스(주),콘텐츠,602,20210317001263,0,연결감사보고서,연결,1,0,1,0,,적정,,2020년 12월 31일 까지 삼일회계법인,6,감사의견근거|핵심감사사항|강조사항|기타사항|연결재무제표에 대한 경영진과 지배기구의 책임|연결재무제표감사에 대한 감사인의 책임
00657987,2019,(주)케이엑스이노베이션,콘텐츠,60221,20200330004672,0,연결감사보고서,연결,1,0,1,0,,적정,,2018년 12월 31일 까지 신우회계법인,4,감사의견근거|핵심감사사항|연결재무제표에 대한 경영진과 지배기구의 책임|연결재무제표감사에 대한 감사인의 책임
00657987,2020,(주)케이엑스이노베이션,콘텐츠,60221,20210322001028,1,연결감사보고서,연결,1,0,2,0,,적정,,2019년 12월 31일 까지 신우회계법인,4,감사의견근거|핵심감사사항|연결재무제표에 대한 경영진과 지배기구의 책임|연결재무제표감사에 대한 감사인의 책임
00657987,2021,(주)케이엑스이노베이션,콘텐츠,60221,20220314001170,0,연결감사보고서,연결,1,0,2,0,,적정,,2020년 12월 31일 까지 신우회계법인,4,감사의견근거|핵심감사사항|연결재무제표에 대한 경영진과 지배기구의 책임|연결재무제표감사에 대한 감사인의 책임
00657987,2022,(주)케이엑스이노베이션,콘텐츠,60221,20230320001039,0,연결감사보고서,연결,1,0,0,0,,적정,,2021년 12월 31일 까지 신우회계법인,4,감사의견근거|핵심감사사항|연결재무제표에 대한 경영진과 지배기구의 책임|연결재무제표감사에 대한 감사인의 책임
00657987,2023,(주)케이엑스이노베이션,콘텐츠,60221,20240320001693,0,연결감사보고서,연결,1,0,0,0,,적정,,2023년 12월 31일 까지 신우회계법인,4,감사의견근거|핵심감사사항|연결재무제표에 대한 경영진과 지배기구의 책임|연결재무제표감사에 대한 감사인의 책임
00657987,2024,(주)케이엑스이노베이션,콘텐츠,60221,20250318001366,0,연결감사보고서,연결,1,0,0,0,,적정,,2023년 12월 31일 까지 신우회계법인,4,감사의견근거|핵심감사사항|연결재무제표에 대한 경영진과 지배기구의 책임|연결재무제표감사에 대한 감사인의 책임
00657987,2025,(주)케이엑스이노베이션,콘텐츠,60221,20260320001332,0,연결감사보고서,연결,1,0,0,0,,적정,,2025년 12월 31일 까지 인덕회계법인,5,감사의견근거|핵심감사사항|기타사항|연결재무제표에 대한 경영진과 지배기구의 책임|연결재무제표감사에 대한 감사인의 책임
00760971,2019,주식회사 크래프톤,게임,5821,20200330004316,0,연결감사보고서,연결,0,0,0,0,,적정,,2018년 12월 31일 까지 삼일회계법인,3,감사의견근거|연결재무제표에 대한 경영진과 지배기구의 책임|연결재무제표감사에 대한 감사인의 책임
00760971,2020,주식회사 크래프톤,게임,5821,20210331003279,0,연결감사보고서,연결,0,0,0,0,,적정,,2020년 12월 31일 까지 한영회계법인,4,감사의견근거|기타사항|연결재무제표에 대한 경영진과 지배기구의 책임|연결재무제표감사에 대한 감사인의 책임
00760971,2021,주식회사 크래프톤,게임,5821,20220314000894,0,연결감사보고서,연결,1,0,1,0,,적정,,2020년 12월 31일 까지 한영회계법인,4,감사의견근거|핵심감사사항|연결재무제표에 대한 경영진과 지배기구의 책임|연결재무제표감사에 대한 감사인의 책임
00760971,2022,주식회사 크래프톤,게임,5821,20230320000728,0,연결감사보고서,연결,1,0,1,0,,적정,,강남파이낸스센터 27층) 삼정회계법인,5,감사의견근거|핵심감사사항|기타사항|연결재무제표에 대한 경영진과 지배기구의 책임|연결재무제표감사에 대한 감사인의 책임
00760971,2023,주식회사 크래프톤,게임,5821,20240318000420,0,연결감사보고서,연결,1,0,1,0,,적정,,강남파이낸스센터 27층) 삼정회계법인,4,감사의견근거|핵심감사사항|연결재무제표에 대한 경영진과 지배기구의 책임|연결재무제표감사에 대한 감사인의 책임
00760971,2024,주식회사 크래프톤,게임,5821,20250318001121,0,연결감사보고서,연결,1,0,1,0,,적정,,강남파이낸스센터 27층) 삼정회계법인,4,감사의견근거|핵심감사사항|연결재무제표에 대한 경영진과 지배기구의 책임|연결재무제표감사에 대한 감사인의 책임
00760971,2025,주식회사 크래프톤,게임,5821,20260316001313,0,연결감사보고서,연결,1,0,1,0,,적정,,강남파이낸스센터 27층) 삼정회계법인,4,감사의견근거|핵심감사사항|연결재무제표에 대한 경영진과 지배기구의 책임|연결재무제표감사에 대한 감사인의 책임
00814786,2019,(주)티엔엔터테인먼트,콘텐츠,591,,0,,,0,0,0,0,,,,,0,
00814786,2020,(주)티엔엔터테인먼트,콘텐츠,591,20200928000251,0,연결감사보고서,연결,0,0,0,0,,적정,,,4,감사의견근거|강조사항|연결재무제표에 대한 경영진과 지배기구의 책임|연결재무제표감사에 대한 감사인의 책임
00814786,2021,(주)티엔엔터테인먼트,콘텐츠,591,20210917000602,0,연결감사보고서,연결,1,0,1,1,"첨부된 연결재무제표는 연결회사가 계속기업으로서 존속할 것이라는 가정을 전제로 작성되었으므로 연결회사의 자산과 부채가 정상적인 사업활동 과정을 통하여 장부금액으로 회수되거나 상환될 수 있다는 가정하에 회계처리되었습니다. 그러나, 주석 38에서 설명하고 있는 바와 같이, 연결회사는 2021년 6월 30일로 종료되는 보고기간에 영업손실 11,947백만원 및 당기순손실 25,718백만원을 인식하여 당기말 현재 103,543백만원의 누적결손금을 계상하고 있으며, 당기말 현재 유동부채가 유동자산을 471백만원 초과하고 있습니다. 이러한 상황은 연결회사의 계속기업으로서의 존속능력에 유의한 의문을 불러일으킬 만한 중요한 불확실성이 존재함을 의미하며, 이로 인해 연결회사의 자산과 부채를 정상적인 사업활동 과정을 통하여 장부금액으로 회수하거나 상환하지 못할 수도 있습니다. 이와 같이 불확실성의 최종 결과로 계속기업가정이 타당하지 않을 경우에 발생될 수도 있는 자산과 부채의 금액 및 분류 표시와 관련 손익항목에 대한 수정사항은 연결재무제표에 반영되어 있지 않습니다. 우리의 의견은 이 사항으로부터 영향을 받지 아니합니다.",적정,,021년 06월 30일 까지 예교지성회계법인,7,감사의견근거|계속기업 관련 중요한 불확실성|핵심감사사항|강조사항|기타사항|연결재무제표에 대한 경영진과 지배기구의 책임|연결재무제표감사에 대한 감사인의 책임
00814786,2022,(주)티엔엔터테인먼트,콘텐츠,591,20230322000770,0,연결감사보고서,연결,1,0,0,0,,적정,,2022년 06월 30일 까지 우리회계법인,5,감사의견근거|핵심감사사항|강조사항|연결재무제표에 대한 경영진과 지배기구의 책임|연결재무제표감사에 대한 감사인의 책임
00814786,2023,(주)티엔엔터테인먼트,콘텐츠,591,20240320000545,0,감사보고서,별도,1,0,1,0,,적정,,2022년 12월 31일 까지 우리회계법인,5,감사의견근거|핵심감사사항|강조사항|재무제표에 대한 경영진과 지배기구의 책임|재무제표감사에 대한 감사인의 책임
00814786,2024,(주)티엔엔터테인먼트,콘텐츠,591,20250321001356,0,감사보고서,별도,1,0,0,0,,적정,,2024년 12월 31일 까지 삼일회계법인,5,감사의견근거|핵심감사사항|기타사항|재무제표에 대한 경영진과 지배기구의 책임|재무제표감사에 대한 감사인의 책임
00814786,2025,(주)티엔엔터테인먼트,콘텐츠,591,20260323001027,0,감사보고서,별도,1,0,1,0,,적정,,강남파이낸스센터 27층) 삼정회계법인,5,감사의견근거|핵심감사사항|기타사항|재무제표에 대한 경영진과 지배기구의 책임|재무제표감사에 대한 감사인의 책임
00815767,2019,(주)위메이드플레이,게임,5821,20200330003353,0,연결감사보고서,연결,1,0,0,0,,적정,,2018년 12월 31일 까지 안세회계법인,4,감사의견근거|핵심감사사항|연결재무제표에 대한 경영진과 지배기구의 책임|연결재무제표감사에 대한 감사인의 책임
00815767,2020,(주)위메이드플레이,게임,5821,20210318001377,0,연결감사보고서,연결,1,0,1,0,,미상,,2020년 12월 31일 까지 삼정회계법인,4,감사의견근거|핵심감사사항|기타사항|연결재무제표에 대한 경영진과 지배기구의 책임
00815767,2021,(주)위메이드플레이,게임,5821,20220323001034,0,연결감사보고서,연결,1,0,1,0,,적정,,2021년 12월 31일 까지 삼일회계법인,5,감사의견근거|핵심감사사항|기타사항|연결재무제표에 대한 경영진과 지배기구의 책임|연결재무제표감사에 대한 감사인의 책임
00815767,2022,(주)위메이드플레이,게임,5821,20230315001343,0,연결감사보고서,연결,1,0,0,0,,적정,,2021년 12월 31일 까지 삼일회계법인,4,감사의견근거|핵심감사사항|연결재무제표에 대한 경영진과 지배기구의 책임|연결재무제표감사에 대한 감사인의 책임
00815767,2023,(주)위메이드플레이,게임,5821,20240314001569,0,연결감사보고서,연결,1,0,0,0,,적정,,2022년 12월 31일 까지 삼일회계법인,4,감사의견근거|핵심감사사항|연결재무제표에 대한 경영진과 지배기구의 책임|연결재무제표감사에 대한 감사인의 책임
00815767,2024,(주)위메이드플레이,게임,5821,20250313001411,0,연결감사보고서,연결,0,0,0,0,,적정,,2024년 12월 31일 까지 삼정회계법인,4,감사의견근거|기타사항|재무제표에 대한 경영진과 지배기구의 책임|재무제표감사에 대한 감사인의 책임
00815767,2025,(주)위메이드플레이,게임,5821,20260316001197,0,연결감사보고서,연결,1,0,1,0,,적정,,2024년 12월 31일 까지 삼정회계법인,4,감사의견근거|핵심감사사항|연결재무제표에 대한 경영진과 지배기구의 책임|연결재무제표감사에 대한 감사인의 책임
00904672,2019,넷마블(주),게임,5821,20200330003816,0,연결감사보고서,연결,1,0,0,0,,적정,,2018년 12월 31일 까지 안진회계법인,4,감사의견근거|핵심감사사항|연결재무제표에 대한 경영진과 지배기구의 책임|연결재무제표감사에 대한 감사인의 책임
00904672,2020,넷마블(주),게임,5821,20210318001389,0,연결감사보고서,연결,1,0,0,0,,적정,,2019년 12월 31일 까지 안진회계법인,4,감사의견근거|핵심감사사항|연결재무제표에 대한 경영진과 지배기구의 책임|연결재무제표감사에 대한 감사인의 책임
00904672,2021,넷마블(주),게임,5821,20220321001426,0,연결감사보고서,연결,1,0,0,0,,적정,,2020년 12월 31일 까지 안진회계법인,4,감사의견근거|핵심감사사항|연결재무제표에 대한 경영진과 지배기구의 책임|연결재무제표감사에 대한 감사인의 책임
00904672,2022,넷마블(주),게임,5821,20230321001358,0,연결감사보고서,연결,1,0,0,0,,적정,,2021년 12월 31일 까지 안진회계법인,4,감사의견근거|핵심감사사항|연결재무제표에 대한 경영진과 지배기구의 책임|연결재무제표감사에 대한 감사인의 책임
00904672,2023,넷마블(주),게임,5821,20240320001885,0,연결감사보고서,연결,1,0,0,0,,적정,,2022년 12월 31일 까지 안진회계법인,4,감사의견근거|핵심감사사항|연결재무제표에 대한 경영진과 지배기구의 책임|연결재무제표감사에 대한 감사인의 책임
00904672,2024,넷마블(주),게임,5821,20250321001686,0,연결감사보고서,연결,1,0,0,0,,적정,,2023년 12월 31일 까지 안진회계법인,4,감사의견근거|핵심감사사항|연결재무제표에 대한 경영진과 지배기구의 책임|연결재무제표감사에 대한 감사인의 책임
00904672,2025,넷마블(주),게임,5821,20260318001170,0,연결감사보고서,연결,1,0,1,0,,적정,,강남파이낸스센터 27층) 삼정회계법인,5,감사의견근거|핵심감사사항|기타사항|연결재무제표에 대한 경영진과 지배기구의 책임|연결재무제표감사에 대한 감사인의 책임
00925295,2019,(주)에프엔씨엔터테인먼트,콘텐츠,901,20200330003573,0,연결감사보고서,연결,0,0,0,0,,적정,,2018년 12월 31일 까지 삼일회계법인,3,감사의견근거|연결재무제표에 대한 경영진과 지배기구의 책임|연결재무제표감사에 대한 감사인의 책임
00925295,2020,(주)에프엔씨엔터테인먼트,콘텐츠,901,20210319001233,0,연결감사보고서,연결,1,0,1,0,,적정,,2019년 12월 31일 까지 삼일회계법인,6,감사의견근거|강조사항|핵심감사사항|연결재무제표에 대한 경영진과 지배기구의 책임|연결재무제표감사에 대한 감사인의 책임|핵심감사사항
00925295,2021,(주)에프엔씨엔터테인먼트,콘텐츠,901,20220321001377,0,연결감사보고서,연결,1,0,1,0,,적정,,2020년 12월 31일 까지 삼일회계법인,5,감사의견근거|강조사항|핵심감사사항|연결재무제표에 대한 경영진과 지배기구의 책임|연결재무제표감사에 대한 감사인의 책임
00925295,2022,(주)에프엔씨엔터테인먼트,콘텐츠,901,20230321001361,0,연결감사보고서,연결,1,0,1,0,,적정,,2022년 12월 31일 까지 서현회계법인,5,감사의견근거|핵심감사사항|기타사항|연결재무제표에 대한 경영진과 지배기구의 책임|연결재무제표감사에 대한 감사인의 책임
00925295,2023,(주)에프엔씨엔터테인먼트,콘텐츠,901,20240320001148,0,연결감사보고서,연결,1,0,1,0,,적정,,2022년 12월 31일 까지 서현회계법인,4,감사의견근거|핵심감사사항|연결재무제표에 대한 경영진과 지배기구의 책임|연결재무제표감사에 대한 감사인의 책임
00925295,2024,(주)에프엔씨엔터테인먼트,콘텐츠,901,20250318000973,0,연결감사보고서,연결,1,0,1,0,,적정,,2023년 12월 31일 까지 서현회계법인,4,감사의견근거|핵심감사사항|연결재무제표에 대한 경영진과 지배기구의 책임|연결재무제표감사에 대한 감사인의 책임
00925295,2025,(주)에프엔씨엔터테인먼트,콘텐츠,901,20260319001399,0,연결감사보고서,연결,1,0,1,0,,적정,,2025년 12월 31일 까지 삼일회계법인,5,감사의견근거|핵심감사사항|기타사항|연결재무제표에 대한 경영진과 지배기구의 책임|연결재무제표감사에 대한 감사인의 책임
00965813,2019,(주)미투온,게임,5821,20200327000843,0,연결감사보고서,연결,1,0,1,0,,적정,,2018년 12월 31일 까지 우리회계법인,4,감사의견근거|핵심감사사항|연결재무제표에 대한 경영진과 지배기구의 책임|연결재무제표감사에 대한 감사인의 책임
00965813,2020,(주)미투온,게임,5821,20210318000974,0,연결감사보고서,연결,1,0,1,0,,적정,,2019년 12월 31일 까지 우리회계법인,4,감사의견근거|핵심감사사항|연결재무제표에 대한 경영진과 지배기구의 책임|연결재무제표감사에 대한 감사인의 책임
00965813,2021,(주)미투온,게임,5821,20220322000426,0,연결감사보고서,연결,1,0,1,0,,적정,,2021년 12월 31일 까지 우리회계법인,4,감사의견근거|핵심감사사항|연결재무제표에 대한 경영진과 지배기구의 책임|연결재무제표감사에 대한 감사인의 책임
00965813,2022,(주)미투온,게임,5821,20230322001177,0,연결감사보고서,연결,1,0,1,0,,적정,,2021년 12월 31일 까지 우리회계법인,4,감사의견근거|핵심감사사항|연결재무제표에 대한 경영진과 지배기구의 책임|연결재무제표감사에 대한 감사인의 책임
00965813,2023,(주)미투온,게임,5821,20240321001745,0,연결감사보고서,연결,1,0,1,0,,적정,,2022년 12월 31일 까지 우리회계법인,4,감사의견근거|핵심감사사항|연결재무제표에 대한 경영진과 지배기구의 책임|연결재무제표감사에 대한 감사인의 책임
00965813,2024,(주)미투온,게임,5821,20250320001679,0,연결감사보고서,연결,1,0,1,0,,적정,,울특별시 서초구 사평대로 361 삼도회계법인,4,감사의견근거|핵심감사사항|연결재무제표에 대한 경영진과 지배기구의 책임|연결재무제표감사에 대한 감사인의 책임
00965813,2025,(주)미투온,게임,5821,20260320001256,0,연결감사보고서,연결,1,0,1,0,,적정,,2024년 12월 31일 까지 삼도회계법인,4,감사의견근거|핵심감사사항|연결재무제표에 대한 경영진과 지배기구의 책임|연결재무제표감사에 대한 감사인의 책임
00974927,2019,(주)넥스트엔터테인먼트월드,콘텐츠,591,20200330004443,0,연결감사보고서,연결,1,0,1,0,,적정,,2018년 12월 31일 까지 삼일회계법인,4,감사의견근거|핵심감사사항|연결재무제표에 대한 경영진과 지배기구의 책임|연결재무제표감사에 대한 감사인의 책임
00974927,2020,(주)넥스트엔터테인먼트월드,콘텐츠,591,20210318001309,0,연결감사보고서,연결,1,0,1,0,,적정,,2019년 12월 31일 까지 삼일회계법인,5,감사의견근거|강조사항|핵심감사사항|연결재무제표에 대한 경영진과 지배기구의 책임|연결재무제표감사에 대한 감사인의 책임
00974927,2021,(주)넥스트엔터테인먼트월드,콘텐츠,591,20220317001168,0,연결감사보고서,연결,1,0,1,0,,적정,,2021년 12월 31일 까지 삼도회계법인,6,감사의견근거|강조사항|핵심감사사항|기타사항|연결재무제표에 대한 경영진과 지배기구의 책임|연결재무제표감사에 대한 감사인의 책임
00974927,2022,(주)넥스트엔터테인먼트월드,콘텐츠,591,20230321001370,0,연결감사보고서,연결,1,0,1,0,,적정,,2021년 12월 31일 까지 삼도회계법인,5,감사의견근거|강조사항|핵심감사사항|연결재무제표에 대한 경영진과 지배기구의 책임|연결재무제표감사에 대한 감사인의 책임
00974927,2023,(주)넥스트엔터테인먼트월드,콘텐츠,591,20240319000700,0,연결감사보고서,연결,1,0,1,0,,적정,,2022년 12월 31일 까지 삼도회계법인,4,감사의견근거|핵심감사사항|연결재무제표에 대한 경영진과 지배기구의 책임|연결재무제표감사에 대한 감사인의 책임
00974927,2024,(주)넥스트엔터테인먼트월드,콘텐츠,591,20250319001098,0,연결감사보고서,연결,1,0,1,0,,적정,,2024년 12월 31일 까지 삼일회계법인,5,감사의견근거|핵심감사사항|기타사항|연결재무제표에 대한 경영진과 지배기구의 책임|연결재무제표감사에 대한 감사인의 책임
00974927,2025,(주)넥스트엔터테인먼트월드,콘텐츠,591,20260318001609,0,연결감사보고서,연결,1,0,1,0,,적정,,2024년 12월 31일 까지 삼일회계법인,4,감사의견근거|핵심감사사항|연결재무제표에 대한 경영진과 지배기구의 책임|연결재무제표감사에 대한 감사인의 책임
00975290,2019,(주)에이스토리,콘텐츠,591,20200330002625,0,감사보고서,별도,1,1,0,0,,적정,,23 (삼성동) 남양빌딩 5층 일신회계법인,5,감사의견근거|핵심감사사항|기타사항|재무제표에 대한 경영진과 지배기구의 책임|재무제표감사에 대한 감사인의 책임
00975290,2020,(주)에이스토리,콘텐츠,591,20210319000884,0,감사보고서,별도,1,0,2,0,,적정,,경영지원실장 회계법인,5,감사의견근거|핵심감사사항|재무제표에 대한 경영진과 지배기구의 책임|재무제표감사에 대한 감사인의 책임|기타사항
00975290,2021,(주)에이스토리,콘텐츠,591,20220321000998,0,연결감사보고서,연결,1,0,2,0,,미상,,경영지원실장 회계법인,4,감사의견근거|핵심감사사항|재무제표에 대한 경영진과 지배기구의 책임|재무제표감사에 대한 감사인의 책임
00975290,2022,(주)에이스토리,콘텐츠,591,20230321000923,0,연결감사보고서,연결,1,0,1,0,,적정,,재무이사회계법인,5,감사의견근거|핵심감사사항|재무제표에 대한 경영진과 지배기구의 책임|재무제표감사에 대한 감사인의 책임|핵심감사사항
00975290,2023,(주)에이스토리,콘텐츠,591,20240321001572,0,연결감사보고서,연결,1,0,1,0,,적정,,재무이사회계법인,5,감사의견근거|핵심감사사항|재무제표에 대한 경영진과 지배기구의 책임|재무제표감사에 대한 감사인의 책임|핵심감사사항
00975290,2024,(주)에이스토리,콘텐츠,591,20250320001255,0,연결감사보고서,연결,1,0,1,0,,적정,,재무이사회계법인,5,감사의견근거|핵심감사사항|재무제표에 대한 경영진과 지배기구의 책임|재무제표감사에 대한 감사인의 책임|핵심감사사항
00975290,2025,(주)에이스토리,콘텐츠,591,20260318001707,0,연결감사보고서,연결,1,0,1,0,,적정,,재무이사회계법인,5,감사의견근거|핵심감사사항|연결재무제표에 대한 경영진과 지배기구의 책임|연결재무제표감사에 대한 감사인의 책임|핵심감사사항
00977696,2019,(주)넥스쳐,게임,5821,20200406003216,0,연결감사보고서,연결,0,0,0,0,,의견거절,"(1) 기초연결재무제표에 대한 감사범위 제한 2018년 12월 31일로 종료하는 보고기간의 연결재무제표는 타감사인이 감사하였으며, 2019년 3월 21일자 감사보고서에서 감사의견을 표명하지 아니하였습니다. 의견거절 사유 중 ""(2) 특수관계자의 범위 및 거래내역"" 에 대하여, 우리는 연결회사의 2019년 1월 1일자 연결재무제표에 대한 충분하고 적합한 증거를 확보하지 못하였으며,또한 대체적인 방법에 의하여도 기초연결재무제표에 대해 만족할 만한 결과를 얻지 못하였습니다. 이로 인하여, 기초연결재무제표에 포함되었을 수도 있는 왜곡표시가 2019년 12월 31일 현재의 재무상태 및 동일로 종료하는 보고기간의 재무성과와 현금흐름에 미치는 영향을 결정할 수 없었습니다. (2) 특수관계자와의 범위 및 거래내역 우리는 연결회사가 제시한 특수관계자의 범위 및 특수관계자와의 거래내역에 대하여충분하고 적합한 감사증거를 입수할 수 없었습니다. 또한 대체적인 방법에 의하여도 특수관계자의 범위 및 거래내역에 대해 만족할 만한 결과를 얻지 못하였습니다. 이로인하여 우리는 연결회사의 최상위지배자를 확인할 수 없었으며, 연결회사가 공시하지 아니한 최상위지배자를 포함한 특수관계자와의 거래의 존재 유무 및 관련 거래가 연결재무제표에 미치는 영향이 유의적인지 여부에 대하여 결정할 수 없었습니다.",2019년 12월 31일 까지 한영회계법인,4,의견거절근거|기타사항|연결재무제표에 대한 경영진과 지배기구의 책임|연결재무제표감사에 대한 감사인의 책임
00977696,2020,(주)넥스쳐,게임,5821,20210331002262,0,연결감사보고서,연결,0,0,0,1,"계속기업 관련 중요한 불확실성 연결회사의 연결재무제표는 연결회사가 계속기업으로서 존속한다는 가정을 전제로 작성되었으므로, 연결회사의 자산과 부채가 정상적인 사업활동과정을 통하여 회수되거나 상환될 수 있다는 가정 하에 회계처리되었습니다. 그러나 연결회사가 제시한 2020년 12월 31일로 종료되는 보고기간의 연결재무제표에 따르면 당기 중 3,271백만원의 당기순손실이 발생하였으며, 당기말 현재 연결회사의 유동부채가 유동자산보다 13,379백만원을 초과하고 있습니다. 이러한 상황은 연결회사의 계속기업으로서의 존속능력에 대해 유의적인 의문을 제기하고 있으며, 연결회사가 계속기업으로서 존속할지의 여부는 연결회사의 향후 재무구조개선계획의 성패에 따라 좌우되는 중요한 불확실성을 내포하고 있습니다. 그러나 이러한 불확실성의 최종결과로 발생될 수도 있는 자산과 부채 및 관련 손익항목에 대한 수정을 위해 이를 합리적으로 추정할 수 있는 감사증거를 확보할 수 없었습니다. 기타사항 연결회사의 2019년 12월 31일로 종료된 보고기간의 연결재무제표는 타감사인이 감사하였으며, 이 감사인의 2020년 4월 6일자 연결감사보고서에는 감사범위 제한을 이유로 의견거절이 표명되었습니다. 연결재무제표에 대한 경영진과 지배기구의 책임 경영진은 한국채택국제회계기준에 따라 이 연결재무제표를 작성하고 공정하게 표시할 책임이 있으며, 부정이나 오류로 인한 중요한 왜곡표시가 없는 연결재무제표를 작성하는데 필요하다고 결정한 내부통제에 대해서도 책임이 있습니다. 경영진은 연결재무제표를 작성할 때, 연결회사의 계속기업으로서의 존속능력을 평가하고 해당되는 경우, 계속기업 관련 사항을 공시할 책임이 있습니다. 그리고 경영진이 기업을 청산하거나 영업을 중단할 의도가 없는 한, 회계의 계속기업전제의 사용에대해서도 책임이 있습니다. 지배기구는 연결회사의 재무보고절차의 감시에 대한 책임이 있습니다. 연결재무제표감사에 대한 감사인의 책임 우리의 책임은 대한민국의 회계감사기준에 따라 연결회사의 연결재무제표를 감사하고 감사보고서를 발행하는데 있습니다. 그러나 우리는 이 감사보고서의 의견거절근거 단락에서 기술된 사항의 유의성 때문에 해당 연결재무제표에 대한 감사의견의 근거를 제공하는 충분하고 적합한 감사증거를 입수할 수 없었습니다. 우리는 연결재무제표 감사와 관련된 대한민국의 윤리적 요구사항에 따라 연결회사로부터 독립적이며, 그러한 요구사항에 따른 기타의 윤리적 책임들을 이행",의견거절,"(1) 기초연결재무제표에 대한 감사범위의 제한 2019년 12월 31일로 종료하는 보고기간의 연결재무제표는 타감사인이 감사하였으며, 2020년 4월 6일자 연결감사보고서에서 감사의견을 표명하지 아니하였습니다. 동사유로 인하여, 우리는 연결회사의 2020년 1월 1일자 연결재무제표에 대한 충분하고 적합한 증거를 확보하지 못하였으며, 또한 대체적인 방법에 의하여도 기초연결재무제표에 대해 만족할 만한 결과를 얻지 못하였습니다. 이로 인하여, 기초연결재무제표에 포함되었을 수도 있는 왜곡표시가 2020년 12월 31일 현재의 연결재무상태 및 동일로 종료되는 보고기간의 연결재무성과와 연결현금흐름에 미치는 영향을 결정할 수 없었습니다. (2) 감사범위의 제한 우리는 연결회사가 공시하지 아니한 최상위지배자를 포함한 특수관계자 범위의 적정성 및 관련 거래의 존재 유무와 거래내역 그리고 당기손익-공정가치금융자산, 관계기업투자주식, 신주인수권부사채 등 주요 자산 부채의 분류 및 측정과 관련하여 충분하고 적합한 감사증거를 확보하지 못하였습니다. 또한 종속기업과 관련하여 경영진이 제공한 재무정보에 대한 적정성을 판단하기 위한 충분하고 적합한 감사증거를 확보하지 못하여 대한민국의 회계감사기준에서 요구하고 있는 감사절차를 수행할 수 없었으며, 이로 인하여 연결회사의 연결재무제표 구성요소들에 대하여 수정이 필요한지 여부를 결정할 수 없었습니다. (3) 계속기업 관련 중요한 불확실성 연결회사의 연결재무제표는 연결회사가 계속기업으로서 존속한다는 가정을 전제로 작성되었으므로, 연결회사의 자산과 부채가 정상적인 사업활동과정을 통하여 회수되거나 상환될 수 있다는 가정 하에 회계처리되었습니다. 그러나 연결회사가 제시한 2020년 12월 31일로 종료되는 보고기간의 연결재무제표에 따르면 당기 중 3,271백만원의 당기순손실이 발생하였으며, 당기말 현재 연결회사의 유동부채가 유동자산보다 13,379백만원을 초과하고 있습니다. 이러한 상황은 연결회사의 계속기업으로서의 존속능력에 대해 유의적인 의문을 제기하고 있으며, 연결회사가 계속기업으로서 존속할지의 여부는 연결회사의 향후 재무구조개선계획의 성패에 따라 좌우되는 중요한 불확실성을 내포하고 있습니다. 그러나 이러한 불확실성의 최종결과로 발생될 수도 있는 자산과 부채 및 관련 손익항목에 대한 수정을 위해 이를 합리적으로 추정할 수 있는 감사증거를 확보할 수 없었습니다.",2020년 12월 31일 까지 삼덕회계법인,4,의견거절근거|기타사항|연결재무제표에 대한 경영진과 지배기구의 책임|연결재무제표감사에 대한 감사인의 책임
00977696,2021,(주)넥스쳐,게임,5821,20220330001371,0,연결감사보고서,연결,0,0,0,1,"계속기업 관련 중요한 불확실성 연결회사의 연결재무제표는 연결회사가 계속기업으로서 존속한다는 가정을 전제로 작성되었으므로, 연결회사의 자산과 부채가 정상적인 사업활동과정을 통하여 회수되거나 상환될 수 있다는 가정 하에 회계처리되었습니다. 그러나 연결회사가 제시한 2021년 12월 31일로 종료되는 보고기간의 연결재무제표에 따르면 당기말 현재 연결회사의 유동부채가 유동자산보다 7,265백만원을 초과하고 있습니다. 이러한 상황은 연결회사의 계속기업으로서의 존속능력에 대해 유의적인 의문을 제기하고 있으며, 연결회사가 계속기업으로서 존속할지의 여부는 연결회사의 향후 재무구조개선계획의 성패에 따라 좌우되는 중요한 불확실성을 내포하고 있습니다. 그러나 이러한 불확실성의 최종결과로 발생될 수도 있는 자산과 부채 및 관련 손익항목에 대한 수정을 위해 이를 합리적으로 추정할 수 있는 감사증거를 확보할 수 없었습니다. 연결재무제표에 대한 경영진과 지배기구의 책임 경영진은 한국채택국제회계기준에 따라 이 연결재무제표를 작성하고 공정하게 표시할 책임이 있으며, 부정이나 오류로 인한 중요한 왜곡표시가 없는 연결재무제표를 작성하는데 필요하다고 결정한 내부통제에 대해서도 책임이 있습니다. 경영진은 연결재무제표를 작성할 때, 연결회사의 계속기업으로서의 존속능력을 평가하고 해당되는 경우, 계속기업 관련 사항을 공시할 책임이 있습니다. 그리고 경영진이 기업을 청산하거나 영업을 중단할 의도가 없는 한, 회계의 계속기업전제의 사용에대해서도 책임이 있습니다. 지배기구는 연결회사의 재무보고절차의 감시에 대한 책임이 있습니다. 연결재무제표감사에 대한 감사인의 책임 우리의 책임은 대한민국의 회계감사기준에 따라 연결회사의 연결재무제표를 감사하고 감사보고서를 발행하는데 있습니다. 그러나 우리는 이 감사보고서의 의견거절근거 단락에서 기술된 사항의 유의성 때문에 해당 연결재무제표에 대한 감사의견의 근거를 제공하는 충분하고 적합한 감사증거를 입수할 수 없었습니다. 우리는 연결재무제표 감사와 관련된 대한민국의 윤리적 요구사항에 따라 연결회사로부터 독립적이며, 그러한 요구사항에 따른 기타의 윤리적 책임들을 이행하였습니다. 서울특별시 종로구 우정국로 48 삼 덕 회 계 법 인 대표이사 공인회계사 김명철 2022년 3월 21일 이 감사보고서는 감사보고서일(2022년 3월 21일) 현재로 유효한 것입니다. 따라서 감사보고서일 이후 이 보고서를 열람하는 시점 사이에 첨부된 연",의견거절,"(1) 기초연결재무제표에 대한 감사범위의 제한 우리는 2020년 12월 31일로 종료하는 보고기간의 연결재무제표에 대한 2021년 3월 23일자 연결감사보고서에서 감사의견을 표명하지 아니하였습니다. 동 사유로 인하여, 우리는 연결실체의 2021년 1월 1일자 연결재무제표에 대한 충분한 증거를 확보하지 못하였으며, 또한 대체적인 방법에 의하여도 기초연결재무제표에 대해 만족할 만한 결과를 얻지 못하였습니다. 이로 인하여, 기초연결재무제표에 포함되었을 수도 있는 왜곡표시가 2021년 12월 31일 현재의 연결재무상태, 동일로 종료되는 보고기간의 연결재무성과와 연결현금흐름에 미치는 영향을 결정할 수 없었습니다. (2) 감사범위의 제한 우리는 연결회사가 공시하지 아니한 최상위지배자를 포함한 특수관계자 범위의 적정성 및 관련 거래의 존재 유무와 거래내역 그리고 당기손익-공정가치금융자산, 관계기업투자주식, 신주인수권부사채 등 주요 자산 부채의 분류 및 측정과 관련하여 충분하고 적합한 감사증거를 확보하지 못하였습니다. 또한 종속기업과 관련하여 경영진이 제공한 재무정보에 대한 적정성을 판단하기 위한 충분하고 적합한 감사증거를 확보하지 못하여 대한민국의 회계감사기준에서 요구하고 있는 감사절차를 수행할 수 없었으며, 이로 인하여 연결회사의 연결재무제표 구성요소들에 대하여 수정이 필요한지 여부를 결정할 수 없었습니다. (3) 계속기업 관련 중요한 불확실성 연결회사의 연결재무제표는 연결회사가 계속기업으로서 존속한다는 가정을 전제로 작성되었으므로, 연결회사의 자산과 부채가 정상적인 사업활동과정을 통하여 회수되거나 상환될 수 있다는 가정 하에 회계처리되었습니다. 그러나 연결회사가 제시한 2021년 12월 31일로 종료되는 보고기간의 연결재무제표에 따르면 당기말 현재 연결회사의 유동부채가 유동자산보다 7,265백만원을 초과하고 있습니다. 이러한 상황은 연결회사의 계속기업으로서의 존속능력에 대해 유의적인 의문을 제기하고 있으며, 연결회사가 계속기업으로서 존속할지의 여부는 연결회사의 향후 재무구조개선계획의 성패에 따라 좌우되는 중요한 불확실성을 내포하고 있습니다. 그러나 이러한 불확실성의 최종결과로 발생될 수도 있는 자산과 부채 및 관련 손익항목에 대한 수정을 위해 이를 합리적으로 추정할 수 있는 감사증거를 확보할 수 없었습니다.",2020년 12월 31일 까지 삼덕회계법인,3,의견거절근거|연결재무제표에 대한 경영진과 지배기구의 책임|연결재무제표감사에 대한 감사인의 책임
00977696,2022,(주)넥스쳐,게임,5821,20230322000688,0,연결감사보고서,연결,0,0,0,1,"계속기업 관련 중요한 불확실성연결회사의 연결재무제표는 연결회사가 계속기업으로서 존속한다는 가정을 전제로 작성되었으므로, 연결회사의 자산과 부채가 정상적인 사업활동과정을 통하여 회수되거나 상환될 수 있다는 가정 하에 회계처리되었습니다. 그러나 연결회사가 제시한 2022년 12월 31일로 종료되는 보고기간의 연결재무제표에 따르면 당기말 현재 연결회사의 유동부채가 유동자산보다 16,258백만원을 초과하고 있습니다. 이러한 상황은 연결회사의 계속기업으로서의 존속능력에 대해 유의적인 의문을 제기하고 있으며, 연결회사가 계속기업으로서 존속할지의 여부는 연결회사의 향후 재무구조개선계획의 성패에 따라 좌우되는 중요한 불확실성을 내포하고 있습니다. 그러나 이러한 불확실성의 최종결과로 발생될 수도 있는 자산과 부채 및 관련 손익항목에 대한 수정을 위해 이를 합리적으로 추정할 수 있는 감사증거를 확보할 수 없었습니다. 연결재무제표에 대한 경영진과 지배기구의 책임 경영진은 한국채택국제회계기준에 따라 이 연결재무제표를 작성하고 공정하게 표시할 책임이 있으며, 부정이나 오류로 인한 중요한 왜곡표시가 없는 연결재무제표를 작성하는데 필요하다고 결정한 내부통제에 대해서도 책임이 있습니다. 경영진은 연결재무제표를 작성할 때, 연결회사의 계속기업으로서의 존속능력을 평가하고 해당되는 경우, 계속기업 관련 사항을 공시할 책임이 있습니다. 그리고 경영진이 기업을 청산하거나 영업을 중단할 의도가 없는 한, 회계의 계속기업전제의 사용에대해서도 책임이 있습니다. 지배기구는 연결회사의 재무보고절차의 감시에 대한 책임이 있습니다. 연결재무제표감사에 대한 감사인의 책임 우리의 책임은 대한민국의 회계감사기준에 따라 연결회사의 연결재무제표를 감사하고 감사보고서를 발행하는데 있습니다. 그러나 우리는 이 감사보고서의 의견거절근거 단락에서 기술된 사항의 유의성 때문에 해당 연결재무제표에 대한 감사의견의 근거를 제공하는 충분하고 적합한 감사증거를 입수할 수 없었습니다. 우리는 연결재무제표 감사와 관련된 대한민국의 윤리적 요구사항에 따라 연결회사로부터 독립적이며, 그러한 요구사항에 따른 기타의 윤리적 책임들을 이행하였습니다. 서울특별시 종로구 우정국로 48 삼 덕 회 계 법 인 대표이사 공인회계사 김 명 철 2023년 3월 22일 이 감사보고서는 감사보고서일(2023년 3월 22일) 현재로 유효한 것입니다. 따라서 감사보고서일 이후 이 보고서를 열람하는 시점까지의 기간 사",의견거절,"(1) 기초연결재무제표에 대한 감사범위의 제한 우리는 2021년 12월 31일로 종료하는 보고기간의 연결재무제표에 대한 2022년 3월 21일자 연결감사보고서에서 감사의견을 표명하지 아니하였습니다. 동 사유로 인하여, 우리는 연결실체의 2021년 1월 1일자 연결재무제표에 대한 충분한 증거를 확보하지 못하였으며, 또한 대체적인 방법에 의하여도 기초연결재무제표에 대해 만족할 만한 결과를 얻지 못하였습니다. 이로 인하여, 기초연결재무제표에 포함되었을 수도 있는 왜곡표시가 2021년 12월 31일 현재의 연결재무상태, 동일로 종료되는 보고기간의 연결재무성과와 연결현금흐름에 미치는 영향을 결정할 수 없었습니다. (2) 감사범위의 제한 우리는 연결회사가 공시하지 아니한 최상위지배자를 포함한 특수관계자 범위의 적정성 및 관련 거래의 존재 유무와 거래내역 그리고 당기손익-공정가치금융자산, 관계기업투자주식, 신주인수권부사채 등 주요 자산 부채의 분류 및 측정과 관련하여 충분하고 적합한 감사증거를 확보하지 못하였습니다. 또한 종속기업과 관련하여 경영진이 제공한 재무정보에 대한 적정성을 판단하기 위한 충분하고 적합한 감사증거를 확보하지 못하여 대한민국의 회계감사기준에서 요구하고 있는 감사절차를 수행할 수 없었으며, 이로 인하여 연결회사의 연결재무제표 구성요소들에 대하여 수정이 필요한지 여부를 결정할 수 없었습니다.(3) 계속기업 관련 중요한 불확실성연결회사의 연결재무제표는 연결회사가 계속기업으로서 존속한다는 가정을 전제로 작성되었으므로, 연결회사의 자산과 부채가 정상적인 사업활동과정을 통하여 회수되거나 상환될 수 있다는 가정 하에 회계처리되었습니다. 그러나 연결회사가 제시한 2022년 12월 31일로 종료되는 보고기간의 연결재무제표에 따르면 당기말 현재 연결회사의 유동부채가 유동자산보다 16,258백만원을 초과하고 있습니다. 이러한 상황은 연결회사의 계속기업으로서의 존속능력에 대해 유의적인 의문을 제기하고 있으며, 연결회사가 계속기업으로서 존속할지의 여부는 연결회사의 향후 재무구조개선계획의 성패에 따라 좌우되는 중요한 불확실성을 내포하고 있습니다. 그러나 이러한 불확실성의 최종결과로 발생될 수도 있는 자산과 부채 및 관련 손익항목에 대한 수정을 위해 이를 합리적으로 추정할 수 있는 감사증거를 확보할 수 없었습니다.",2021년 12월 31일 까지 삼덕회계법인,3,의견거절근거|연결재무제표에 대한 경영진과 지배기구의 책임|연결재무제표감사에 대한 감사인의 책임
00977696,2023,(주)넥스쳐,게임,5821,20240321000570,0,연결감사보고서,연결,0,0,0,1,"계속기업 관련 중요한 불확실성연결회사의 연결재무제표는 연결회사가 계속기업으로서 존속한다는 가정을 전제로 작성되었으므로, 연결회사의 자산과 부채가 정상적인 사업활동과정을 통하여 회수되거나 상환될 수 있다는 가정 하에 회계처리되었습니다. 그러나 연결회사가 제시한 2023년 12월 31일로 종료되는 보고기간의 연결재무제표에 따르면 당기말 현재 연결회사의 유동부채가 유동자산보다 16,119백만원을 초과하고 있습니다. 이러한 상황은 연결회사의 계속기업으로서의 존속능력에 대해 유의적인 의문을 제기하고 있으며, 연결회사가 계속기업으로서 존속할지의 여부는 연결회사의 향후 재무구조개선계획의 성패에 따라 좌우되는 중요한 불확실성을 내포하고 있습니다. 그러나 이러한 불확실성의 최종결과로 발생될 수도 있는 자산과 부채 및 관련 손익항목에 대한 수정을 위해 이를 합리적으로 추정할 수 있는 감사증거를 확보할 수 없었습니다. 연결재무제표에 대한 경영진과 지배기구의 책임 경영진은 한국채택국제회계기준에 따라 이 연결재무제표를 작성하고 공정하게 표시할 책임이 있으며, 부정이나 오류로 인한 중요한 왜곡표시가 없는 연결재무제표를 작성하는데 필요하다고 결정한 내부통제에 대해서도 책임이 있습니다. 경영진은 연결재무제표를 작성할 때, 연결회사의 계속기업으로서의 존속능력을 평가하고 해당되는 경우, 계속기업 관련 사항을 공시할 책임이 있습니다. 그리고 경영진이 기업을 청산하거나 영업을 중단할 의도가 없는 한, 회계의 계속기업전제의 사용에대해서도 책임이 있습니다. 지배기구는 연결회사의 재무보고절차의 감시에 대한 책임이 있습니다. 연결재무제표감사에 대한 감사인의 책임 우리의 책임은 대한민국의 회계감사기준에 따라 연결회사의 연결재무제표를 감사하고 감사보고서를 발행하는데 있습니다. 그러나 우리는 이 감사보고서의 의견거절근거 단락에서 기술된 사항의 유의성 때문에 해당 연결재무제표에 대한 감사의견의 근거를 제공하는 충분하고 적합한 감사증거를 입수할 수 없었습니다. 우리는 연결재무제표 감사와 관련된 대한민국의 윤리적 요구사항에 따라 연결회사로부터 독립적이며, 그러한 요구사항에 따른 기타의 윤리적 책임들을 이행하였습니다. 서울특별시 종로구 우정국로 48 삼 덕 회 계 법 인 대표이사 공인회계사 김 명 철 2024년 3월 20일 이 감사보고서는 감사보고서일(2024년 3월 20일) 현재로 유효한 것입니다. 따라서 감사보고서일 이후 이 보고서를 열람하는 시점까지의 기간 사",의견거절,"(1) 기초연결재무제표에 대한 감사범위의 제한 우리는 2022년 12월 31일로 종료하는 보고기간의 연결재무제표에 대한 2023년 3월 22일자 연결감사보고서에서 감사의견을 표명하지 아니하였습니다. 동 사유로 인하여, 우리는 연결실체의 2023년 1월 1일자 연결재무제표에 대한 충분한 증거를 확보하지 못하였으며, 또한 대체적인 방법에 의하여도 기초연결재무제표에 대해 만족할 만한 결과를 얻지 못하였습니다. 이로 인하여, 기초연결재무제표에 포함되었을 수도 있는 왜곡표시가 2023년 12월 31일 현재의 연결재무상태, 동일로 종료되는 보고기간의 연결재무성과와 연결현금흐름에 미치는 영향을 결정할 수 없었습니다. (2) 감사범위의 제한 우리는 연결회사가 공시하지 아니한 최상위지배자를 포함한 특수관계자 범위의 적정성 및 관련 거래의 존재 유무와 거래내역 그리고 당기손익-공정가치금융자산, 관계기업투자주식, 신주인수권부사채 등 주요 자산 부채의 분류 및 측정과 관련하여 충분하고 적합한 감사증거를 확보하지 못하였습니다. 또한 종속기업과 관련하여 경영진이 제공한 재무정보에 대한 적정성을 판단하기 위한 충분하고 적합한 감사증거를 확보하지 못하여 대한민국의 회계감사기준에서 요구하고 있는 감사절차를 수행할 수 없었으며, 이로 인하여 연결회사의 연결재무제표 구성요소들에 대하여 수정이 필요한지 여부를 결정할 수 없었습니다.(3) 계속기업 관련 중요한 불확실성연결회사의 연결재무제표는 연결회사가 계속기업으로서 존속한다는 가정을 전제로 작성되었으므로, 연결회사의 자산과 부채가 정상적인 사업활동과정을 통하여 회수되거나 상환될 수 있다는 가정 하에 회계처리되었습니다. 그러나 연결회사가 제시한 2023년 12월 31일로 종료되는 보고기간의 연결재무제표에 따르면 당기말 현재 연결회사의 유동부채가 유동자산보다 16,119백만원을 초과하고 있습니다. 이러한 상황은 연결회사의 계속기업으로서의 존속능력에 대해 유의적인 의문을 제기하고 있으며, 연결회사가 계속기업으로서 존속할지의 여부는 연결회사의 향후 재무구조개선계획의 성패에 따라 좌우되는 중요한 불확실성을 내포하고 있습니다. 그러나 이러한 불확실성의 최종결과로 발생될 수도 있는 자산과 부채 및 관련 손익항목에 대한 수정을 위해 이를 합리적으로 추정할 수 있는 감사증거를 확보할 수 없었습니다.",2022년 12월 31일 까지 삼덕회계법인,3,의견거절근거|연결재무제표에 대한 경영진과 지배기구의 책임|연결재무제표감사에 대한 감사인의 책임
00977696,2024,(주)넥스쳐,게임,5821,20250320000135,0,연결감사보고서,연결,0,0,0,1,"계속기업 관련 중요한 불확실성연결회사의 연결재무제표는 연결회사가 계속기업으로서 존속할 것이라는 가정을 전제로 작성되었습니다. 따라서 자산과 부채를 정상적인 영업활동을 통하여 장부금액을 회수하거나 상환할 수 있다는 가정하에서 회계처리되었습니다. 그러나 지배기업의 2024년 12월 31일로 종료되는 보고기간말 현재 유동부채가 유동자산을 22,018백만원을 초과하고 있고, 이러한 상황은 회사의 계속기업으로서의 존속능력에 대해 유의적인 의문을 제기하고 있으며, 회사가 계속기업으로서 존속할지의 여부는 회사의 향후 재무구조 개선계획의 성패에 따라 좌우되는 중요한 불확실성을 내포하고 있습니다. 그러나 이러한 불확실성의 최종결과로 발생될 수도 있는 자산과 부채 및 관련 손익항목에 대한 수정을 위해 이를 합리적으로 추정할 수 있는 감사증거를 확보할 수 없었습니다. 기타사항 회사의 2023년 12월 31일 현재의 연결재무상태표, 동일로 종료하는 회계연도의연결손익계산서, 연결포괄손익계산서, 연결자본변동표 및 연결현금흐름표는 타감사인이 대한민국의 회계감사기준에 따라 감사하였고, 2024년 3월 20일의 감사보고서에서 의견을 표명하지 않았습니다. 재무제표에 대한 경영진과 지배기구의 책임 경영진은 한국채택국제회계기준에 따라 이 연결재무제표를 작성하고 공정하게 표시할 책임이 있으며, 부정이나 오류로 인한 중요한 왜곡표시가 없는 연결재무제표를 작성하는데 필요하다고 결정한 내부통제에 대해서도 책임이 있습니다. 경영진은 연결재무제표를 작성할 때, 회사의 계속기업으로서의 존속능력을 평가하고 해당되는 경우, 계속기업 관련 사항을 공시할 책임이 있습니다. 그리고 경영진이 기업을 청산하거나 영업을 중단할 의도가 없는 한, 회계의 계속기업전제의 사용에 대해서도 책임이 있습니다. 지배기구는 회사의 재무보고절차의 감시에 대한 책임이 있습니다. 재무제표감사에 대한 감사인의 책임 우리의 책임은 대한민국의 회계감사기준에 따라 회사의 연결재무제표를 감사하고 감사보고서를 발행하는데 있습니다. 그러나 우리는 이 감사보고서의 의견거절근거 단락에서 기술된 사항의 유의성 때문에 해당 연결재무제표에 대한 감사의견의 근거를 제공하는 충분하고 적합한 감사증거를 입수할 수 없었습니다. 우리는 연결재무제표 감사와 관련된 대한민국의 윤리적 요구사항에 따라 회사로부터 독립적이며, 그러한 요구사항에 따른 기타의 윤리적 책임들을 이행하였습니다. 서울특별시 강남구 남부순환로 2913 대주",의견거절,"(1) 기초연결재무제표에 대한 감사범위의 제한 연결회사의 2023년 12월 31일로 종료하는 보고기간의 연결재무제표는 타감사인이 감사하였으며, 타감사인은 2024년 3월 20일자 감사보고서에서 계속기업전제와 관련된 불확실성, 당기손익-공정가치금융자산, 종속기업 및 관계기업투자주식, 신주인수권부사채 등 주요 자산 부채의 분류 및 측정에 대한 충분하고 적합한 증거를 확보하지 못하였음을 사유로 감사의견을 표명하지 아니하였습니다. 동 사유로 인하여, 우리는 회사의 2024년 1월 1일자 재무제표에 대한 충분한 증거를 확보하지 못하였으며, 또한 대체적인 방법에 의하여도 기초재무제표에 대해 만족할 만한 결과를 얻지 못하였습니다. 이로 인하여, 기초재무제표에 포함되었을 수도 있는 왜곡표시가 2024년 12월 31일 현재의 재무상태, 동일로 종료되는 보고기간의 재무성과와 현금흐름에 미치는 영향을 결정할 수 없었습니다. (2) 감사범위의 제한 우리은 연결회사의 연결재무제표에 인식된 당기손익-공정가치금융자산, 종속기업및관계기업투자주식, 신주인수권부사채 등 주요 자산 부채에 대하여 충분하고 적합한 감사증거를 확보하지 못하여 대한민국의 회계감사기준에서 요구하고 있는 자산의 평가 및 부채의 완전성 등에 대하여 충분하고 적합한감사절차를 수행할 수 없었으며, 이로 인하여 회사의 연결재무제표 구성요소들에 대하여 수정이 필요한지 여부를 결정할 수 없었습니다.(3) 계속기업 관련 중요한 불확실성연결회사의 연결재무제표는 연결회사가 계속기업으로서 존속할 것이라는 가정을 전제로 작성되었습니다. 따라서 자산과 부채를 정상적인 영업활동을 통하여 장부금액을 회수하거나 상환할 수 있다는 가정하에서 회계처리되었습니다. 그러나 지배기업의 2024년 12월 31일로 종료되는 보고기간말 현재 유동부채가 유동자산을 22,018백만원을 초과하고 있고, 이러한 상황은 회사의 계속기업으로서의 존속능력에 대해 유의적인 의문을 제기하고 있으며, 회사가 계속기업으로서 존속할지의 여부는 회사의 향후 재무구조 개선계획의 성패에 따라 좌우되는 중요한 불확실성을 내포하고 있습니다. 그러나 이러한 불확실성의 최종결과로 발생될 수도 있는 자산과 부채 및 관련 손익항목에 대한 수정을 위해 이를 합리적으로 추정할 수 있는 감사증거를 확보할 수 없었습니다.",별시 강남구 남부순환로 2913 대주회계법인,4,의견거절근거|기타사항|재무제표에 대한 경영진과 지배기구의 책임|재무제표감사에 대한 감사인의 책임
00977696,2025,(주)넥스쳐,게임,5821,20260320000602,0,연결감사보고서,연결,0,0,0,1,"계속기업 관련 중요한 불확실성연결회사의 연결재무제표는 연결회사가 계속기업으로서 존속할 것이라는 가정을 전제로 작성되었습니다. 따라서 자산과 부채를 정상적인 영업활동을 통하여 장부금액을 회수하거나 상환할 수 있다는 가정하에서 회계처리되었습니다. 그러나 지배기업의 2025년 12월 31일로 종료되는 보고기간말 현재 유동부채가 유동자산을 26,979백만원을 초과하고 있고, 이러한 상황은 회사의 계속기업으로서의 존속능력에 대해 유의적인 의문을 제기하고 있으며, 회사가 계속기업으로서 존속할지의 여부는 회사의 향후 재무구조 개선계획의 성패에 따라 좌우되는 중요한 불확실성을 내포하고 있습니다. 그러나 이러한 불확실성의 최종결과로 발생될 수도 있는 자산과 부채 및 관련 손익항목에 대한 수정을 위해 이를 합리적으로 추정할 수 있는 감사증거를 확보할 수 없었습니다. 기타사항 연결회사의 2024년 12월 31일 현재의 연결재무상태표, 동일로 종료하는 회계연도의연결손익계산서, 연결포괄손익계산서, 연결자본변동표 및 연결현금흐름표는 타감사인이 대한민국의 회계감사기준에 따라 감사하였고, 2025년 3월 19일의 감사보고서에서 의견을 표명하지 않았습니다. 재무제표에 대한 경영진과 지배기구의 책임 경영진은 한국채택국제회계기준에 따라 이 연결재무제표를 작성하고 공정하게 표시할 책임이 있으며, 부정이나 오류로 인한 중요한 왜곡표시가 없는 연결재무제표를 작성하는데 필요하다고 결정한 내부통제에 대해서도 책임이 있습니다. 경영진은 연결재무제표를 작성할 때, 회사의 계속기업으로서의 존속능력을 평가하고 해당되는 경우, 계속기업 관련 사항을 공시할 책임이 있습니다. 그리고 경영진이 기업을 청산하거나 영업을 중단할 의도가 없는 한, 회계의 계속기업전제의 사용에 대해서도 책임이 있습니다. 지배기구는 회사의 재무보고절차의 감시에 대한 책임이 있습니다. 재무제표감사에 대한 감사인의 책임 우리의 책임은 대한민국의 회계감사기준에 따라 회사의 연결재무제표를 감사하고 감사보고서를 발행하는데 있습니다. 그러나 우리는 이 감사보고서의 의견거절근거 단락에서 기술된 사항의 유의성 때문에 해당 연결재무제표에 대한 감사의견의 근거를 제공하는 충분하고 적합한 감사증거를 입수할 수 없었습니다. 우리는 연결재무제표 감사와 관련된 대한민국의 윤리적 요구사항에 따라 회사로부터독립적이며, 그러한 요구사항에 따른 기타의 윤리적 책임들을 이행하였습니다. 서울특별시 영등포구 여의나루로 60 이 ",의견거절,"(1) 기초연결재무제표에 대한 감사범위의 제한 연결회사의 2024년 12월 31일로 종료하는 보고기간의 연결재무제표는 타감사인이 감사하였으며, 타감사인은 2025년 3월 19일자 감사보고서에서 계속기업전제와 관련된 불확실성, 당기손익-공정가치금융자산, 종속기업 및 관계기업투자주식, 신주인수권부사채 등 주요 자산 부채의 분류 및 측정에 대한 충분하고 적합한 증거를 확보하지 못하였음을 사유로 감사의견을 표명하지 아니하였습니다. 동 사유로 인하여, 우리는 회사의 2025년 1월 1일자 재무제표에 대한 충분한 증거를 확보하지 못하였으며, 또한 대체적인 방법에 의하여도 기초재무제표에 대해 만족할 만한 결과를 얻지 못하였습니다. 이로 인하여, 기초재무제표에 포함되었을 수도 있는 왜곡표시가 2025년 12월 31일 현재의 재무상태, 동일로 종료되는 보고기간의 재무성과와 현금흐름에 미치는 영향을 결정할 수 없었습니다. (2) 감사범위의 제한 우리은 연결회사의 연결재무제표에 인식된 당기손익-공정가치금융자산, 종속기업및관계기업투자주식, 신주인수권부사채, 장단기기타채권 등 주요 자산 부채에 대하여 충분하고 적합한 감사증거를 확보하지 못하여 대한민국의 회계감사기준에서 요구하고 있는 자산의 평가 및 부채의 완전성 등에 대하여 충분하고 적합한감사절차를 수행할 수 없었으며, 이로 인하여 회사의 연결재무제표 구성요소들에 대하여 수정이 필요한지 여부를 결정할 수 없었습니다.(3) 계속기업 관련 중요한 불확실성연결회사의 연결재무제표는 연결회사가 계속기업으로서 존속할 것이라는 가정을 전제로 작성되었습니다. 따라서 자산과 부채를 정상적인 영업활동을 통하여 장부금액을 회수하거나 상환할 수 있다는 가정하에서 회계처리되었습니다. 그러나 지배기업의 2025년 12월 31일로 종료되는 보고기간말 현재 유동부채가 유동자산을 26,979백만원을 초과하고 있고, 이러한 상황은 회사의 계속기업으로서의 존속능력에 대해 유의적인 의문을 제기하고 있으며, 회사가 계속기업으로서 존속할지의 여부는 회사의 향후 재무구조 개선계획의 성패에 따라 좌우되는 중요한 불확실성을 내포하고 있습니다. 그러나 이러한 불확실성의 최종결과로 발생될 수도 있는 자산과 부채 및 관련 손익항목에 대한 수정을 위해 이를 합리적으로 추정할 수 있는 감사증거를 확보할 수 없었습니다.",,4,의견거절근거|기타사항|재무제표에 대한 경영진과 지배기구의 책임|재무제표감사에 대한 감사인의 책임
00983271,2019,엔에이치엔(주),게임,5821,20200330003926,0,연결감사보고서,연결,1,0,2,0,,적정,,강남파이낸스센터 27층) 삼정회계법인,4,감사의견근거|핵심감사사항|연결재무제표에 대한 경영진과 지배기구의 책임|연결재무제표감사에 대한 감사인의 책임
00983271,2020,엔에이치엔(주),게임,5821,20210315001011,0,연결감사보고서,연결,1,0,2,0,,적정,,2019년 12월 31일 까지 삼정회계법인,5,감사의견근거|강조사항|핵심감사사항|연결재무제표에 대한 경영진과 지배기구의 책임|연결재무제표감사에 대한 감사인의 책임
00983271,2021,엔에이치엔(주),게임,5821,20220321001453,0,연결감사보고서,연결,1,0,2,0,,적정,,2020년 12월 31일 까지 삼정회계법인,5,감사의견근거|강조사항|핵심감사사항|연결재무제표에 대한 경영진과 지배기구의 책임|연결재무제표감사에 대한 감사인의 책임
00983271,2022,엔에이치엔(주),게임,5821,20230320001095,0,연결감사보고서,연결,1,0,2,0,,적정,,강남파이낸스센터 27층) 삼정회계법인,4,감사의견근거|핵심감사사항|연결재무제표에 대한 경영진과 지배기구의 책임|연결재무제표감사에 대한 감사인의 책임
00983271,2023,엔에이치엔(주),게임,5821,20240319000767,0,연결감사보고서,연결,1,0,2,0,,적정,,,6,감사의견근거|핵심감사사항|핵심감사사항|기타사항|연결재무제표에 대한 경영진과 지배기구의 책임|연결재무제표감사에 대한 감사인의 책임
00983271,2024,엔에이치엔(주),게임,5821,20250320001574,0,연결감사보고서,연결,1,0,1,0,,적정,,2023년 12월 31일 까지 삼일회계법인,4,감사의견근거|핵심감사사항|연결재무제표에 대한 경영진과 지배기구의 책임|연결재무제표감사에 대한 감사인의 책임
00983271,2025,엔에이치엔(주),게임,5821,20260318001525,0,연결감사보고서,연결,1,0,0,0,,적정,,2024년 12월 31일 까지 삼일회계법인,4,감사의견근거|핵심감사사항|연결재무제표에 대한 경영진과 지배기구의 책임|연결재무제표감사에 대한 감사인의 책임
00985686,2019,(주)큐브엔터테인먼트,콘텐츠,59201,20200330003636,0,연결감사보고서,연결,0,0,0,0,,적정,,2018년 12월 31일 까지 삼일회계법인,3,감사의견근거|연결재무제표에 대한 경영진과 지배기구의 책임|연결재무제표감사에 대한 감사인의 책임
00985686,2020,(주)큐브엔터테인먼트,콘텐츠,59201,20210323000884,0,연결감사보고서,연결,1,0,0,0,,적정,,2020년 12월 31일 까지 삼정회계법인,5,감사의견근거|핵심감사사항|기타사항|연결재무제표에 대한 경영진과 지배기구의 책임|연결재무제표감사에 대한 감사인의 책임
00985686,2021,(주)큐브엔터테인먼트,콘텐츠,59201,20220322000648,0,연결감사보고서,연결,1,0,1,0,,적정,,2021년 12월 31일 까지 한영회계법인,6,감사의견근거|강조사항|핵심감사사항|기타사항|연결재무제표에 대한 경영진과 지배기구의 책임|연결재무제표감사에 대한 감사인의 책임
00985686,2022,(주)큐브엔터테인먼트,콘텐츠,59201,20230322000862,0,연결감사보고서,연결,1,0,1,0,,적정,,2021년 12월 31일 까지 한영회계법인,4,감사의견근거|핵심감사사항|연결재무제표에 대한 경영진과 지배기구의 책임|연결재무제표감사에 대한 감사인의 책임
00985686,2023,(주)큐브엔터테인먼트,콘텐츠,59201,20240320002027,0,연결감사보고서,연결,1,0,1,0,,적정,,2022년 12월 31일 까지 한영회계법인,4,감사의견근거|핵심감사사항|연결재무제표에 대한 경영진과 지배기구의 책임|연결재무제표감사에 대한 감사인의 책임
00985686,2024,(주)큐브엔터테인먼트,콘텐츠,59201,20250319000765,0,연결감사보고서,연결,1,0,1,0,,적정,,2024년 12월 31일 까지 현대회계법인,6,감사의견근거|핵심감사사항|핵심감사사항|기타사항|연결재무제표에 대한 경영진과 지배기구의 책임|연결재무제표감사에 대한 감사인의 책임
00985686,2025,(주)큐브엔터테인먼트,콘텐츠,59201,20260319001122,0,연결감사보고서,연결,1,0,1,0,,적정,,2024년 12월 31일 까지 현대회계법인,4,감사의견근거|핵심감사사항|연결재무제표에 대한 경영진과 지배기구의 책임|연결재무제표감사에 대한 감사인의 책임
00990396,2019,(주)레드우즈,콘텐츠,59114,20200330004514,0,연결감사보고서,연결,0,0,0,1,"연결재무제표에 대한 주석 40에 주의를 기울여야 할 필요가 있습니다. 연결재무제표에 대한 주석 40는 2019년 12월 31일로 종료되는 보고기간에 2,083백만원의 영업손실과 5,950백만원의 당기순손실이 발생하여 당기말 현재 7,995백만원의 누적결손금을 계상하고 있으며, 재무제표일 현재로 기업의 유동부채가 유동자산보다 11,535백만원만큼 초과하고 있음을 나타내고 있습니다. 주석 40에서 기술된 바와 같이, 이러한 사건이나 상황은 주석 40에서 설명하고 있는 계속기업으로서의 존속능력에 유의적 의문을 제기할 만한 중요한 불확실성이 존재함을 나타냅니다. 연결회사는 보고기간말 이후 2020년 3월 25일자로 소속배우의 매니지먼트 권리매매 및 양도 계약을 20억원에 체결하였고, 2020년 3월 27일자로 제3자 배정방식으로 유상증자 6억원을 이사회에서 결의하였습니다. 한편, 연결회사의 연결재무제표는 자산과 부채가 정상적인 사업활동과정을 통하여 장부가액으로 회수되거나 상환될 수 있다는 가정 하에 회계처리되었으나, 향후 코로나 19 사태의 장기화 여부에 따른 엔터테인먼트 업계의 시장 상황, 부동산 경기의 등락에 따른 부동산 시장 상황 등으로 인해 재무상태나 경영성과 등이 큰 폭으로 변동될 가능성이 있습니다. 이러한 상황은 계속기업으로서의 존속능력에 유의적 의문을 제기할 만한 중요한 불확실성이 존재함을 나타냅니다. 그러나 이로 인한 회사의 계속기업으로서의 존속능력에 미칠 궁극적인 영향은 현재로서는 측정할 수 없으며, 따라서 불확실성의 최종결과로 발생할 수도 있는 조정사항은 연결재무제표에 반영되지 않았습니다. 우리의 의견은 이 사항으로부터 영향을 받지 아니합니다.",적정,,,5,감사의견근거|계속기업 관련 중요한 불확실성|기타사항|재무제표에 대한 경영진과 지배기구의 책임|재무제표감사에 대한 감사인의 책임
00990396,2020,(주)레드우즈,콘텐츠,59114,20210325000991,0,감사보고서,별도,0,0,0,1,"계속기업 관련 중요한 불확실성 재무제표에 대한 주석 39에 주의를 기울여야 할 필요가 있습니다. 재무제표에 대한 주석 39와 같이 회사는 2020년 12월 31일로 종료되는 보고기간에 737백만원의 영업이익과 589백만원의 당기순이익이 발생하였으나, 2020년 12월 31일 현재 7,057백만원의 누적결손금을 계상하고 있고 유동부채가 유동자산을 10,182백만원 초과하고 있습니다. 주석 39에서 기술된 바와 같이 이러한 사건이나 상황은 계속기업으로서의 존속능력에 유의적 의문을 제기할 만한 중요한 불확실성이 존재함을 나타냅니다. 우리의 의견은 이 사항으로부터 영향을 받지 아니합니다. (2) 전기재무제표의 재작성 재무제표에 대한 주석1에 기술되어 있는 바와 같이 회사는 당기 중 종속기업에 대한지배력을 상실함에 따라 연결대상 종속기업을 보유하고 있지 아니하므로 당기의 재무제표는 개별재무제표이며, 비교표시 목적으로 첨부한 전기의 재무제표는 연결재무제표입니다. 기타사항 비교표시된 회사의 2019년 12월 31일로 종료된 보고기간의 재무제표는 타감사인이 감사하였으며, 이 감사인의 2020년 3월 27일자 감사보고서에는 해당 재무제표에 대하여 적정의견이 표명되었습니다. 재무제표에 대한 경영진과 지배기구의 책임 경영진은 한국채택국제회계기준에 따라 이 재무제표를 작성하고 공정하게 표시할 책임이 있으며, 부정이나 오류로 인한 중요한 왜곡표시가 없는 재무제표를 작성하는데 필요하다고 결정한 내부통제에 대해서도 책임이 있습니다. 경영진은 재무제표를 작성할 때, 회사의 계속기업으로서의 존속능력을 평가하고 해당되는 경우, 계속기업 관련 사항을 공시할 책임이 있습니다. 그리고 경영진이 기업을 청산하거나 영업을 중단할 의도가 없는 한, 회계의 계속기업전제의 사용에 대해서도 책임이 있습니다. 지배기구는 회사의 재무보고절차의 감시에 대한 책임이 있습니다. 재무제표감사에 대한 감사인의 책임 우리의 목적은 회사의 재무제표에 전체적으로 부정이나 오류로 인한 중요한 왜곡표시가 없는지에 대하여 합리적인 확신을 얻어 우리의 의견이 포함된 감사보고서를 발행하는데 있습니다. 합리적인 확신은 높은 수준의 확신을 의미하나, 감사기준에 따라수행된 감사가 항상 중요한 왜곡표시를 발견한다는 것을 보장하지는 않습니다. 왜곡표시는 부정이나 오류로부터 발생할 수 있으며, 왜곡표시가 재무제표를 근거로 하는 이용자의 경제적 의사결정에 개별적으로 또는 집합적으로 영향을 미칠 것",적정,,2020년 12월 31일 까지 우리회계법인,5,감사의견근거|강조사항|기타사항|재무제표에 대한 경영진과 지배기구의 책임|재무제표감사에 대한 감사인의 책임
00990396,2021,(주)레드우즈,콘텐츠,59114,20220321001531,0,연결감사보고서,연결,0,0,0,1,"감사의견에는 영향을 미치지 않는 사항으로서, 이용자는 연결재무제표에 대한 주석41에 주의를 기울여야 할 필요가 있습니다. 연결재무제표에 대한 주석41과 같이 연결회사는 2021년 12월 31일로 종료되는 보고기간에 2,713백만원의 영업손실과 5,928백만원의 당기순손실이 발생하였으며, 2021년 12월 31일 현재 12,833백만원의 누적결손금을 계상하고 있고 유동부채가 유동자산을 14,807백만원 초과하고 있습니다. 주석41에서 기술된 바와 같이 이러한 사건이나 상황은 계속기업으로서의 존속능력에 유의적 의문을 제기할 만한 중요한 불확실성이 존재함을 나타냅니다. 우리의 의견은 이 사항으로부터 영향을 받지 아니합니다.",적정,,2020년 12월 31일 까지 우리회계법인,4,감사의견근거|계속기업 관련 중요한 불확실성|연결재무제표에 대한 경영진과 지배기구의 책임|연결재무제표감사에 대한 감사인의 책임
00990396,2022,(주)레드우즈,콘텐츠,59114,20230321001535,1,연결감사보고서,연결,0,0,0,1,"감사의견에는 영향을 미치지 않는 사항으로서, 이용자는 다음의 사항들에 주의를 기울여야 할 필요가 있습니다. 연결재무제표에 대한 주석42과 같이 연결회사는 2022년 12월 31일로 종료되는 보고기간에 2,202백만원의 영업손실과 1,228백만원의 당기순손실이 발생하였으며, 2022년 12월 31일 현재 13,904백만원의 누적결손금을 계상하고 있고 유동부채가 유동자산을 14,900백만원 초과하고 있습니다. 주석42에서 기술된 바와 같이 이러한 사건이나 상황은 계속기업으로서의 존속능력에 유의적 의문을 제기할 만한 중요한 불확실성이 존재함을 나타냅니다. 우리의 의견은 이 사항으로부터 영향을 받지 아니합니다.",적정,,2022년 12월 31일 까지 현대회계법인,5,감사의견근거|계속기업 관련 중요한 불확실성|기타사항|연결재무제표에 대한 경영진과 지배기구의 책임|연결재무제표감사에 대한 감사인의 책임
00990396,2023,(주)레드우즈,콘텐츠,59114,20240328001858,0,연결감사보고서,연결,0,0,0,1,"감사의견에는 영향을 미치지 않는 사항으로서 이용자는 다음의 사항들에 주의를 기울여야 할 필요가 있습니다. 연결재무제표에 대한 주석42와 같이 회사는 2023년 12월 31일로 종료되는 보고기간에 1,943백만원의 영업손실과 3,065백만원의 당기순손실이 발생하였으며, 2023년 12월 31일 현재 16,851백만원의 누적결손금을 계상하고 있고 유동부채가 유동자산을 16,731백만원 초과하고 있습니다. 주석42에서 기술된 바와 같이 이러한 사건이나 상황은 계속기업으로서의 존속능력에 유의적 의문을 제기할 만한 중요한 불확실성이 존재함을 나타냅니다. 우리의 의견은 이 사항으로부터 영향을 받지 아니합니다.",적정,,,4,감사의견근거|계속기업 관련 중요한 불확실성|재무제표에 대한 경영진과 지배기구의 책임|재무제표감사에 대한 감사인의 책임
00990396,2024,(주)레드우즈,콘텐츠,59114,20250321001825,0,연결감사보고서,연결,0,0,0,1,"연결재무제표에 대한 주석43은 2024년 12월 31일로 종료되는 보고기간에 2,842백만원의 영업손실과 5,035백만원의 당기순손실이 발생하였으며, 2024년 12월 31일 현재 21,928백만원의 누적결손금이 존재함을 나타내고 있습니다. 주석43에서 기술된 바와 같이 이러한 사건이나 상황은 계속기업으로서의 존속능력에 유의적 의문을 제기할 만한 중요한 불확실성이 존재함을 나타냅니다.",적정,,,5,감사의견근거|계속기업 관련 중요한 불확실성|강조사항|재무제표에 대한 경영진과 지배기구의 책임|재무제표감사에 대한 감사인의 책임
00990396,2025,(주)레드우즈,콘텐츠,59114,20260407001696,0,연결감사보고서,연결,0,0,0,0,,의견거절,"(1) 계속기업 가정의 불확실성연결회사의 재무제표는 연결회사가 계속기업으로서 존속한다는 가정을 전제로 작성되었으므로 연결회사의 자산과 부채가 정상적인 사업활동과정을 통하여 회수되거나 상환될 수 있다는 가정 하에 회계처리되었습니다. 연결회사는 2025년 12월 31일로 종료되는 보고기간에 영업손실과 당기순손실이 각각 756백만원과 2,658백만원 발생하였으며, 2025년 12월 31일 현재 21,631백만원의 결손금이 누적되어 있습니다. 이러한 상황은 회사의 계속기업으로의 존속능력에 대하여 유의적인 의문을 초래합니다. 연결회사가 계속기업으로서 존속할지의 여부는 연결회사가 추진하고 있는 분양사업계획 달성여부에 따라 좌우되는 중요한 불확실성을 내포하고 있습니다. 그러나 우리는 이러한 불확실성의 최종결과로 발생될 수도 있는 자산과 부채 및 관련 손익항목에 대한수정을 위해 이를 합리적으로 추정할 수 있는 감사증거를 확보할 수 없었습니다.(2) 주요 감사절차의 제약우리는 연결회사의 경영진으로부터 2025년 12월 31일 현재의 연결재무상태표와 동일로 종료되는 보고기간의 연결포괄손익계산서, 연결자본변동표, 연결현금흐름표, 연결재무제표의 주석 그리고 경영자의 서면진술서 등에 대한 감사절차 실시에 필요한 주요 자료를 제공받지 못하여 동 연결재무제표의 적정성을 판단하기 위한 충분하고 적합한 감사증거를 확보할 수 없었습니다.",2025년 12월 31일 까지 대주회계법인,4,의견거절근거|기타사항|재무제표에 대한 경영진과 지배기구의 책임|재무제표감사에 대한 감사인의 책임
00990819,2019,(주)아티스트스튜디오,콘텐츠,591,20200330004239,0,연결감사보고서,연결,0,0,0,0,,적정,,2019년 12월 31일 까지 현대회계법인,4,감사의견근거|기타사항|연결재무제표에 대한 경영진과 지배기구의 책임|연결재무제표감사에 대한 감사인의 책임
00990819,2020,(주)아티스트스튜디오,콘텐츠,591,20210323000528,0,연결감사보고서,연결,0,0,0,0,,적정,,2020년 12월 31일 까지 삼정회계법인,4,감사의견근거|기타사항|연결재무제표에 대한 경영진과 지배기구의 책임|연결재무제표감사에 대한 감사인의 책임
00990819,2021,(주)아티스트스튜디오,콘텐츠,591,20220317000645,0,연결감사보고서,연결,1,0,0,0,,적정,,료되는 보고기간의 연결재무제표는 삼정회계법인,5,감사의견근거|핵심감사사항|재무제표에 대한 경영진과 지배기구의 책임|재무제표감사에 대한 감사인의 책임|기타사항
00990819,2022,(주)아티스트스튜디오,콘텐츠,591,20230316000408,0,연결감사보고서,연결,1,0,0,0,,적정,,2021년 12월 31일 까지 이촌회계법인,4,감사의견근거|핵심감사사항|재무제표에 대한 경영진과 지배기구의 책임|재무제표감사에 대한 감사인의 책임
00990819,2023,(주)아티스트스튜디오,콘텐츠,591,20240320000794,0,연결감사보고서,연결,1,0,0,0,,적정,,2023년 12월 31일 까지 대주회계법인,5,감사의견근거|핵심감사사항|기타사항|연결재무제표에 대한 경영진과 지배기구의 책임|연결재무제표감사에 대한 감사인의 책임
00990819,2024,(주)아티스트스튜디오,콘텐츠,591,20250321001869,0,연결감사보고서,연결,1,0,1,0,,적정,,2024년 12월 31일 까지 삼일회계법인,5,감사의견근거|핵심감사사항|기타사항|연결재무제표에 대한 경영진과 지배기구의 책임|연결재무제표감사에 대한 감사인의 책임
00990819,2025,(주)아티스트스튜디오,콘텐츠,591,20260319000260,0,연결감사보고서,연결,1,0,0,0,,미상,,,5,감사의견근거|핵심감사사항|기타사항|연결재무제표에 대한 경영진과 지배기구의 책임|연결재무제표감사에 대한 감사인의 책임
00991225,2019,(주)더콘텐츠온,콘텐츠,59130,20200330002374,0,감사보고서,별도,0,0,0,0,,적정,,,3,감사의견근거|재무제표에 대한 경영진과 지배기구의 책임|재무제표감사에 대한 감사인의 책임
00991225,2020,(주)더콘텐츠온,콘텐츠,59130,20210323000244,0,감사보고서,별도,0,0,0,0,,적정,,울특별시 강남구 테헤란로 8길 21 회계법인,4,감사의견근거|기타사항|재무제표에 대한 경영진과 지배기구의 책임|재무제표감사에 대한 감사인의 책임
00991225,2021,(주)더콘텐츠온,콘텐츠,59130,20220323000557,0,감사보고서,별도,0,0,0,0,,적정,,울특별시 강남구 테헤란로 8길 21 회계법인,3,감사의견근거|재무제표에 대한 경영진과 지배기구의 책임|재무제표감사에 대한 감사인의 책임
00991225,2022,(주)더콘텐츠온,콘텐츠,59130,20230323000274,0,감사보고서,별도,0,0,0,0,,적정,,울특별시 강남구 테헤란로 8길 21 회계법인,3,감사의견근거|재무제표에 대한 경영진과 지배기구의 책임|재무제표감사에 대한 감사인의 책임
00991225,2023,(주)더콘텐츠온,콘텐츠,59130,20240321001908,0,감사보고서,별도,0,0,0,0,,적정,,울특별시 강남구 테헤란로 8길 21 회계법인,3,감사의견근거|재무제표에 대한 경영진과 지배기구의 책임|재무제표감사에 대한 감사인의 책임
00991225,2024,(주)더콘텐츠온,콘텐츠,59130,20250321000964,0,감사보고서,별도,0,0,0,0,,적정,,시 강남구 테헤란로 77길 13 한미회계법인,4,감사의견근거|기타사항|재무제표에 대한 경영진과 지배기구의 책임|재무제표감사에 대한 감사인의 책임
00991225,2025,(주)더콘텐츠온,콘텐츠,59130,20260323001088,0,감사보고서,별도,0,0,0,1,"재무제표에 대한 주석 20에 주의를 기울여야 할 필요가 있습니다. 회사는 2025년 12월 31일로 종료되는 회계연도 말 현재 유동부채가 유동자산을 8,336백만원 초과하고 있으며, 누적결손금은 12,806백만원으로 총부채가 총자산을 1,193백만원 초과하고 있습니다. 주석 20에서 기술된 바와 같이, 이러한 사건이나 상황은 계속기업으로서의 존속능력에 유의적 의문을 제기할 만한 중요한 불확실성이 존재함을 나타냅 니다. 우리의 의견은 이 사항으로부터 영향을 받지 아니합니다.",적정,,시 강남구 테헤란로 77길 13 한미회계법인,4,감사의견근거|계속기업 관련 중요한 불확실성|재무제표에 대한 경영진과 지배기구의 책임|재무제표감사에 대한 감사인의 책임
01008762,2019,데브시스터즈(주),게임,58212,20200330002626,0,연결감사보고서,연결,1,0,1,0,,적정,,2018년 12월 31일 까지 안진회계법인,4,감사의견근거|핵심감사사항|연결재무제표에 대한 경영진과 지배기구의 책임|연결재무제표감사에 대한 감사인의 책임
01008762,2020,데브시스터즈(주),게임,58212,20210322001128,0,연결감사보고서,연결,1,0,1,0,,적정,,삼덕회계법인,6,감사의견근거|강조사항|핵심감사사항|기타사항|연결재무제표에 대한 경영진과 지배기구의 책임|연결재무제표감사에 대한 감사인의 책임
01008762,2021,데브시스터즈(주),게임,58212,20220321000880,0,연결감사보고서,연결,1,0,1,0,,적정,,삼덕회계법인,4,감사의견근거|핵심감사사항|연결재무제표에 대한 경영진과 지배기구의 책임|연결재무제표감사에 대한 감사인의 책임
01008762,2022,데브시스터즈(주),게임,58212,20230321000909,0,연결감사보고서,연결,1,0,0,0,,적정,,삼덕회계법인,4,감사의견근거|핵심감사사항|연결재무제표에 대한 경영진과 지배기구의 책임|연결재무제표감사에 대한 감사인의 책임
01008762,2023,데브시스터즈(주),게임,58212,20240319000774,0,연결감사보고서,연결,1,0,0,0,,적정,,2023년 12월 31일 까지 안진회계법인,5,감사의견근거|핵심감사사항|기타사항|연결재무제표에 대한 경영진과 지배기구의 책임|연결재무제표감사에 대한 감사인의 책임
01008762,2024,데브시스터즈(주),게임,58212,20250318001090,0,연결감사보고서,연결,1,0,0,0,,적정,,2023년 12월 31일 까지 안진회계법인,4,감사의견근거|핵심감사사항|연결재무제표에 대한 경영진과 지배기구의 책임|연결재무제표감사에 대한 감사인의 책임
01008762,2025,데브시스터즈(주),게임,58212,20260316001364,0,연결감사보고서,연결,1,0,0,0,,적정,,2024년 12월 31일 까지 안진회계법인,4,감사의견근거|핵심감사사항|연결재무제표에 대한 경영진과 지배기구의 책임|연결재무제표감사에 대한 감사인의 책임
01010110,2019,(주)더블유게임즈,게임,5821,20200330001076,0,연결감사보고서,연결,1,0,0,0,,적정,,,4,감사의견근거|핵심감사사항|연결재무제표에 대한 경영진과 지배기구의 책임|연결재무제표감사에 대한 감사인의 책임
01010110,2020,(주)더블유게임즈,게임,5821,20210316000867,0,연결감사보고서,연결,1,0,0,0,,적정,,,4,감사의견근거|핵심감사사항|연결재무제표에 대한 경영진과 지배기구의 책임|연결재무제표감사에 대한 감사인의 책임
01010110,2021,(주)더블유게임즈,게임,5821,20220321000798,0,연결감사보고서,연결,1,0,0,0,,적정,,,4,감사의견근거|핵심감사사항|연결재무제표에 대한 경영진과 지배기구의 책임|연결재무제표감사에 대한 감사인의 책임
01010110,2022,(주)더블유게임즈,게임,5821,20230320000648,0,연결감사보고서,연결,1,0,0,0,,적정,,,4,감사의견근거|핵심감사사항|연결재무제표에 대한 경영진과 지배기구의 책임|연결재무제표감사에 대한 감사인의 책임
01010110,2023,(주)더블유게임즈,게임,5821,20240320001599,0,연결감사보고서,연결,1,0,0,0,,적정,,료되는 보고기간의 연결재무제표는 한영회계법인,5,감사의견근거|핵심감사사항|기타사항|연결재무제표에 대한 경영진과 지배기구의 책임|연결재무제표감사에 대한 감사인의 책임
01010110,2024,(주)더블유게임즈,게임,5821,20250318001413,0,연결감사보고서,연결,1,0,0,0,,적정,,,5,감사의견근거|강조사항|핵심감사사항|연결재무제표에 대한 경영진과 지배기구의 책임|연결재무제표감사에 대한 감사인의 책임
01010110,2025,(주)더블유게임즈,게임,5821,20260318001244,0,연결감사보고서,연결,1,0,0,0,,적정,,,4,감사의견근거|핵심감사사항|연결재무제표에 대한 경영진과 지배기구의 책임|연결재무제표감사에 대한 감사인의 책임
01021949,2019,(주)덱스터스튜디오,콘텐츠,59120,20200330004518,0,연결감사보고서,연결,0,0,0,0,,적정,,,3,감사의견근거|연결재무제표에 대한 경영진과 지배기구의 책임|연결재무제표감사에 대한 감사인의 책임
01021949,2020,(주)덱스터스튜디오,콘텐츠,59120,20210318001328,0,연결감사보고서,연결,1,0,1,0,,적정,,,4,감사의견근거|핵심감사사항|연결재무제표에 대한 경영진과 지배기구의 책임|연결재무제표감사에 대한 감사인의 책임
01021949,2021,(주)덱스터스튜디오,콘텐츠,59120,20220317001217,0,연결감사보고서,연결,1,0,0,0,,적정,,2020년 12월 31일 까지 대주회계법인,4,감사의견근거|핵심감사사항|연결재무제표에 대한 경영진과 지배기구의 책임|연결재무제표감사에 대한 감사인의 책임
01021949,2022,(주)덱스터스튜디오,콘텐츠,59120,20230322001210,0,연결감사보고서,연결,1,0,0,0,,적정,,2022년 12월 31일 까지 한울회계법인,5,감사의견근거|핵심감사사항|기타사항|연결재무제표에 대한 경영진과 지배기구의 책임|연결재무제표감사에 대한 감사인의 책임
01021949,2023,(주)덱스터스튜디오,콘텐츠,59120,20240319000837,0,연결감사보고서,연결,1,0,1,0,,적정,,2022년 12월 31일 까지 한울회계법인,4,감사의견근거|핵심감사사항|연결재무제표에 대한 경영진과 지배기구의 책임|연결재무제표감사에 대한 감사인의 책임
01021949,2024,(주)덱스터스튜디오,콘텐츠,59120,20250320001205,0,연결감사보고서,연결,1,0,1,0,,적정,,,5,감사의견근거|핵심감사사항|기타사항|연결재무제표에 대한 경영진과 지배기구의 책임|연결재무제표감사에 대한 감사인의 책임
01021949,2025,(주)덱스터스튜디오,콘텐츠,59120,20260320000939,0,연결감사보고서,연결,1,0,0,0,,적정,,,4,감사의견근거|핵심감사사항|연결재무제표에 대한 경영진과 지배기구의 책임|연결재무제표감사에 대한 감사인의 책임
01046203,2019,(주)로아앤코홀딩스,콘텐츠,901,20200330004152,0,연결감사보고서,연결,0,0,0,0,,적정,,대표이사 외 경영관리본부 2인 회계법인,3,감사의견근거|연결재무제표에 대한 경영진과 지배기구의 책임|연결재무제표감사에 대한 감사인의 책임
01046203,2020,(주)로아앤코홀딩스,콘텐츠,901,20210319001133,0,연결감사보고서,연결,1,0,1,0,,적정,,2020년 12월 31일 까지 삼덕회계법인,7,감사의견근거|강조사항|핵심감사사항|기타사항|재무제표에 대한 경영진과 지배기구의 책임|재무제표감사에 대한 감사인의 책임|핵심감사사항
01046203,2021,(주)로아앤코홀딩스,콘텐츠,901,20220324000004,0,연결감사보고서,연결,1,0,2,0,,적정,,2020년 12월 31일 까지 삼덕회계법인,6,감사의견근거|강조사항|핵심감사사항|재무제표에 대한 경영진과 지배기구의 책임|재무제표감사에 대한 감사인의 책임|핵심감사사항
01046203,2022,(주)로아앤코홀딩스,콘텐츠,901,20230407003525,0,연결감사보고서,연결,1,0,1,0,,적정,,2022년 12월 31일 까지 이촌회계법인,6,감사의견 근거|강조사항|핵심감사사항|기타사항|재무제표에 대한 경영진과 지배기구의 책임|재무제표감사에 대한 감사인의 책임
01046203,2023,(주)로아앤코홀딩스,콘텐츠,901,20240408004101,0,연결감사보고서,연결,1,0,1,0,,한정의견,"주식회사 열해당 매각거래와 관련한 불확실성 (주석32-(4) 참조) (1)우리는 연결회사의 (주)열해당 매각거래와 관련한 하기 사실관계에 따른 불확실성이 연결재무제표에 미치는 영향 및 우발상황과 관련하여 충분하고 적합한 감사증거를 확보할 수 없었습니다. 1) 온성준은 연결회사의 '경제적 실질 의사결정자'로서 본인이 실질적 경영자인 (주)나인원쓰리를 통하여 2022년 4월 28일에 (주)열해당에 대한 인수계약을 체결하였다가 취소하였으며, 이후 연결회사가 (주)열해당에 대한 인수계약을 2022년 11월 29일에 체결하고 (주)열해당을 인수하였습니다. 2023년 5월 30일에 온성준이 향후 지분의 100%를 소유하게 될 (주)루시드홀딩스로부터 (주)열해당을 인수하겠다는 매수제안을 받아 2023년 10월 31일에 열해당 지분 100%를 (주)루시드홀딩스에 매각하는 계약을 체결하였습니다.2) 지배회사의 (주)열해당에 대한 대여금 및 미수이자(이하 ""대여금 등"")는 209억원(잔금청산일 기준)이며, (주)열해당을 양도하는 계약을 체결한 이후에도 지배회사는 약 20억원의 추가자금을 대여하였습니다. 2024년 4월 15일 (주)루시드홀딩스가 잔금157.5억원을 지급하는 경우 (주)열해당의 소유권은 (주)루시드홀딩스로 이전되는 상황에서 대여금 등의 회수가능성에 대하여 의문이 제기되는 상황입니다.3) 지배회사는 주식매매계약을 체결하였음에도 불구하고 해당 주식에 대하여 100% 손상을 인식하였으며, (주)루시드홀딩스의 매각대금 잔금 납부가능성은 (주)에스엘에너지의 지분 공개매각 여부에 달려있어 그 가능성이 매우 높다고 보기 어렵다고 판단하고 있습니다. 우리는 대한민국의 회계감사기준에 따라 감사를 수행하였습니다. 이 기준에 따른 우리의 책임은 이 감사보고서의 연결재무제표 감사에 대한 감사인의 책임 단락에 기술되어 있습니다. 우리는 연결재무제표 감사와 관련된 대한민국의 윤리적 요구사항에 따라 연결회사로부터 독립적이며, 그러한 요구사항에 따른 기타의 윤리적 책임들을 이행하였습니다. 우리가 입수한 감사증거가 한정의견을 위한 근거로서 충분하고 적합하다고 우리는 믿습니다.",2022년 12월 31일 까지 이촌회계법인,6,한정의견 근거|강조사항|핵심감사사항|기타사항|재무제표에 대한 경영진과 지배기구의 책임|재무제표감사에 대한 감사인의 책임
01046203,2024,(주)로아앤코홀딩스,콘텐츠,901,20250407004235,0,연결감사보고서,연결,1,1,0,1,"연결재무제표에 대한 주석 39에 주의를 기울여야 할 필요가 있습니다. 연결재무제표에 대한 주석 39는 2024년 12월 31일로 종료되는 보고기간 종료일 현재 누적결손으로 인한 미처리결손금이 101,328백만원에 이르고 있으며, 유동부채가 유동자산을 17,285백만원 초과하고 있습니다. 주석 39에서 기술된 바와 같이, 이러한 사건이나 상황은 계속기업으로서의 존속능력에 유의적 의문을 제기할 만한 중요한 불확실성이 존재함을 나타냅니다. 우리의 의견은 이 사항으로부터 영향을 받지 아니합니다.",한정의견,"2023년 12월 31일로 종료되는 보고기간의 연결재무제표에 대한 타감사인의 2024년4월 8일자 감사보고서에서 기재된 주식회사 열해당 매각거래와 관련한 사실관계에 따른 불확실성이 감사보고서일 현재까지 해소되지 않았습니다. 또한 연결실체는 주식회사 루시드홀딩스가 주식회사 열해당 매각거래의 잔금을 지급하지 못함에 따라, 최초 매각거래 체결 당시 정해진 잔금 기일 이후부터 감사보고서일까지 수 차례에 걸쳐 중도금 및 잔금 지급 기한을 연장하는 계약을 체결하였고, 지배기업은 매각 계약 체결 이후에도 추가적으로 주식회사 열해당에 대여금을 지급하였습니다. 우리는 이러한 일련의 거래와 관련한 불확실성에 대해 충분하고 적합한 감사증거를 확보하지 못하였으며, 이에 따라 해당 거래가 당기말 현재의 연결재무상태 및 당기의 연결재무성과와 연결현금흐름에 미치는 영향을 결정할 수 없었습니다.",2024년 12월 31일 까지 삼정회계법인,7,한정의견근거|계속기업 관련 중요한 불확실성|강조사항|핵심감사사항|기타사항|연결재무제표에 대한 경영진과 지배기구의 책임|연결재무제표감사에 대한 감사인의 책임
01046203,2025,(주)로아앤코홀딩스,콘텐츠,901,20260330001844,0,연결감사보고서,연결,0,0,0,1,"연결재무제표에 대한 주석 39에 주의를 기울여야 할 필요가 있습니다. 연결재무제표에 대한 주석 39는 2025년 12월 31일로 종료되는 보고기간에 영업손실과 당기순손실이 각각 4,740백만원과 15,059백만원 발생하여 2025년 12월 31일 현재 116,314백만원의 결손금이 누적되어 있으며, 유동부채가 유동자산을 20,711백만원 초과하고 있음을 나타내고 있습니다. 연결재무제표에 대한 주석 39에서 기술된 바와 같이, 이러한 사건이나 상황은 계속기업으로의 존속능력에 유의적 의문을 제기할 만한 중요한 불확실성이 존재함을 나타냅니다. 우리의 의견은 이 사항으로부터 영향을 받지 아니합니다.",한정의견,"전기 이전부터 지속되어 온 주식회사 열해당 매각거래와 관련된 일련의 사실관계에 따른 불확실성이 감사보고서일 현재까지 해소되지 않았습니다. 연결재무제표에 대한주석 33 및 주석 37에서 설명하고 있는 바와 같이 연결실체는 주식회사 루시드홀딩스와의 주식회사 열해당 매각거래에서 잔금을 지급받지 못하였으며, 최초 매각거래 체결 당시 정해진 잔금 기일이후부터 감사보고서일까지 수 차례에 걸쳐 중도금 및 잔금 지급 기한을 연장하는 계약을 체결하였습니다. 또한, 지배기업은 매각거래 체결 이후에도 추가적으로 주식회사 열해당에 대여금을 지급하였으며, 당기 중 설립한 종속기업 주식회사 산타클로스프라퍼티가 주식회사 열해당과의 업무 위탁 계약에 따라사업비를 지급할 목적으로 체결한 금융기관과의 차입약정에 지배기업의 유형자산 및투자부동산을 담보로 제공하였습니다. 우리는 이러한 일련의 거래실질에 내재된 불확실성에 대해 충분하고 적합한 감사증거를 확보하지 못하였으며, 이에 따라 해당 거래가 당기말 및 전기말 현재의 연결재무상태, 당기의 연결재무성과 및 연결현금흐름에 미치는 영향을 결정할 수 없었습니다.",2024년 12월 31일 까지 삼정회계법인,4,한정의견근거|계속기업 관련 중요한 불확실성|연결재무제표에 대한 경영진과 지배기구의 책임|연결재무제표감사에 대한 감사인의 책임
01047840,2019,미스터블루(주),콘텐츠,63991,20200330001867,0,연결감사보고서,연결,0,0,0,0,,적정,,2018년 12월 31일 까지 이촌회계법인,3,감사의견근거|연결재무제표에 대한 경영진과 지배기구의 책임|연결재무제표감사에 대한 감사인의 책임
01047840,2020,미스터블루(주),콘텐츠,63991,20210317001150,0,연결감사보고서,연결,1,0,1,0,,적정,,2019년 12월 31일 까지 이촌회계법인,4,감사의견근거|핵심감사사항|연결재무제표에 대한 경영진과 지배기구의 책임|연결재무제표감사에 대한 감사인의 책임
01047840,2021,미스터블루(주),콘텐츠,63991,20220316001231,0,연결감사보고서,연결,1,0,1,0,,적정,,2020년 12월 31일 까지 이촌회계법인,4,감사의견근거|핵심감사사항|연결재무제표에 대한 경영진과 지배기구의 책임|연결재무제표감사에 대한 감사인의 책임
01047840,2022,미스터블루(주),콘텐츠,63991,20240228007261,1,감사보고서,별도,1,0,1,0,,적정,,2021년 12월 31일 까지 이촌회계법인,6,감사의견근거|강조사항|기타사항|핵심감사사항|재무제표에 대한 경영진과 지배기구의 책임|재무제표감사에 대한 감사인의 책임
01047840,2023,미스터블루(주),콘텐츠,63991,20240313001753,0,연결감사보고서,연결,1,0,1,0,,적정,,2023년 12월 31일 까지 태성회계법인,5,감사의견근거|핵심감사사항|기타사항|연결재무제표에 대한 경영진과 지배기구의 책임|연결재무제표감사에 대한 감사인의 책임
01047840,2024,미스터블루(주),콘텐츠,63991,20250312000988,0,연결감사보고서,연결,1,0,1,0,,적정,,2023년 12월 31일 까지 태성회계법인,4,감사의견근거|핵심감사사항|연결재무제표에 대한 경영진과 지배기구의 책임|연결재무제표감사에 대한 감사인의 책임
01047840,2025,미스터블루(주),콘텐츠,63991,20260312001016,0,연결감사보고서,연결,1,0,1,0,,적정,,2024년 12월 31일 까지 태성회계법인,4,감사의견근거|핵심감사사항|연결재무제표에 대한 경영진과 지배기구의 책임|연결재무제표감사에 대한 감사인의 책임
01067516,2019,(주)골프존,게임,58219,20200330004449,0,연결감사보고서,연결,1,0,1,0,,적정,,료되는 보고기간의 연결재무제표는 삼정회계법인,5,감사의견근거|핵심감사사항|기타사항|연결재무제표에 대한 경영진과 지배기구의 책임|연결재무제표감사에 대한 감사인의 책임
01067516,2020,(주)골프존,게임,58219,20210318001313,0,연결감사보고서,연결,1,0,1,0,,적정,,,4,감사의견근거|핵심감사사항|연결재무제표에 대한 경영진과 지배기구의 책임|연결재무제표감사에 대한 감사인의 책임
01067516,2021,(주)골프존,게임,58219,20220317001233,0,연결감사보고서,연결,1,0,1,0,,적정,,,4,감사의견근거|핵심감사사항|연결재무제표에 대한 경영진과 지배기구의 책임|연결재무제표감사에 대한 감사인의 책임
01067516,2022,(주)골프존,게임,58219,20230323001498,0,연결감사보고서,연결,1,0,1,0,,적정,,,4,감사의견근거|핵심감사사항|연결재무제표에 대한 경영진과 지배기구의 책임|연결재무제표감사에 대한 감사인의 책임
01067516,2023,(주)골프존,게임,58219,20240321001611,0,연결감사보고서,연결,1,0,1,0,,적정,,,4,감사의견근거|핵심감사사항|연결재무제표에 대한 경영진과 지배기구의 책임|연결재무제표감사에 대한 감사인의 책임
01067516,2024,(주)골프존,게임,58219,20250320001486,0,연결감사보고서,연결,1,0,0,0,,적정,,,5,감사의견근거|핵심감사사항|기타사항|연결재무제표에 대한 경영진과 지배기구의 책임|연결재무제표감사에 대한 감사인의 책임
01067516,2025,(주)골프존,게임,58219,20260319001346,0,연결감사보고서,연결,1,0,0,0,,적정,,2024년 12월 31일 까지 대주회계법인,4,감사의견근거|핵심감사사항|연결재무제표에 대한 경영진과 지배기구의 책임|연결재무제표감사에 대한 감사인의 책임
01082418,2022,(주)에스에이엠지엔터테인먼트,콘텐츠,59112,20230317000881,0,연결감사보고서,연결,1,0,1,0,,적정,,,5,감사의견근거|핵심감사사항|기타사항|연결재무제표에 대한 경영진과 지배기구의 책임|연결재무제표감사에 대한 감사인의 책임
01082418,2023,(주)에스에이엠지엔터테인먼트,콘텐츠,59112,20240318000675,0,연결감사보고서,연결,1,0,1,0,,적정,,,4,감사의견근거|핵심감사사항|연결재무제표에 대한 경영진과 지배기구의 책임|연결재무제표감사에 대한 감사인의 책임
01082418,2024,(주)에스에이엠지엔터테인먼트,콘텐츠,59112,20250318001024,0,연결감사보고서,연결,1,0,1,0,,적정,,,4,감사의견근거|핵심감사사항|연결재무제표에 대한 경영진과 지배기구의 책임|연결재무제표감사에 대한 감사인의 책임
01082418,2025,(주)에스에이엠지엔터테인먼트,콘텐츠,59112,20260323000799,0,연결감사보고서,연결,1,0,1,0,,적정,,2024년 12월 31일 까지 이촌회계법인,4,감사의견근거|핵심감사사항|연결재무제표에 대한 경영진과 지배기구의 책임|연결재무제표감사에 대한 감사인의 책임
01116502,2020,(주)아티스트컴퍼니,콘텐츠,901,20210323000558,1,감사보고서,별도,0,0,0,0,,적정,,019년 12월 31일 까지 정진세림회계법인,3,감사의견근거|재무제표에 대한 경영진과 지배기구의 책임|기타사항
01116502,2021,(주)아티스트컴퍼니,콘텐츠,901,20220322000825,0,연결감사보고서,연결,1,0,1,0,,적정,,020년 12월 31일 까지 정진세림회계법인,3,감사의견근거|핵심감사사항|연결재무제표에 대한 경영진과 지배기구의 책임
01116502,2022,(주)아티스트컴퍼니,콘텐츠,901,20230321001237,0,연결감사보고서,연결,1,0,0,0,,적정,,021년 12월 31일 까지 정진세림회계법인,3,감사의견근거|핵심감사사항|연결재무제표에 대한 경영진과 지배기구의 책임
01116502,2023,(주)아티스트컴퍼니,콘텐츠,901,20240321001038,0,연결감사보고서,연결,1,0,0,0,,적정,,022년 12월 31일 까지 정진세림회계법인,3,감사의견근거|핵심감사사항|연결재무제표에 대한 경영진과 지배기구의 책임
01116502,2024,(주)아티스트컴퍼니,콘텐츠,901,20250320001407,0,연결감사보고서,연결,1,0,1,0,,적정,,,6,감사의견근거|핵심감사사항|강조사항|기타사항|연결재무제표에 대한 경영진과 지배기구의 책임|연결재무제표감사에 대한 감사인의 책임
01116502,2025,(주)아티스트컴퍼니,콘텐츠,901,20260319001172,0,연결감사보고서,연결,1,0,1,0,,적정,,2024년 12월 31일 까지 이촌회계법인,4,감사의견근거|핵심감사사항|연결재무제표에 대한 경영진과 지배기구의 책임|연결재무제표감사에 대한 감사인의 책임
01137383,2019,(주)카카오게임즈,게임,5821,20200330004670,0,연결감사보고서,연결,0,0,0,0,,적정,,2019년 12월 31일 까지 삼일회계법인,4,감사의견근거|기타사항|연결재무제표에 대한 경영진과 지배기구의 책임|연결재무제표감사에 대한 감사인의 책임
01137383,2020,(주)카카오게임즈,게임,5821,20210318001118,0,연결감사보고서,연결,1,0,1,0,,적정,,2019년 12월 31일 까지 삼일회계법인,5,감사의견근거|핵심감사사항|강조사항|연결재무제표에 대한 경영진과 지배기구의 책임|연결재무제표감사에 대한 감사인의 책임
01137383,2021,(주)카카오게임즈,게임,5821,20220328000756,1,연결감사보고서,연결,1,0,1,0,,적정,,2020년 12월 31일 까지 삼일회계법인,5,감사의견근거|핵심감사사항|강조사항|연결재무제표에 대한 경영진과 지배기구의 책임|연결재무제표감사에 대한 감사인의 책임
01137383,2022,(주)카카오게임즈,게임,5821,20230317001061,0,연결감사보고서,연결,1,0,0,0,,적정,,강남파이낸스센터 27층) 삼정회계법인,5,감사의견근거|핵심감사사항|기타사항|연결재무제표에 대한 경영진과 지배기구의 책임|연결재무제표감사에 대한 감사인의 책임
01137383,2023,(주)카카오게임즈,게임,5821,20240320002052,0,연결감사보고서,연결,1,0,0,0,,적정,,강남파이낸스센터 27층) 삼정회계법인,4,감사의견근거|핵심감사사항|연결재무제표에 대한 경영진과 지배기구의 책임|연결재무제표감사에 대한 감사인의 책임
01137383,2024,(주)카카오게임즈,게임,5821,20250318001434,0,연결감사보고서,연결,1,0,0,0,,적정,,강남파이낸스센터 27층) 삼정회계법인,4,감사의견근거|핵심감사사항|재무제표에 대한 경영진과 지배기구의 책임|재무제표감사에 대한 감사인의 책임
01137383,2025,(주)카카오게임즈,게임,5821,20260318001659,0,연결감사보고서,연결,1,0,0,0,,적정,,강남파이낸스센터 27층) 삼정회계법인,4,감사의견근거|핵심감사사항|연결재무제표에 대한 경영진과 지배기구의 책임|연결재무제표감사에 대한 감사인의 책임
01138364,2021,더핑크퐁컴퍼니(주),콘텐츠,591,20220811000295,0,연결감사보고서,연결,0,0,0,0,,적정,,2021년 12월 31일 까지 한영회계법인,4,감사의견근거|기타사항|연결재무제표에 대한 경영진과 지배기구의 책임|연결재무제표감사에 대한 감사인의 책임
01138364,2022,더핑크퐁컴퍼니(주),콘텐츠,591,20230330001787,0,연결감사보고서,연결,0,0,0,0,,미상,,강남파이낸스센터 27층) 삼정회계법인,4,감사의견근거|기타사항|연결재무제표에 대한 경영진과 지배기구의 책임|연결재무제표감사에 대한 감사인의 책임
01138364,2023,더핑크퐁컴퍼니(주),콘텐츠,591,20240328001529,0,연결감사보고서,연결,0,0,0,0,,미상,,강남파이낸스센터 27층) 삼정회계법인,3,감사의견근거|연결재무제표에 대한 경영진과 지배기구의 책임|연결재무제표감사에 대한 감사인의 책임
01138364,2024,더핑크퐁컴퍼니(주),콘텐츠,591,20250321001826,0,연결감사보고서,연결,0,0,0,0,,적정,,,3,감사의견근거|기타사항|연결재무제표감사에 대한 감사인의 책임
01138364,2025,더핑크퐁컴퍼니(주),콘텐츠,591,20260323000936,0,연결감사보고서,연결,1,0,1,0,,적정,,,5,감사의견근거|핵심감사사항|기타사항|연결재무제표에 대한 경영진과 지배기구의 책임|연결재무제표감사에 대한 감사인의 책임
01139965,2022,주식회사 스튜디오미르,콘텐츠,59112,20230322000651,0,연결감사보고서,연결,0,0,0,0,,적정,,2021년 12월 31일 까지 삼일회계법인,3,감사의견근거|연결재무제표에 대한 경영진과 지배기구의 책임|연결재무제표감사에 대한 감사인의 책임
01139965,2023,주식회사 스튜디오미르,콘텐츠,59112,20240315000518,0,연결감사보고서,연결,1,0,0,0,,적정,,부터 2023년 12월 31일 까지 회계법인,5,감사의견근거|핵심감사사항|기타사항|연결재무제표에 대한 경영진과 지배기구의 책임|연결재무제표감사에 대한 감사인의 책임
01139965,2024,주식회사 스튜디오미르,콘텐츠,59112,20250313001376,0,연결감사보고서,연결,1,0,0,0,,적정,,부터 2023년 12월 31일 까지 회계법인,4,감사의견근거|핵심감사사항|연결재무제표에 대한 경영진과 지배기구의 책임|연결재무제표감사에 대한 감사인의 책임
01139965,2025,주식회사 스튜디오미르,콘텐츠,59112,20260313001324,0,연결감사보고서,연결,1,0,0,0,,적정,,부터 2024년 12월 31일 까지 회계법인,4,감사의견근거|핵심감사사항|연결재무제표에 대한 경영진과 지배기구의 책임|연결재무제표감사에 대한 감사인의 책임
01152470,2019,주식회사 펄어비스,게임,58211,20200327001721,0,연결감사보고서,연결,1,0,1,0,,적정,,2018년 12월 31일 까지 삼일회계법인,4,감사의견근거|핵심감사사항|연결재무제표에 대한 경영진과 지배기구의 책임|연결재무제표감사에 대한 감사인의 책임
01152470,2020,주식회사 펄어비스,게임,58211,20210322001111,0,연결감사보고서,연결,1,0,1,0,,적정,,2019년 12월 31일 까지 삼일회계법인,4,감사의견근거|핵심감사사항|연결재무제표에 대한 경영진과 지배기구의 책임|연결재무제표감사에 대한 감사인의 책임
01152470,2021,주식회사 펄어비스,게임,58211,20220322001101,0,연결감사보고서,연결,1,0,1,0,,적정,,2020년 12월 31일 까지 삼일회계법인,4,감사의견근거|핵심감사사항|연결재무제표에 대한 경영진과 지배기구의 책임|연결재무제표감사에 대한 감사인의 책임
01152470,2022,주식회사 펄어비스,게임,58211,20230322001273,0,연결감사보고서,연결,1,0,1,0,,적정,,2021년 12월 31일 까지 삼일회계법인,4,감사의견근거|핵심감사사항|연결재무제표에 대한 경영진과 지배기구의 책임|연결재무제표감사에 대한 감사인의 책임
01152470,2023,주식회사 펄어비스,게임,58211,20240321001941,0,연결감사보고서,연결,1,0,1,0,,적정,,2022년 12월 31일 까지 삼일회계법인,4,감사의견근거|핵심감사사항|연결재무제표에 대한 경영진과 지배기구의 책임|연결재무제표감사에 대한 감사인의 책임
01152470,2024,주식회사 펄어비스,게임,58211,20250319001130,0,연결감사보고서,연결,1,0,1,0,,적정,,2023년 12월 31일 까지 삼일회계법인,4,감사의견근거|핵심감사사항|연결재무제표에 대한 경영진과 지배기구의 책임|연결재무제표감사에 대한 감사인의 책임
01152470,2025,주식회사 펄어비스,게임,58211,20260319001336,0,연결감사보고서,연결,1,0,1,0,,미상,,2025년 12월 31일 까지 삼정회계법인,5,감사의견근거|핵심감사사항|기타사항|연결재무제표에 대한 경영진과 지배기구의 책임|연결재무제표감사에 대한 감사인의 책임
01168684,2019,스튜디오드래곤(주),콘텐츠,59114,20200330003939,0,연결감사보고서,연결,1,0,2,0,,적정,,강남파이낸스센터 27층) 삼정회계법인,4,감사의견근거|핵심감사사항|연결재무제표에 대한 경영진과 지배기구의 책임|연결재무제표감사에 대한 감사인의 책임
01168684,2020,스튜디오드래곤(주),콘텐츠,59114,20210318001131,0,연결감사보고서,연결,1,0,2,0,,적정,,2019년 12월 31일 까지 삼정회계법인,4,감사의견근거|핵심감사사항|연결재무제표에 대한 경영진과 지배기구의 책임|연결재무제표감사에 대한 감사인의 책임
01168684,2021,스튜디오드래곤(주),콘텐츠,59114,20220321000889,0,연결감사보고서,연결,1,0,2,0,,적정,,2020년 12월 31일 까지 삼정회계법인,4,감사의견근거|핵심감사사항|연결재무제표에 대한 경영진과 지배기구의 책임|연결재무제표감사에 대한 감사인의 책임
01168684,2022,스튜디오드래곤(주),콘텐츠,59114,20230320000722,0,연결감사보고서,연결,1,0,1,0,,적정,,강남파이낸스센터 27층) 삼정회계법인,4,감사의견근거|핵심감사사항|연결재무제표에 대한 경영진과 지배기구의 책임|연결재무제표감사에 대한 감사인의 책임
01168684,2023,스튜디오드래곤(주),콘텐츠,59114,20240318000577,0,연결감사보고서,연결,1,0,1,0,,적정,,2022년 12월 31일 까지 삼정회계법인,4,감사의견근거|핵심감사사항|연결재무제표에 대한 경영진과 지배기구의 책임|연결재무제표감사에 대한 감사인의 책임
01168684,2024,스튜디오드래곤(주),콘텐츠,59114,20250319000636,0,연결감사보고서,연결,1,0,1,0,,적정,,강남파이낸스센터 27층) 삼정회계법인,4,감사의견근거|핵심감사사항|연결재무제표에 대한 경영진과 지배기구의 책임|연결재무제표감사에 대한 감사인의 책임
01168684,2025,스튜디오드래곤(주),콘텐츠,59114,20260318001699,0,연결감사보고서,연결,1,0,1,0,,적정,,2025년 12월 31일 까지 삼일회계법인,5,감사의견근거|핵심감사사항|기타사항|연결재무제표에 대한 경영진과 지배기구의 책임|연결재무제표감사에 대한 감사인의 책임
01186404,2019,주식회사 디앤씨미디어,콘텐츠,581,20200330001171,0,연결감사보고서,연결,0,0,0,0,,적정,,2018년 12월 31일 까지 정동회계법인,4,감사의견근거|강조사항|연결재무제표에 대한 경영진과 지배기구의 책임|연결재무제표감사에 대한 감사인의 책임
01186404,2020,주식회사 디앤씨미디어,콘텐츠,581,20210312000327,0,연결감사보고서,연결,1,0,1,0,,적정,,2019년 12월 31일 까지 정동회계법인,5,감사의견근거|강조사항|핵심감사사항|연결재무제표에 대한 경영진과 지배기구의 책임|연결재무제표감사에 대한 감사인의 책임
01186404,2021,주식회사 디앤씨미디어,콘텐츠,581,20220314000523,0,연결감사보고서,연결,1,0,1,0,,적정,,2021년 12월 31일 까지 성현회계법인,5,감사의견근거|기타사항|핵심감사사항|연결재무제표에 대한 경영진과 지배기구의 책임|연결재무제표감사에 대한 감사인의 책임
01186404,2022,주식회사 디앤씨미디어,콘텐츠,581,20230314000929,0,연결감사보고서,연결,1,0,1,0,,적정,,2021년 12월 31일 까지 성현회계법인,4,감사의견근거|핵심감사사항|연결재무제표에 대한 경영진과 지배기구의 책임|연결재무제표감사에 대한 감사인의 책임
01186404,2023,주식회사 디앤씨미디어,콘텐츠,581,20240313001530,0,연결감사보고서,연결,1,0,1,0,,적정,,2022년 12월 31일 까지 성현회계법인,4,감사의견근거|핵심감사사항|연결재무제표에 대한 경영진과 지배기구의 책임|연결재무제표감사에 대한 감사인의 책임
01186404,2024,주식회사 디앤씨미디어,콘텐츠,581,20250320001011,0,연결감사보고서,연결,1,0,1,0,,적정,,2024년 12월 31일 까지 삼도회계법인,5,감사의견근거|핵심감사사항|기타사항|재무제표에 대한 경영진과 지배기구의 책임|연결재무제표감사에 대한 감사인의 책임
01186404,2025,주식회사 디앤씨미디어,콘텐츠,581,20260317000853,0,연결감사보고서,연결,1,0,1,0,,적정,,2024년 12월 31일 까지 삼도회계법인,4,감사의견근거|핵심감사사항|연결재무제표에 대한 경영진과 지배기구의 책임|연결재무제표감사에 대한 감사인의 책임
01204056,2020,(주)하이브,콘텐츠,592,20210322000890,0,연결감사보고서,연결,1,0,0,0,,적정,,2019년 12월 31일 까지 한영회계법인,4,감사의견근거|핵심감사사항|연결재무제표에 대한 경영진과 지배기구의 책임|연결재무제표감사에 대한 감사인의 책임
01204056,2021,(주)하이브,콘텐츠,592,20220322000653,0,연결감사보고서,연결,1,0,1,0,,적정,,료되는 보고기간의 연결재무제표는 한영회계법인,5,감사의견 근거|핵심감사사항|기타사항|연결재무제표에 대한 경영진과 지배기구의 책임|연결재무제표감사에 대한 감사인의 책임
01204056,2022,(주)하이브,콘텐츠,592,20230322000744,0,연결감사보고서,연결,1,0,1,0,,적정,,2021년 12월 31일 까지 삼일회계법인,4,감사의견근거|핵심감사사항|연결재무제표에 대한 경영진과 지배기구의 책임|연결재무제표감사에 대한 감사인의 책임
01204056,2023,(주)하이브,콘텐츠,592,20240322000254,0,연결감사보고서,연결,1,0,1,0,,적정,,2022년 12월 31일 까지 삼일회계법인,4,감사의견근거|핵심감사사항|연결재무제표에 대한 경영진과 지배기구의 책임|연결재무제표감사에 대한 감사인의 책임
01204056,2024,(주)하이브,콘텐츠,592,20250321001187,0,연결감사보고서,연결,1,0,1,0,,적정,,2023년 12월 31일 까지 삼일회계법인,4,감사의견근거|핵심감사사항|연결재무제표에 대한 경영진과 지배기구의 책임|연결재무제표감사에 대한 감사인의 책임
01204056,2025,(주)하이브,콘텐츠,592,20260320000802,0,연결감사보고서,연결,1,0,1,0,,적정,,2024년 12월 31일 까지 삼일회계법인,4,감사의견근거|핵심감사사항|연결재무제표에 대한 경영진과 지배기구의 책임|연결재무제표감사에 대한 감사인의 책임
01208821,2019,(주)팡스카이,게임,5821,20200330001386,0,연결감사보고서,연결,0,0,0,0,,적정,,2019년 12월 31일 까지 이촌회계법인,4,감사의견근거|기타사항|연결재무제표에 대한 경영진과 지배기구의 책임|연결재무제표감사에 대한 감사인의 책임
01208821,2020,(주)팡스카이,게임,5821,20210331003221,0,연결감사보고서,연결,0,0,0,1,"연결재무제표에 대한 주석 32에 주의를 기울여야 할 필요가 있습니다. 연결재무제표에 대한 주석 32은 2020년 12월 31일로 종료되는 보고기간에 당기순손실 8,383백만원이 발생하였고, 재무제표일 현재로 기업의 유동부채가 유동자산보다 9,342백만원 만큼 더 많음을 나타내고 있습니다. 주석 32에서 기술된 바와 같이, 이러한 사건이나 상황은 주석 32에서 설명하고 있는 다른 사항과 더불어 계속기업으로서의 존속능력에 유의적 의문을 제기할 만한 중요한 불확실성이 존재함을 나타냅니다. 우리의 의견은 이 사항으로부터 영향을 받지 아니합니다.",적정,,2020년 12월 31일 까지 삼일회계법인,6,감사의견근거|계속기업 관련 중요한 불확실성|강조사항|기타사항|연결재무제표에 대한 경영진과 지배기구의 책임|연결재무제표감사에 대한 감사인의 책임
01208821,2021,(주)팡스카이,게임,5821,20220331003606,0,연결감사보고서,연결,0,0,0,1,"연결재무제표에 대한 주석 32에 주의를 기울여야 할 필요가 있습니다. 연결재무제표에 대한 주석 32은 2021년 12월 31일로 종료되는 보고기간에 당기순손실 1,318 백만원이 발생하였고, 재무제표일 현재로 기업의 유동부채가 유동자산보다 9,016백만원 만큼 더 많음을 나타내고 있습니다. 주석 32에서 기술된 바와 같이, 이러한 사건이나 상황은 주석 32에서 설명하고 있는 다른 사항과 더불어 계속기업으로서의 존속능력에 유의적 의문을 제기할 만한 중요한 불확실성이 존재함을 나타냅니다. 우리의 의견은 이 사항으로부터 영향을 받지 아니합니다.",적정,,,5,감사의견근거|계속기업 관련 중요한 불확실성|강조사항|연결재무제표에 대한 경영진과 지배기구의 책임|연결재무제표감사에 대한 감사인의 책임
01208821,2022,(주)팡스카이,게임,5821,20230331002136,0,연결감사보고서,연결,0,0,0,1,"연결재무제표에 대한 주석 32에 주의를 기울여야 할 필요가 있습니다. 연결재무제표에 대한 주석 32는 2022년 12월 31일로 종료되는 보고기간에 당기순손실 9,738백만원이 발생하였고, 재무제표일 현재로 기업의 유동부채가 유동자산보다 12,185백만원 만큼 더 많음을 나타내고 있습니다. 주석 32에서 기술된 바와 같이, 이러한 사건이나 상황은 주석 32에서 설명하고 있는 다른 사항과 더불어 계속기업으로서의 존속능력에 유의적 의문을 제기할 만한 중요한 불확실성이 존재함을 나타냅니다. 우리의 의견은 이 사항으로부터 영향을 받지 아니합니다",적정,,료되는 보고기간의 연결재무제표는 삼일회계법인,5,감사의견근거|계속기업 관련 중요한 불확실성|기타사항|연결재무제표에 대한 경영진과 지배기구의 책임|연결재무제표감사에 대한 감사인의 책임
01208821,2023,(주)팡스카이,게임,5821,20240318000329,0,연결감사보고서,연결,0,0,0,1,"연결재무제표에 대한 주석 32에 주의를 기울여야 할 필요가 있습니다. 연결재무제표에 대한 주석 32는 2023년 12월 31일로 종료되는 보고기간에 재무제표일 현재로 기업의 유동부채가 유동자산보다 4,004백만원 만큼 더 많음을 나타내고 있습니다. 주석 32에서 기술된 바와 같이, 이러한 사건이나 상황은 주석 32에서 설명하고 있는 다른 사항과 더불어 계속기업으로서의 존속능력에 유의적 의문을 제기할 만한 중요한 불확실성이 존재함을 나타냅니다. 우리의 의견은 이 사항으로부터 영향을 받지 아니합니다",적정,,2022년 12월 31일 까지 대주회계법인,4,감사의견근거|계속기업 관련 중요한 불확실성|연결재무제표에 대한 경영진과 지배기구의 책임|연결재무제표감사에 대한 감사인의 책임
01208821,2024,(주)팡스카이,게임,5821,20250407003922,0,연결감사보고서,연결,0,0,0,0,,의견거절,"연결회사의 연결재무제표는 연결회사가 계속기업으로서 존속한다는 가정을 전제로 작성되었으므로, 연결회사의 자산과 부채가 정상적인 사업활동과정을 통하여 회수되거나 상환될 수 있다는 가정 하에 회계처리되었습니다. 그러나 연결재무제표에 대한 주석 32에서 설명하고 있는 바와 같이, 연결회사는 2024년 12월 31일로 종료되는 회계연도에 영업손실이 6,162백만원이며 당기순손실이 11,740백만원입니다. 그리고 2024년 12월 31일 현재 유동부채가 유동자산을 11,291백만원 초과하고 있으며, 총부채가 총자산을 11,271백만원 초과하고 있습니다. 이러한 상황은 연결회사의 계속기업으로서의 존속능력에 대하여 유의적인 의문을 초래합니다. 연결회사가 계속기업으로서 존속할지의 여부는 주석 32에서 설명하고 있는 연결회사의 향후 자금조달계획과 경영개선계획의 성패에 따라 좌우되는 중요한 불확실성을 내포하고 있습니다. 그러나 이러한 불확실성의 최종결과로 발생될 수도 있는 자산과 부채 및 관련 손익항목에 대한 수정을 위해 이를 합리적으로 추정할 수 있는 감사증거를 확보할 수 없었습니다.",2023년 12월 31일 까지 대주회계법인,4,의견거절근거|기타사항|연결재무제표에 대한 경영진과 지배기구의 책임|연결재무제표감사에 대한 감사인의 책임
01208821,2025,(주)팡스카이,게임,5821,20260323001719,0,연결감사보고서,연결,0,0,0,0,,의견거절,"의견거절근거 단락에서 기술된 사항의 유의성 때문에 연결재무제표에 대한 감사의견의 근거를 제공하는 충분하고 적합한 감사증거를 입수할 수 없었습니다. 의견거절의 근거(1) 계속기업가정에 대한 불확실성 연결회사의 연결재무제표는 연결회사가 계속기업으로서 존속한다는 가정을 전제로 작성되었으므로 자산과 부채가 정상적인 사업활동 과정을 통하여 회수되거나 상환될 수 있다는 가정하에 회계처리 되었습니다. 그러나 주석 32에서 설명하고 있는 바와 같이 연결회사는 온라인 게임 서비스 이관으로 인한 매출 악화 등의 사유로 2025년 12월 31일로 종료되는 보고기간에 영업이익 220백만원, 당기순손실 1,156백만원 및 부의 영업현금흐름 373백만원이 발생하였으며 당기말 현재 유동부채가 유동자산을 10,608백만원 초과하고 있습니다. 이러한 계속기업가정에 유의적 의문을 제기하는 상황에도 불구하고 연결회사의 경영진은 계속기업가정에 대한 평가를 수행하지 않았으며 이로 인해 우리는 계속기업가정의 사용이 적합한지에 대한 충분하고 적합한 감사증거를 입수할 수 없었습니다. (2) 주요 감사절차의 제약 우리는 매출채권의 실재성 및 평가, 전환사채 및 파생상품부채의 평가, 계정분류 및 회계처리의 적정성 등을 포함한 감사절차 수행에 필요한 충분하고 적합한 감사증거를 제공받지 못하였습니다. 우리는 이러한 감사범위의 제한 때문에 대한민국의 회계감사기준에서 요구하는 감사절차를 수행할 수 없었습니다. 이로 인하여, 우리는 연결재무제표에 포함되었을 수도 있는 왜곡표시가 당기말 현재의 재무상태, 당기의 재무성과와 현금흐름에 미치는 영향을 결정할 수 없었습니다.",2025년 12월 31일 까지 삼일회계법인,3,기타사항|연결재무제표에 대한 경영진과 지배기구의 책임|연결재무제표감사에 대한 감사인의 책임
01210190,2020,주식회사 모비릭스,게임,5821,20210317001114,0,감사보고서,별도,0,0,0,0,,적정,,별시 강남구 남부순환로 2913 대주회계법인,4,감사의견근거|기타사항|재무제표에 대한 경영진과 지배기구의 책임|재무제표감사에 대한 감사인의 책임
01210190,2021,주식회사 모비릭스,게임,5821,20220316000575,0,연결감사보고서,연결,1,0,1,0,,적정,,별시 강남구 남부순환로 2913 대주회계법인,4,감사의견근거|핵심감사사항|연결재무제표에 대한 경영진과 지배기구의 책임|연결재무제표감사에 대한 감사인의 책임
01210190,2022,주식회사 모비릭스,게임,5821,20230315001038,0,연결감사보고서,연결,1,0,0,0,,적정,,별시 강남구 남부순환로 2913 대주회계법인,4,감사의견근거|핵심감사사항|연결재무제표에 대한 경영진과 지배기구의 책임|연결재무제표감사에 대한 감사인의 책임
01210190,2023,주식회사 모비릭스,게임,5821,20240321002044,0,연결감사보고서,연결,1,0,0,0,,적정,,2022년 12월 31일 까지 대주회계법인,4,감사의견근거|핵심감사사항|연결재무제표에 대한 경영진과 지배기구의 책임|연결재무제표감사에 대한 감사인의 책임
01210190,2024,주식회사 모비릭스,게임,5821,20250320001043,0,연결감사보고서,연결,1,0,1,0,,적정,,별시 강남구 남부순환로 2913 대주회계법인,4,감사의견근거|핵심감사사항|연결재무제표에 대한 경영진과 지배기구의 책임|연결재무제표감사에 대한 감사인의 책임
01210190,2025,주식회사 모비릭스,게임,5821,20260319001009,0,감사보고서,별도,1,0,0,0,,적정,,별시 강남구 남부순환로 2913 대주회계법인,5,감사의견근거|핵심감사사항|강조사항|재무제표에 대한 경영진과 지배기구의 책임|재무제표감사에 대한 감사인의 책임
01259056,2019,(주)애닉,게임,5821,20200330002565,0,연결감사보고서,연결,1,0,1,0,,적정,,재무담당이사 안진회계법인,5,감사의견 근거|핵심감사사항|기타사항|연결재무제표에 대한 경영진과 지배기구의 책임|연결재무제표감사에 대한 감사인의 책임
01259056,2020,(주)애닉,게임,5821,20210323000814,0,연결감사보고서,연결,1,0,1,0,,적정,,베스파 재무담당이사 안진회계법인,4,감사의견근거|핵심감사사항|연결재무제표에 대한 경영진과 지배기구의 책임|연결재무제표감사에 대한 감사인의 책임
01259056,2021,(주)애닉,게임,5821,20220317001285,0,연결감사보고서,연결,0,0,0,0,,의견거절,"의견거절근거 단락에서 기술된 사항의 유의성 때문에 연결재무제표에 대한 감사의견의 근거를 제공하는 충분하고 적합한 감사증거를 입수할 수 없었습니다. 의견거절의 근거 연결회사의 연결재무제표는 연결회사가 계속기업으로서 존속한다는 가정을 전제로 작성되었으므로, 연결회사의 자산과 부채가 정상적인 사업활동과정을 통하여 회수되거나 상환될 수 있다는 가정 하에 회계처리되었습니다. 그러나, 연결재무제표에 대한주석 37에서 설명하고 있는 바와 같이, 연결회사는 당기말 현재 유동자산 9,477백만원, 유동부채 12,400백만원으로서 유동부채가 유동자산을 초과하고 있으며, 당기 중영업손실 44,122백만원, 당기순손실 39,274백만원이 발생하였습니다. 이러한 사건이나 상황은 연결회사가 계속기업으로서의 존속능력에 대하여 유의적 의문이 제기할만한 중요한 불확실성이 존재함을 나타냅니다. 연결회사가 계속기업으로서 존속할지의 여부는 연결회사의 매출 증대 등을 통한 재무개선 및 유동성 확보 계획의 성패에 따라 좌우되는 중요한 불확실성을 내포하고 있습니다. 그러나 우리는 이러한 연결회사의 매출 증대 등을 통한 재무개선 및 유동성 확보 계획에 대한 충분하고 적합한 감사증거를 입수할 수 없었으며, 이러한 불확실성의 최종 결과로 발생될 수도 있는 자산과 부채 및 관련 손익 항목에 대한 수정을 위해 이를 합리적으로 추정할 수 있는 감사증거를 확보할 수 없었습니다.",안진회계법인,2,연결재무제표에 대한 경영진과 지배기구의 책임|연결재무제표감사에 대한 감사인의 책임
01259056,2022,(주)애닉,게임,5821,20240119000173,1,연결감사보고서,연결,1,1,0,1,"- 이 보고서의 이용자는 재무제표에 대한 주석 37에 주의를 기울여야 할 필요가 있습니다. 주석 37은 연결회사의 계속기업으로서의 존속능력을 다루고 있습니다. 연결회사는 보고기간 종료일 이후 기업회생계획 인가 및 회생절차가 종결되었으나, 향후 영업이익 정상화를 통한 안정적인 현금흐름의 확보 여부에 따라 회사의 연결재무제표에 미치는 중요한 불확실성이 존재합니다. 이러한 상황은 주석 37에서 설명하고 있는 다른 사항과 더불어 계속기업으로서의 존속능력에 유의적 의문을 제기할 만한 중요한 불확실성이 존재함을 나타냅니다. 우리의 의견은 이 사항과 관련하여 영향을 받지 아니합니다.",적정,,료되는 보고기간의 연결재무제표는 안진회계법인,10,계속기업 관련 중요한 불확실성|핵심감사사항|기타사항|연결재무제표감사에 대한 감사인의 책임|감사의견근거|계속기업 관련 중요한 불확실성|핵심감사사항|기타사항|연결재무제표에 대한 경영진과 지배기구의 책임|연결재무제표감사에 대한 감사인의 책임
01259056,2023,(주)애닉,게임,5821,20240322000001,0,연결감사보고서,연결,1,1,0,1,"연결재무제표에 대한 주석 39에 주의를 기울여야 할 필요가 있습니다. 연결재무제표에 대한 주석 39는 회사의 계속기업으로서의 존속능력을 다루고 있습니다. 연결회사는 재무제표일 현재 기업회계계획인가 및 회생절차가 종결되었으나 2023 회계연도의 영업수익과 영업손실이 각각 640백만원과 2,109백만원입니다. 주석 39에서 기술된 바와 같이 이러한 상황은 주석 39에서 설명하고 있는 다른 사항과 더불어 계속기업으로서의 존속능력에 유의적인 의문을 제기할 만한 중요한 불확실성이 존재함을 나타냅니다, 우리의 의견은 이 사항으로부터 영향을 받지 아니합니다.",적정,,2022년 12월 31일 까지 삼일회계법인,5,감사의견근거|계속기업 관련 중요한 불확실성|핵심감사사항|연결재무제표에 대한 경영진과 지배기구의 책임|연결재무제표감사에 대한 감사인의 책임
01264438,2020,(주)자이언트스텝,콘텐츠,59113,20210331001612,0,연결감사보고서,연결,0,0,0,0,,적정,,2019년 12월 31일 까지 안진회계법인,4,감사의견근거|강조사항|연결재무제표에 대한 경영진과 지배기구의 책임|연결재무제표감사에 대한 감사인의 책임
01264438,2021,(주)자이언트스텝,콘텐츠,59113,20220316001136,0,연결감사보고서,연결,1,0,1,0,,적정,,2020년 12월 31일 까지 이촌회계법인,5,감사의견근거|핵심감사사항|기타사항|연결재무제표에 대한 경영진과 지배기구의 책임|연결재무제표감사에 대한 감사인의 책임
01264438,2022,(주)자이언트스텝,콘텐츠,59113,20230321000957,0,연결감사보고서,연결,1,0,1,0,,적정,,2021년 12월 31일 까지 이촌회계법인,4,감사의견근거|핵심감사사항|연결재무제표에 대한 경영진과 지배기구의 책임|연결재무제표감사에 대한 감사인의 책임
01264438,2023,(주)자이언트스텝,콘텐츠,59113,20240320001482,0,연결감사보고서,연결,1,0,1,0,,적정,,2022년 12월 31일 까지 이촌회계법인,4,감사의견근거|핵심감사사항|연결재무제표에 대한 경영진과 지배기구의 책임|연결재무제표감사에 대한 감사인의 책임
01264438,2024,(주)자이언트스텝,콘텐츠,59113,20250321001478,0,연결감사보고서,연결,1,0,1,0,,적정,,2023년 12월 31일 까지 이촌회계법인,4,감사의견근거|핵심감사사항|연결재무제표에 대한 경영진과 지배기구의 책임|연결재무제표감사에 대한 감사인의 책임
01264438,2025,(주)자이언트스텝,콘텐츠,59113,20260323001226,0,연결감사보고서,연결,1,0,1,0,,적정,,2024년 12월 31일 까지 이촌회계법인,4,감사의견근거|핵심감사사항|연결재무제표에 대한 경영진과 지배기구의 책임|연결재무제표감사에 대한 감사인의 책임
01267222,2019,(주)에피소드컴퍼니,콘텐츠,59111,20200330004786,0,연결감사보고서,연결,0,0,0,0,,미상,,금정빌딩) 세정회계법인,3,감사의견근거|기타사항|연결재무제표에 대한 경영진과 지배기구의 책임
01267222,2020,(주)에피소드컴퍼니,콘텐츠,59111,20210323000879,0,연결감사보고서,연결,1,0,1,0,,미상,,별시 서초구 남부순환로 2145 광교회계법인,4,감사의견근거|핵심감사사항|기타사항|재무제표에 대한 경영진과 지배기구의 책임
01267222,2021,(주)에피소드컴퍼니,콘텐츠,59111,20220323000782,0,연결감사보고서,연결,1,0,1,0,,미상,,별시 서초구 남부순환로 2145 광교회계법인,3,감사의견근거|핵심감사사항|연결재무제표에 대한 경영진과 지배기구의 책임
01267222,2022,(주)에피소드컴퍼니,콘텐츠,59111,20230322001076,0,연결감사보고서,연결,1,0,0,0,,미상,,별시 서초구 남부순환로 2145 광교회계법인,3,감사의견근거|핵심감사사항|연결재무제표에 대한 경영진과 지배기구의 책임
01267222,2023,(주)에피소드컴퍼니,콘텐츠,59111,20240321001449,0,연결감사보고서,연결,1,0,1,0,,미상,,별시 서초구 남부순환로 2145 광교회계법인,3,감사의견근거|핵심감사사항|연결재무제표에 대한 경영진과 지배기구의 책임
01267222,2024,(주)에피소드컴퍼니,콘텐츠,59111,20250320001136,0,연결감사보고서,연결,1,0,1,0,,미상,,2023년 12월 31일 까지 광교회계법인,3,감사의견근거|핵심감사사항|연결재무제표에 대한 경영진과 지배기구의 책임
01267222,2025,(주)에피소드컴퍼니,콘텐츠,59111,20260323001660,0,연결감사보고서,연결,1,0,1,0,,미상,,별시 서초구 남부순환로 2145 광교회계법인,3,감사의견근거|핵심감사사항|연결재무제표에 대한 경영진과 지배기구의 책임
01276327,2019,(주)위지윅스튜디오,콘텐츠,59120,20200330002539,0,연결감사보고서,연결,0,0,0,0,,적정,,2019년 12월 31일 까지 삼정회계법인,5,감사의견근거|강조사항|기타사항|연결재무제표에 대한 경영진과 지배기구의 책임|연결재무제표감사에 대한 감사인의 책임
01276327,2020,(주)위지윅스튜디오,콘텐츠,59120,20210322000930,0,연결감사보고서,연결,1,0,1,0,,적정,,2019년 12월 31일 까지 삼정회계법인,5,감사의견근거|강조사항|핵심감사사항|연결재무제표에 대한 경영진과 지배기구의 책임|연결재무제표감사에 대한 감사인의 책임
01276327,2021,(주)위지윅스튜디오,콘텐츠,59120,20220318001118,0,연결감사보고서,연결,1,0,1,0,,적정,,2020년 12월 31일 까지 삼정회계법인,4,감사의견근거|핵심감사사항|연결재무제표에 대한 경영진과 지배기구의 책임|연결재무제표감사에 대한 감사인의 책임
01276327,2022,(주)위지윅스튜디오,콘텐츠,59120,20230316001489,0,연결감사보고서,연결,1,0,2,0,,적정,,강남파이낸스센터 27층) 삼정회계법인,4,감사의견근거|핵심감사사항|연결재무제표에 대한 경영진과 지배기구의 책임|연결재무제표감사에 대한 감사인의 책임
01276327,2023,(주)위지윅스튜디오,콘텐츠,59120,20240724000502,1,감사보고서,별도,1,0,1,0,,적정,,강남파이낸스센터 27층) 삼정회계법인,4,감사의견근거|핵심감사사항|재무제표에 대한 경영진과 지배기구의 책임|재무제표감사에 대한 감사인의 책임
01276327,2024,(주)위지윅스튜디오,콘텐츠,59120,20250319001066,0,연결감사보고서,연결,1,0,1,0,,적정,,강남파이낸스센터 27층) 삼정회계법인,5,감사의견근거|강조사항|핵심감사사항|연결재무제표에 대한 경영진과 지배기구의 책임|연결재무제표감사에 대한 감사인의 책임
01276327,2025,(주)위지윅스튜디오,콘텐츠,59120,20260319000952,0,연결감사보고서,연결,1,0,1,0,,적정,,2024년 12월 31일 까지 삼정회계법인,4,감사의견근거|핵심감사사항|연결재무제표에 대한 경영진과 지배기구의 책임|연결재무제표감사에 대한 감사인의 책임
01290248,2021,(주)스코넥엔터테인먼트,게임,5821,20230306000004,1,연결감사보고서,연결,0,0,0,0,,적정,,,6,강조사항|기타사항|감사의견근거|강조사항|기타사항|연결재무제표에 대한 경영진과 지배기구의 책임
01290248,2022,(주)스코넥엔터테인먼트,게임,5821,20230322001208,0,연결감사보고서,연결,1,0,1,0,,적정,,22년 12월 31일 까지 예교지성 회계법인,5,감사의견근거|핵심감사사항|기타사항|연결재무제표에 대한 경영진과 지배기구의 책임|연결재무제표감사에 대한 감사인의 책임
01290248,2023,(주)스코넥엔터테인먼트,게임,5821,20240320001704,0,연결감사보고서,연결,1,0,1,0,,적정,,22년 12월 31일 까지 예교지성 회계법인,4,감사의견근거|핵심감사사항|연결재무제표에 대한 경영진과 지배기구의 책임|연결재무제표감사에 대한 감사인의 책임
01290248,2024,(주)스코넥엔터테인먼트,게임,5821,20250320001446,0,연결감사보고서,연결,1,0,1,0,,적정,,2023년 12월 31일 까지 예지회계법인,5,감사의견근거|강조사항|핵심감사사항|연결재무제표에 대한 경영진과 지배기구의 책임|연결재무제표감사에 대한 감사인의 책임
01290248,2025,(주)스코넥엔터테인먼트,게임,5821,20260407003656,0,연결감사보고서,연결,0,0,0,0,,의견거절,"우리는 하기의 사항들로 인하여 연결재무제표에 포함되었을 수도 있는 왜곡표시가 당기말 현재의 재무상태, 당기의 재무성과와 현금흐름에 미치는 영향을 결정할 수 없었습니다. (1) 투자부동산 취득거래의 정당성 및 손상차손 인식의 적정성 연결회사의 당기 중 투자부동산 취득(의왕부동산 계약금)과 관련하여 해당 거래의 정당성과 손상차손 회계처리의 적정성을 뒷받침할 수 있는 충분하고 적합한 감사증거를 입수할 수 없었습니다. (2) 타법인 지분 취득거래의 정당성 및 손상차손 인식의 적정성 연결회사의 당기 중 타법인 지분 취득(제주비케이㈜ 인수계약금)과 관련하여 해당 거래의 정당성과 손상차손 회계처리의 적정성을 뒷받침할 수 있는 충분하고 적합한 감사증거를 입수할 수 없었습니다. (3) 종속기업의 자금유출 거래의 정당성 및 손상차손 인식의 적정성연결회사의 종속기업(㈜스코넥엑스알과 ㈜이노코어)의 당기 중 유의적인 자금유출(영업보증금 지급 및 상환전환우선주 투자 등)과 관련하여 해당 거래의 정당성과 손상차손 회계처리의 적정성을 뒷받침할 수 있는 충분하고 적합한 감사증거를 입수할 수 없었습니다.",2024년 12월 31일 까지 예지회계법인,4,의견거절근거|기타사항|연결재무제표에 대한 경영진과 지배기구의 책임|연결재무제표감사에 대한 감사인의 책임
01303029,2021,주식회사 알비더블유,콘텐츠,59201,20220323001344,0,연결감사보고서,연결,1,0,0,0,,적정,,2021년 12월 31일 까지 삼덕회계법인,5,감사의견근거|핵심감사사항|기타사항|연결재무제표에 대한 경영진과 지배기구의 책임|연결재무제표감사에 대한 감사인의 책임
01303029,2022,주식회사 알비더블유,콘텐츠,59201,20230323000924,0,연결감사보고서,연결,1,0,0,0,,적정,,2021년 12월 31일 까지 삼덕회계법인,4,감사의견근거|핵심감사사항|연결재무제표에 대한 경영진과 지배기구의 책임|연결재무제표감사에 대한 감사인의 책임
01303029,2023,주식회사 알비더블유,콘텐츠,59201,20240321001770,0,연결감사보고서,연결,1,0,0,0,,적정,,2022년 12월 31일 까지 삼덕회계법인,4,감사의견근거|핵심감사사항|연결재무제표에 대한 경영진과 지배기구의 책임|연결재무제표감사에 대한 감사인의 책임
01303029,2024,주식회사 알비더블유,콘텐츠,59201,20250321001127,0,연결감사보고서,연결,1,0,0,0,,적정,,2023년 12월 31일 까지 삼덕회계법인,4,감사의견근거|핵심감사사항|연결재무제표에 대한 경영진과 지배기구의 책임|연결재무제표감사에 대한 감사인의 책임
01303029,2025,주식회사 알비더블유,콘텐츠,59201,20260323001630,0,연결감사보고서,연결,1,0,0,0,,적정,,2024년 12월 31일 까지 삼덕회계법인,4,감사의견근거|핵심감사사항|연결재무제표에 대한 경영진과 지배기구의 책임|연결재무제표감사에 대한 감사인의 책임
01335578,2019,(주)애니플러스,콘텐츠,591,20200326000104,0,감사보고서,별도,0,0,0,0,,적정,,,3,감사의견근거|재무제표에 대한 경영진과 지배기구의 책임|재무제표감사에 대한 감사인의 책임
01335578,2020,(주)애니플러스,콘텐츠,591,20210322000859,0,연결감사보고서,연결,1,0,1,0,,적정,,료되는 보고기간의 연결재무제표는 신우회계법인,6,감사의견근거|강조사항|핵심감사사항|기타사항|연결재무제표에 대한 경영진과 지배기구의 책임|연결재무제표감사에 대한 감사인의 책임
01335578,2021,(주)애니플러스,콘텐츠,591,20220322000803,0,연결감사보고서,연결,1,0,1,0,,적정,,,4,감사의견근거|핵심감사사항|연결재무제표에 대한 경영진과 지배기구의 책임|연결재무제표감사에 대한 감사인의 책임
01335578,2022,(주)애니플러스,콘텐츠,591,20230322000689,0,연결감사보고서,연결,1,0,1,0,,적정,,2022년 12월 31일 까지 신우회계법인,5,감사의견근거|핵심감사사항|연결재무제표에 대한 경영진과 지배기구의 책임|연결재무제표감사에 대한 감사인의 책임|기타사항
01335578,2023,(주)애니플러스,콘텐츠,591,20240321002010,0,연결감사보고서,연결,1,0,2,0,,적정,,2022년 12월 31일 까지 신우회계법인,4,감사의견근거|핵심감사사항|연결재무제표에 대한 경영진과 지배기구의 책임|연결재무제표감사에 대한 감사인의 책임
01335578,2024,(주)애니플러스,콘텐츠,591,20250327000729,1,연결감사보고서,연결,1,0,2,0,,적정,,2023년 12월 31일 까지 신우회계법인,4,감사의견근거|핵심감사사항|연결재무제표에 대한 경영진과 지배기구의 책임|연결재무제표감사에 대한 감사인의 책임
01335578,2025,(주)애니플러스,콘텐츠,591,20260323000867,0,연결감사보고서,연결,1,0,0,0,,적정,,2024년 12월 31일 까지 신우회계법인,4,감사의견근거|핵심감사사항|연결재무제표에 대한 경영진과 지배기구의 책임|연결재무제표감사에 대한 감사인의 책임
01338724,2020,주식회사 에스앤케이,게임,5821,,0,,,0,0,0,0,,,,,0,
01338724,2021,주식회사 에스앤케이,게임,5821,,0,,,0,0,0,0,,,,,0,
01338724,2022,주식회사 에스앤케이,게임,5821,,0,,,0,0,0,0,,,,,0,
01343735,2019,주식회사 데이드림엔터테인먼트,콘텐츠,591,20200820000176,0,감사보고서,별도,0,0,0,0,,적정,,,4,감사의견근거|기타사항|재무제표에 대한 경영진과 지배기구의 책임|재무제표감사에 대한 감사인의 책임
01343735,2020,주식회사 데이드림엔터테인먼트,콘텐츠,591,20210318000039,0,감사보고서,별도,0,0,0,1,"재무제표에 대한 주석20에 주의를 기울여야 할 필요가 있습니다. 재무제표에 대한 주석20은 2020년 12월 31일로 종료되는 보고기간에 영업손실 2,632백만원이 발생하였고, 재무제표일 현재 기업의 유동부채가 유동자산보다 2,512백만원 만큼 더 많음을 나타내고 있습니다. 주석20에서 기술된 바와 같이, 이러한 사건이나 상황은 주석20에서 설명하고 있는 다른 사항과 더불어 계속기업으로서의 존속능력에 유의적 의문을 제기할 만한 중요한 불확실성이 존재함을 나타냅니다. 우리의 의견은 이 사항으로부터 영향을 받지 아니합니다.",적정,,부터 2019년 12월 31일 까지 회계법인,4,감사의견근거|계속기업 관련 중요한 불확실성|재무제표에 대한 경영진과 지배기구의 책임|재무제표감사에 대한 감사인의 책임
01343735,2021,주식회사 데이드림엔터테인먼트,콘텐츠,591,20220318000173,0,감사보고서,별도,0,0,0,1,"재무제표에 대한 주석20에 주의를 기울여야 할 필요가 있습니다. 재무제표에 대한 주석20은 2021년 12월 31일로 종료되는 보고기간에 영업손실 1,937백만원이 발생하였고, 재무제표일 현재 기업의 유동부채가 유동자산보다 3,063백만원 만큼 더 많음을 나타내고 있습니다. 주석20에서 기술된 바와 같이, 이러한 사건이나 상황은 주석20에서 설명하고 있는 다른 사항과 더불어 계속기업으로서의 존속능력에 유의적 의문을 제기할 만한 중요한 불확실성이 존재함을 나타냅니다. 우리의 의견은 이 사항으로부터 영향을 받지 아니합니다.",적정,,부터 2020년 12월 31일 까지 회계법인,4,감사의견근거|계속기업 관련 중요한 불확실성|재무제표에 대한 경영진과 지배기구의 책임|재무제표감사에 대한 감사인의 책임
01343735,2022,주식회사 데이드림엔터테인먼트,콘텐츠,591,20230321000034,0,감사보고서,별도,0,0,0,1,"재무제표에 대한 주석20에 주의를 기울여야 할 필요가 있습니다. 재무제표에 대한 주석20은 2022년 12월 31일로 종료되는 보고기간에 영업손실 2,693백만원이 발생하였고, 재무제표일 현재 기업의 유동부채가 유동자산보다 3,404백만원 만큼 더 많음을 나타내고 있습니다. 주석20에서 기술된 바와 같이, 이러한 사건이나 상황은 주석20에서 설명하고 있는 다른 사항과 더불어 계속기업으로서의 존속능력에 유의적 의문을 제기할 만한 중요한 불확실성이 존재함을 나타냅니다. 우리의 의견은 이 사항으로부터 영향을 받지 아니합니다.",적정,,부터 2021년 12월 31일 까지 회계법인,4,감사의견근거|계속기업 관련 중요한 불확실성|재무제표에 대한 경영진과 지배기구의 책임|재무제표감사에 대한 감사인의 책임
01364297,2019,(주)코퍼스코리아,콘텐츠,591,20200327001053,0,감사보고서,별도,0,0,0,0,,적정,,2019년 12월 31일 까지 대현회계법인,3,감사의견근거|재무제표에 대한 경영진과 지배기구의 책임|재무제표감사에 대한 감사인의 책임
01364297,2020,(주)코퍼스코리아,콘텐츠,591,20210323000990,0,연결감사보고서,연결,1,0,1,0,,적정,,료되는 보고기간의 연결재무제표는 삼일회계법인,5,감사의견근거|핵심감사사항|기타사항|연결재무제표에 대한 경영진과 지배기구의 책임|연결재무제표감사에 대한 감사인의 책임
01364297,2021,(주)코퍼스코리아,콘텐츠,591,20220323001181,0,연결감사보고서,연결,1,0,1,0,,적정,,2020년 12월 31일 까지 대현회계법인,4,감사의견근거|핵심감사사항|연결재무제표에 대한 경영진과 지배기구의 책임|연결재무제표감사에 대한 감사인의 책임
01364297,2022,(주)코퍼스코리아,콘텐츠,591,20230323001406,0,연결감사보고서,연결,1,0,1,0,,적정,,일로 종료된 보고기간의 재무제표는 타회계법인,5,감사의견근거|핵심감사사항|기타사항|연결재무제표에 대한 경영진과 지배기구의 책임|연결재무제표감사에 대한 감사인의 책임
01364297,2023,(주)코퍼스코리아,콘텐츠,591,20240321001856,0,연결감사보고서,연결,1,0,1,0,,적정,,2022년 12월 31일 까지 이촌회계법인,4,감사의견근거|핵심감사사항|연결재무제표에 대한 경영진과 지배기구의 책임|연결재무제표감사에 대한 감사인의 책임
01364297,2024,(주)코퍼스코리아,콘텐츠,591,20250321000804,0,연결감사보고서,연결,1,0,1,0,,적정,,2023년 12월 31일 까지 이촌회계법인,4,감사의견근거|핵심감사사항|연결재무제표에 대한 경영진과 지배기구의 책임|연결재무제표감사에 대한 감사인의 책임
01364297,2025,(주)코퍼스코리아,콘텐츠,591,20260323001198,0,연결감사보고서,연결,1,0,1,0,,적정,,2024년 12월 31일 까지 이촌회계법인,5,감사의견근거|강조사항|핵심감사사항|연결재무제표에 대한 경영진과 지배기구의 책임|연결재무제표감사에 대한 감사인의 책임
01384787,2024,(주)시프트업,게임,58212,20250319000952,0,감사보고서,별도,1,0,0,0,,적정,,및 감사 투입시간은 전기감사인인 삼정회계법인,5,감사의견근거|기타사항|핵심감사사항|재무제표에 대한 경영진과 지배기구의 책임|재무제표감사에 대한 감사인의 책임
01384787,2025,(주)시프트업,게임,58212,20260318001672,0,연결감사보고서,연결,1,0,0,0,,적정,,,4,감사의견근거|핵심감사사항|연결재무제표에 대한 경영진과 지배기구의 책임|연결재무제표감사에 대한 감사인의 책임
01406265,2023,주식회사 와이랩,콘텐츠,591,20240321001165,0,연결감사보고서,연결,1,0,1,0,,적정,,료되는 보고기간의 연결재무제표는 안진회계법인,5,감사의견근거|핵심감사사항|기타사항|연결재무제표에 대한 경영진과 지배기구의 책임|연결재무제표감사에 대한 감사인의 책임
01406265,2024,주식회사 와이랩,콘텐츠,591,20250321001681,0,연결감사보고서,연결,1,0,1,0,,적정,,2023년 12월 31일 까지 삼도회계법인,4,감사의견근거|핵심감사사항|연결재무제표에 대한 경영진과 지배기구의 책임|연결재무제표감사에 대한 감사인의 책임
01406265,2025,주식회사 와이랩,콘텐츠,591,20260323000281,0,연결감사보고서,연결,1,0,1,0,,적정,,2024년 12월 31일 까지 삼도회계법인,4,감사의견근거|핵심감사사항|연결재무제표에 대한 경영진과 지배기구의 책임|연결재무제표감사에 대한 감사인의 책임
01416235,2020,고스트스튜디오(주),게임,58212,,0,,,0,0,0,0,,,,,0,
01416235,2021,고스트스튜디오(주),게임,58212,,0,,,0,0,0,0,,,,,0,
01416235,2022,고스트스튜디오(주),게임,58212,,0,,,0,0,0,0,,,,,0,
01416235,2023,고스트스튜디오(주),게임,58212,,0,,,0,0,0,0,,,,,0,
01416235,2024,고스트스튜디오(주),게임,58212,,0,,,0,0,0,0,,,,,0,
01416235,2025,고스트스튜디오(주),게임,58212,,0,,,0,0,0,0,,,,,0,
01467451,2023,(주)케이티밀리의서재,콘텐츠,581,20240320000696,0,감사보고서,별도,1,0,1,0,,적정,,2022년 12월 31일 까지 삼정회계법인,4,감사의견근거|핵심감사사항|재무제표에 대한 경영진과 지배기구의 책임|재무제표감사에 대한 감사인의 책임
01467451,2024,(주)케이티밀리의서재,콘텐츠,581,20250321000901,0,감사보고서,별도,1,0,1,0,,적정,,종료되는 보고기간의 재무제표 는 삼정회계법인,5,감사의견근거|핵심감사사항|기타사항|재무제표에 대한 경영진과 지배기구의 책임|재무제표감사에 대한 감사인의 책임
01467451,2025,(주)케이티밀리의서재,콘텐츠,581,20260323000748,0,감사보고서,별도,1,0,1,0,,적정,,2024년 12월 31일 까지 삼일회계법인,4,감사의견근거|핵심감사사항|재무제표에 대한 경영진과 지배기구의 책임|재무제표감사에 대한 감사인의 책임
01508855,2020,(주)블리츠웨이엔터테인먼트,콘텐츠,901,20210308000511,0,감사보고서,별도,1,0,1,0,,적정,,2020년 12월 31일 까지 한미회계법인,3,감사의견근거|핵심감사사항|재무제표감사에 대한 감사인의 책임
01508855,2021,(주)블리츠웨이엔터테인먼트,콘텐츠,901,20220323000789,0,감사보고서,별도,1,0,1,0,,적정,,2021년 12월 31일 까지 신우회계법인,6,기타사항|감사의견근거|강조사항|핵심감사사항|재무제표에 대한 경영진과 지배기구의 책임|재무제표감사에 대한 감사인의 책임
01508855,2022,(주)블리츠웨이엔터테인먼트,콘텐츠,901,20230323000948,0,연결감사보고서,연결,1,0,1,0,,적정,,2022년 12월 31일 까지 신우회계법인,5,감사의견근거|강조사항|핵심감사사항|연결재무제표에 대한 경영진과 지배기구의 책임|연결재무제표감사에 대한 감사인의 책임
01508855,2023,(주)블리츠웨이엔터테인먼트,콘텐츠,901,20240321000884,0,연결감사보고서,연결,1,0,1,0,,적정,,2022년 12월 31일 까지 신우회계법인,4,감사의견근거|핵심감사사항|연결재무제표에 대한 경영진과 지배기구의 책임|연결재무제표감사에 대한 감사인의 책임
01508855,2024,(주)블리츠웨이엔터테인먼트,콘텐츠,901,20250320001201,0,연결감사보고서,연결,1,0,1,0,,적정,,2023년 12월 31일 까지 신우회계법인,4,감사의견근거|핵심감사사항|연결재무제표에 대한 경영진과 지배기구의 책임|연결재무제표감사에 대한 감사인의 책임
01508855,2025,(주)블리츠웨이엔터테인먼트,콘텐츠,901,20260319001297,0,연결감사보고서,연결,1,0,1,0,,적정,,2024년 12월 31일 까지 신우회계법인,4,감사의견근거|핵심감사사항|연결재무제표에 대한 경영진과 지배기구의 책임|연결재무제표감사에 대한 감사인의 책임
01513699,2022,주식회사 포바이포,콘텐츠,59113,20230322001176,0,연결감사보고서,연결,1,0,0,0,,적정,,2022년 12월 31일 까지 신한회계법인,5,감사의견근거|핵심감사사항|기타사항|연결재무제표에 대한 경영진과 지배기구의 책임|연결재무제표감사에 대한 감사인의 책임
01513699,2023,주식회사 포바이포,콘텐츠,59113,20240321002016,0,연결감사보고서,연결,1,0,1,0,,적정,,2022년 12월 31일 까지 신한회계법인,4,감사의견근거|핵심감사사항|연결재무제표에 대한 경영진과 지배기구의 책임|연결재무제표감사에 대한 감사인의 책임
01513699,2024,주식회사 포바이포,콘텐츠,59113,20250321001782,0,연결감사보고서,연결,1,0,1,0,,적정,,2023년 12월 31일 까지 신한회계법인,4,감사의견근거|핵심감사사항|연결재무제표에 대한 경영진과 지배기구의 책임|연결재무제표감사에 대한 감사인의 책임
01513699,2025,주식회사 포바이포,콘텐츠,59113,20260320001166,0,연결감사보고서,연결,1,0,1,0,,적정,,,4,감사의견근거|핵심감사사항|연결재무제표에 대한 경영진과 지배기구의 책임|연결재무제표감사에 대한 감사인의 책임
01518506,2023,(주)타조이엔터테인먼트,콘텐츠,901,20241104000113,0,감사보고서,별도,0,0,0,0,,적정,,,3,감사의견근거|재무제표에 대한 경영진과 지배기구의 책임|재무제표감사에 대한 감사인의 책임
01518506,2024,(주)타조이엔터테인먼트,콘텐츠,901,20250319000477,0,감사보고서,별도,0,0,0,0,,적정,,,3,감사의견근거|재무제표에 대한 경영진과 지배기구의 책임|재무제표감사에 대한 감사인의 책임
01518506,2025,(주)타조이엔터테인먼트,콘텐츠,901,20260318000477,0,감사보고서,별도,0,0,0,0,,적정,,,3,감사의견근거|재무제표에 대한 경영진과 지배기구의 책임|재무제표감사에 대한 감사인의 책임
01584934,2022,(주)핑거스토리,콘텐츠,63991,20230316001168,0,감사보고서,별도,1,0,1,0,,적정,,2022년 12월 31일 까지 삼정회계법인,5,감사의견근거|핵심감사사항|기타사항|재무제표에 대한 경영진과 지배기구의 책임|재무제표감사에 대한 감사인의 책임
01584934,2023,(주)핑거스토리,콘텐츠,63991,20240314001059,0,감사보고서,별도,1,0,1,0,,적정,,2022년 12월 31일 까지 삼정회계법인,4,감사의견근거|핵심감사사항|재무제표에 대한 경영진과 지배기구의 책임|재무제표감사에 대한 감사인의 책임
01584934,2024,(주)핑거스토리,콘텐츠,63991,20250313000610,0,감사보고서,별도,1,0,1,0,,적정,,삼정회계법인,4,감사의견근거|핵심감사사항|재무제표에 대한 경영진과 지배기구의 책임|재무제표감사에 대한 감사인의 책임
01584934,2025,(주)핑거스토리,콘텐츠,63991,20260319000995,0,연결감사보고서,연결,1,0,1,0,,적정,,2024년 12월 31일 까지 삼정회계법인,4,감사의견근거|핵심감사사항|연결재무제표에 대한 경영진과 지배기구의 책임|연결재무제표감사에 대한 감사인의 책임
01605282,2024,(주)닷밀,콘텐츠,591,20250318001030,0,감사보고서,별도,1,0,2,0,,적정,,2024년 12월 31일 까지 삼덕회계법인,5,감사의견근거|핵심감사사항|기타사항|재무제표에 대한 경영진과 지배기구의 책임|재무제표감사에 대한 감사인의 책임
01605282,2025,(주)닷밀,콘텐츠,591,20260318000719,0,감사보고서,별도,1,0,2,0,,적정,,2024년 12월 31일 까지 삼덕회계법인,4,감사의견근거|핵심감사사항|재무제표에 대한 경영진과 지배기구의 책임|재무제표감사에 대한 감사인의 책임
01703849,2024,(주)노머스,콘텐츠,90199,20250321001223,0,연결감사보고서,연결,1,0,1,0,,적정,,,5,감사의견근거|핵심감사사항|기타사항|연결재무제표에 대한 경영진과 지배기구의 책임|연결재무제표감사에 대한 감사인의 책임
01703849,2025,(주)노머스,콘텐츠,90199,20260324001029,0,연결감사보고서,연결,1,0,1,0,,적정,,2025년 12월 31일 까지 삼덕회계법인,5,감사의견근거|핵심감사사항|기타사항|연결재무제표에 대한 경영진과 지배기구의 책임|연결재무제표감사에 대한 감사인의 책임
01704680,2024,(주)엠83,콘텐츠,59111,20250320001408,0,연결감사보고서,연결,1,0,1,0,,적정,,2024년 12월 31일 까지 신한회계법인,5,감사의견근거|핵심감사사항|기타사항|연결재무제표에 대한 경영진과 지배기구의 책임|재무제표감사에 대한 감사인의 책임
01704680,2025,(주)엠83,콘텐츠,59111,20260320000986,0,연결감사보고서,연결,1,0,1,0,,적정,,2024년 12월 31일 까지 신한회계법인,4,감사의견근거|핵심감사사항|연결재무제표에 대한 경영진과 지배기구의 책임|연결재무제표감사에 대한 감사인의 책임
